-- ============================================================
--  TESTING DATA - PT XYZ (Manufacture Sepeda)
--  Generated : 2026-06-04 17:11:23
--  Period    : 2026-04-27 to 2026-05-22
--
--  Usage:
--    mysql -u USER -p DATABASE < database/testing-data.sql
--
--  Login credentials: any email with password "password"
--  Owner accounts: leo@example.com, gilbert@example.com
-- ============================================================

SET NAMES utf8mb4;
SET FOREIGN_KEY_CHECKS = 0;

-- ------------------------------------------------------------
--  Table: `users` (21 rows)
-- ------------------------------------------------------------
TRUNCATE TABLE `users`;
INSERT INTO `users` (`id`, `name`, `email`, `email_verified_at`, `password`, `hourly_rate`, `two_factor_secret`, `two_factor_recovery_codes`, `two_factor_confirmed_at`, `remember_token`, `profile_photo_path`, `last_notifications_read_at`, `created_at`, `updated_at`) VALUES
(1, 'Leo', 'leo@example.com', '2026-06-04 17:11:23', '$2y$12$LQv3c1yqBo9SkvXJgDOR7eGxnLsKp0kbT5mE1V6dOyWX1bLwCE4MG', 150000, NULL, NULL, NULL, NULL, NULL, NULL, '2026-04-25 08:00:00', '2026-04-25 08:00:00'),
(2, 'Gilbert', 'gilbert@example.com', '2026-06-04 17:11:23', '$2y$12$LQv3c1yqBo9SkvXJgDOR7eGxnLsKp0kbT5mE1V6dOyWX1bLwCE4MG', 150000, NULL, NULL, NULL, NULL, NULL, NULL, '2026-04-25 08:00:00', '2026-04-25 08:00:00'),
(3, 'Aji', 'aji@example.com', '2026-06-04 17:11:23', '$2y$12$LQv3c1yqBo9SkvXJgDOR7eGxnLsKp0kbT5mE1V6dOyWX1bLwCE4MG', 75000, NULL, NULL, NULL, NULL, NULL, NULL, '2026-04-25 08:00:00', '2026-04-25 08:00:00'),
(4, 'Mario', 'mario@example.com', '2026-06-04 17:11:23', '$2y$12$LQv3c1yqBo9SkvXJgDOR7eGxnLsKp0kbT5mE1V6dOyWX1bLwCE4MG', 75000, NULL, NULL, NULL, NULL, NULL, NULL, '2026-04-25 08:00:00', '2026-04-25 08:00:00'),
(5, 'Grace', 'grace@example.com', '2026-06-04 17:11:23', '$2y$12$LQv3c1yqBo9SkvXJgDOR7eGxnLsKp0kbT5mE1V6dOyWX1bLwCE4MG', 75000, NULL, NULL, NULL, NULL, NULL, NULL, '2026-04-25 08:00:00', '2026-04-25 08:00:00'),
(6, 'Alief', 'alief@example.com', '2026-06-04 17:11:23', '$2y$12$LQv3c1yqBo9SkvXJgDOR7eGxnLsKp0kbT5mE1V6dOyWX1bLwCE4MG', 75000, NULL, NULL, NULL, NULL, NULL, NULL, '2026-04-25 08:00:00', '2026-04-25 08:00:00'),
(7, 'Vincent', 'vincent@example.com', '2026-06-04 17:11:23', '$2y$12$LQv3c1yqBo9SkvXJgDOR7eGxnLsKp0kbT5mE1V6dOyWX1bLwCE4MG', 75000, NULL, NULL, NULL, NULL, NULL, NULL, '2026-04-25 08:00:00', '2026-04-25 08:00:00'),
(8, 'Stanley', 'stanley@example.com', '2026-06-04 17:11:23', '$2y$12$LQv3c1yqBo9SkvXJgDOR7eGxnLsKp0kbT5mE1V6dOyWX1bLwCE4MG', 75000, NULL, NULL, NULL, NULL, NULL, NULL, '2026-04-25 08:00:00', '2026-04-25 08:00:00'),
(9, 'Moses', 'moses@example.com', '2026-06-04 17:11:23', '$2y$12$LQv3c1yqBo9SkvXJgDOR7eGxnLsKp0kbT5mE1V6dOyWX1bLwCE4MG', 75000, NULL, NULL, NULL, NULL, NULL, NULL, '2026-04-25 08:00:00', '2026-04-25 08:00:00'),
(10, 'Stefanie', 'stefanie@example.com', '2026-06-04 17:11:23', '$2y$12$LQv3c1yqBo9SkvXJgDOR7eGxnLsKp0kbT5mE1V6dOyWX1bLwCE4MG', 75000, NULL, NULL, NULL, NULL, NULL, NULL, '2026-04-25 08:00:00', '2026-04-25 08:00:00'),
(11, 'Andry', 'andry@example.com', '2026-06-04 17:11:23', '$2y$12$LQv3c1yqBo9SkvXJgDOR7eGxnLsKp0kbT5mE1V6dOyWX1bLwCE4MG', 75000, NULL, NULL, NULL, NULL, NULL, NULL, '2026-04-25 08:00:00', '2026-04-25 08:00:00'),
(12, 'Gita', 'gita@example.com', '2026-06-04 17:11:23', '$2y$12$LQv3c1yqBo9SkvXJgDOR7eGxnLsKp0kbT5mE1V6dOyWX1bLwCE4MG', 75000, NULL, NULL, NULL, NULL, NULL, NULL, '2026-04-25 08:00:00', '2026-04-25 08:00:00'),
(13, 'Justin', 'justin@example.com', '2026-06-04 17:11:23', '$2y$12$LQv3c1yqBo9SkvXJgDOR7eGxnLsKp0kbT5mE1V6dOyWX1bLwCE4MG', 75000, NULL, NULL, NULL, NULL, NULL, NULL, '2026-04-25 08:00:00', '2026-04-25 08:00:00'),
(14, 'Charlie', 'charlie@example.com', '2026-06-04 17:11:23', '$2y$12$LQv3c1yqBo9SkvXJgDOR7eGxnLsKp0kbT5mE1V6dOyWX1bLwCE4MG', 75000, NULL, NULL, NULL, NULL, NULL, NULL, '2026-04-25 08:00:00', '2026-04-25 08:00:00'),
(15, 'Frans', 'frans@example.com', '2026-06-04 17:11:23', '$2y$12$LQv3c1yqBo9SkvXJgDOR7eGxnLsKp0kbT5mE1V6dOyWX1bLwCE4MG', 75000, NULL, NULL, NULL, NULL, NULL, NULL, '2026-04-25 08:00:00', '2026-04-25 08:00:00'),
(16, 'Audi', 'audi@example.com', '2026-06-04 17:11:23', '$2y$12$LQv3c1yqBo9SkvXJgDOR7eGxnLsKp0kbT5mE1V6dOyWX1bLwCE4MG', 75000, NULL, NULL, NULL, NULL, NULL, NULL, '2026-04-25 08:00:00', '2026-04-25 08:00:00'),
(17, 'Mira', 'mira@example.com', '2026-06-04 17:11:23', '$2y$12$LQv3c1yqBo9SkvXJgDOR7eGxnLsKp0kbT5mE1V6dOyWX1bLwCE4MG', 75000, NULL, NULL, NULL, NULL, NULL, NULL, '2026-04-25 08:00:00', '2026-04-25 08:00:00'),
(18, 'Clarissa', 'clarissa@example.com', '2026-06-04 17:11:23', '$2y$12$LQv3c1yqBo9SkvXJgDOR7eGxnLsKp0kbT5mE1V6dOyWX1bLwCE4MG', 75000, NULL, NULL, NULL, NULL, NULL, NULL, '2026-04-25 08:00:00', '2026-04-25 08:00:00'),
(19, 'Danny', 'danny@example.com', '2026-06-04 17:11:23', '$2y$12$LQv3c1yqBo9SkvXJgDOR7eGxnLsKp0kbT5mE1V6dOyWX1bLwCE4MG', 75000, NULL, NULL, NULL, NULL, NULL, NULL, '2026-04-25 08:00:00', '2026-04-25 08:00:00'),
(20, 'Nicko', 'nicko@example.com', '2026-06-04 17:11:23', '$2y$12$LQv3c1yqBo9SkvXJgDOR7eGxnLsKp0kbT5mE1V6dOyWX1bLwCE4MG', 75000, NULL, NULL, NULL, NULL, NULL, NULL, '2026-04-25 08:00:00', '2026-04-25 08:00:00'),
(21, 'Amel', 'amel@example.com', '2026-06-04 17:11:23', '$2y$12$LQv3c1yqBo9SkvXJgDOR7eGxnLsKp0kbT5mE1V6dOyWX1bLwCE4MG', 75000, NULL, NULL, NULL, NULL, NULL, NULL, '2026-04-25 08:00:00', '2026-04-25 08:00:00');


-- ------------------------------------------------------------
--  Table: `workspaces` (1 rows)
-- ------------------------------------------------------------
TRUNCATE TABLE `workspaces`;
INSERT INTO `workspaces` (`id`, `name`, `slug`, `color`, `is_personal`, `created_at`, `updated_at`, `deleted_at`) VALUES
(1, 'MIS Department', 'mis-department', '#6366F1', 0, '2026-04-25 08:00:00', '2026-04-25 08:00:00', NULL);


-- ------------------------------------------------------------
--  Table: `workspace_members` (21 rows)
-- ------------------------------------------------------------
TRUNCATE TABLE `workspace_members`;
INSERT INTO `workspace_members` (`id`, `workspace_id`, `user_id`, `role`, `created_at`, `updated_at`) VALUES
(1, 1, 1, 'owner', '2026-04-25 08:00:00', '2026-04-25 08:00:00'),
(2, 1, 2, 'owner', '2026-04-25 08:00:00', '2026-04-25 08:00:00'),
(3, 1, 3, 'member', '2026-04-25 08:00:00', '2026-04-25 08:00:00'),
(4, 1, 4, 'member', '2026-04-25 08:00:00', '2026-04-25 08:00:00'),
(5, 1, 5, 'member', '2026-04-25 08:00:00', '2026-04-25 08:00:00'),
(6, 1, 6, 'member', '2026-04-25 08:00:00', '2026-04-25 08:00:00'),
(7, 1, 7, 'member', '2026-04-25 08:00:00', '2026-04-25 08:00:00'),
(8, 1, 8, 'member', '2026-04-25 08:00:00', '2026-04-25 08:00:00'),
(9, 1, 9, 'member', '2026-04-25 08:00:00', '2026-04-25 08:00:00'),
(10, 1, 10, 'member', '2026-04-25 08:00:00', '2026-04-25 08:00:00'),
(11, 1, 11, 'member', '2026-04-25 08:00:00', '2026-04-25 08:00:00'),
(12, 1, 12, 'member', '2026-04-25 08:00:00', '2026-04-25 08:00:00'),
(13, 1, 13, 'member', '2026-04-25 08:00:00', '2026-04-25 08:00:00'),
(14, 1, 14, 'member', '2026-04-25 08:00:00', '2026-04-25 08:00:00'),
(15, 1, 15, 'member', '2026-04-25 08:00:00', '2026-04-25 08:00:00'),
(16, 1, 16, 'member', '2026-04-25 08:00:00', '2026-04-25 08:00:00'),
(17, 1, 17, 'member', '2026-04-25 08:00:00', '2026-04-25 08:00:00'),
(18, 1, 18, 'member', '2026-04-25 08:00:00', '2026-04-25 08:00:00'),
(19, 1, 19, 'member', '2026-04-25 08:00:00', '2026-04-25 08:00:00'),
(20, 1, 20, 'member', '2026-04-25 08:00:00', '2026-04-25 08:00:00'),
(21, 1, 21, 'member', '2026-04-25 08:00:00', '2026-04-25 08:00:00');


-- ------------------------------------------------------------
--  Table: `spaces` (4 rows)
-- ------------------------------------------------------------
TRUNCATE TABLE `spaces`;
INSERT INTO `spaces` (`id`, `workspace_id`, `name`, `slug`, `color`, `position`, `created_by`, `created_at`, `updated_at`, `deleted_at`) VALUES
(1, 1, 'Manufacture', 'manufacture', '#F97316', 0, 1, '2026-04-25 08:00:00', '2026-04-25 08:00:00', NULL),
(2, 1, 'B2B', 'b2b', '#3B82F6', 1, 1, '2026-04-25 08:00:00', '2026-04-25 08:00:00', NULL),
(3, 1, 'B2C', 'b2c', '#10B981', 2, 1, '2026-04-25 08:00:00', '2026-04-25 08:00:00', NULL),
(4, 1, 'Data', 'data', '#8B5CF6', 3, 1, '2026-04-25 08:00:00', '2026-04-25 08:00:00', NULL);


-- ------------------------------------------------------------
--  Table: `space_members` (28 rows)
-- ------------------------------------------------------------
TRUNCATE TABLE `space_members`;
INSERT INTO `space_members` (`id`, `space_id`, `user_id`, `role`, `created_at`, `updated_at`) VALUES
(1, 1, 1, 'admin', '2026-04-25 08:00:00', '2026-04-25 08:00:00'),
(2, 1, 2, 'admin', '2026-04-25 08:00:00', '2026-04-25 08:00:00'),
(3, 1, 3, 'member', '2026-04-25 08:00:00', '2026-04-25 08:00:00'),
(4, 1, 4, 'member', '2026-04-25 08:00:00', '2026-04-25 08:00:00'),
(5, 1, 5, 'member', '2026-04-25 08:00:00', '2026-04-25 08:00:00'),
(6, 1, 6, 'member', '2026-04-25 08:00:00', '2026-04-25 08:00:00'),
(7, 2, 1, 'admin', '2026-04-25 08:00:00', '2026-04-25 08:00:00'),
(8, 2, 2, 'admin', '2026-04-25 08:00:00', '2026-04-25 08:00:00'),
(9, 2, 7, 'member', '2026-04-25 08:00:00', '2026-04-25 08:00:00'),
(10, 2, 8, 'member', '2026-04-25 08:00:00', '2026-04-25 08:00:00'),
(11, 2, 9, 'member', '2026-04-25 08:00:00', '2026-04-25 08:00:00'),
(12, 2, 10, 'member', '2026-04-25 08:00:00', '2026-04-25 08:00:00'),
(13, 3, 1, 'admin', '2026-04-25 08:00:00', '2026-04-25 08:00:00'),
(14, 3, 2, 'admin', '2026-04-25 08:00:00', '2026-04-25 08:00:00'),
(15, 3, 11, 'member', '2026-04-25 08:00:00', '2026-04-25 08:00:00'),
(16, 3, 12, 'member', '2026-04-25 08:00:00', '2026-04-25 08:00:00'),
(17, 3, 13, 'member', '2026-04-25 08:00:00', '2026-04-25 08:00:00'),
(18, 3, 14, 'member', '2026-04-25 08:00:00', '2026-04-25 08:00:00'),
(19, 3, 15, 'member', '2026-04-25 08:00:00', '2026-04-25 08:00:00'),
(20, 3, 16, 'member', '2026-04-25 08:00:00', '2026-04-25 08:00:00'),
(21, 4, 1, 'admin', '2026-04-25 08:00:00', '2026-04-25 08:00:00'),
(22, 4, 2, 'admin', '2026-04-25 08:00:00', '2026-04-25 08:00:00'),
(23, 4, 17, 'member', '2026-04-25 08:00:00', '2026-04-25 08:00:00'),
(24, 4, 18, 'member', '2026-04-25 08:00:00', '2026-04-25 08:00:00'),
(25, 4, 8, 'member', '2026-04-25 08:00:00', '2026-04-25 08:00:00'),
(26, 4, 19, 'member', '2026-04-25 08:00:00', '2026-04-25 08:00:00'),
(27, 4, 20, 'member', '2026-04-25 08:00:00', '2026-04-25 08:00:00'),
(28, 4, 21, 'member', '2026-04-25 08:00:00', '2026-04-25 08:00:00');


-- ------------------------------------------------------------
--  Table: `statuses` (20 rows)
-- ------------------------------------------------------------
TRUNCATE TABLE `statuses`;
INSERT INTO `statuses` (`id`, `space_id`, `name`, `slug`, `color`, `type`, `applies_to`, `position`, `is_default`, `is_closed`, `created_at`, `updated_at`) VALUES
(1, 1, 'Backlog', 'backlog', '#6B7280', 'open', 'both', 0, 0, 0, '2026-04-25 08:00:00', '2026-04-25 08:00:00'),
(2, 1, 'To Do', 'to-do', '#3B82F6', 'open', 'both', 1, 1, 0, '2026-04-25 08:00:00', '2026-04-25 08:00:00'),
(3, 1, 'In Progress', 'in-progress', '#F59E0B', 'in_progress', 'both', 2, 0, 0, '2026-04-25 08:00:00', '2026-04-25 08:00:00'),
(4, 1, 'Review', 'review', '#8B5CF6', 'review', 'both', 3, 0, 0, '2026-04-25 08:00:00', '2026-04-25 08:00:00'),
(5, 1, 'Done', 'done', '#10B981', 'closed', 'both', 4, 0, 1, '2026-04-25 08:00:00', '2026-04-25 08:00:00'),
(6, 2, 'Backlog', 'backlog', '#6B7280', 'open', 'both', 0, 0, 0, '2026-04-25 08:00:00', '2026-04-25 08:00:00'),
(7, 2, 'To Do', 'to-do', '#3B82F6', 'open', 'both', 1, 1, 0, '2026-04-25 08:00:00', '2026-04-25 08:00:00'),
(8, 2, 'In Progress', 'in-progress', '#F59E0B', 'in_progress', 'both', 2, 0, 0, '2026-04-25 08:00:00', '2026-04-25 08:00:00'),
(9, 2, 'Review', 'review', '#8B5CF6', 'review', 'both', 3, 0, 0, '2026-04-25 08:00:00', '2026-04-25 08:00:00'),
(10, 2, 'Done', 'done', '#10B981', 'closed', 'both', 4, 0, 1, '2026-04-25 08:00:00', '2026-04-25 08:00:00'),
(11, 3, 'Backlog', 'backlog', '#6B7280', 'open', 'both', 0, 0, 0, '2026-04-25 08:00:00', '2026-04-25 08:00:00'),
(12, 3, 'To Do', 'to-do', '#3B82F6', 'open', 'both', 1, 1, 0, '2026-04-25 08:00:00', '2026-04-25 08:00:00'),
(13, 3, 'In Progress', 'in-progress', '#F59E0B', 'in_progress', 'both', 2, 0, 0, '2026-04-25 08:00:00', '2026-04-25 08:00:00'),
(14, 3, 'Review', 'review', '#8B5CF6', 'review', 'both', 3, 0, 0, '2026-04-25 08:00:00', '2026-04-25 08:00:00'),
(15, 3, 'Done', 'done', '#10B981', 'closed', 'both', 4, 0, 1, '2026-04-25 08:00:00', '2026-04-25 08:00:00'),
(16, 4, 'Backlog', 'backlog', '#6B7280', 'open', 'both', 0, 0, 0, '2026-04-25 08:00:00', '2026-04-25 08:00:00'),
(17, 4, 'To Do', 'to-do', '#3B82F6', 'open', 'both', 1, 1, 0, '2026-04-25 08:00:00', '2026-04-25 08:00:00'),
(18, 4, 'In Progress', 'in-progress', '#F59E0B', 'in_progress', 'both', 2, 0, 0, '2026-04-25 08:00:00', '2026-04-25 08:00:00'),
(19, 4, 'Review', 'review', '#8B5CF6', 'review', 'both', 3, 0, 0, '2026-04-25 08:00:00', '2026-04-25 08:00:00'),
(20, 4, 'Done', 'done', '#10B981', 'closed', 'both', 4, 0, 1, '2026-04-25 08:00:00', '2026-04-25 08:00:00');


-- ------------------------------------------------------------
--  Table: `labels` (10 rows)
-- ------------------------------------------------------------
TRUNCATE TABLE `labels`;
INSERT INTO `labels` (`id`, `workspace_id`, `space_id`, `name`, `color`, `description`, `created_at`, `updated_at`) VALUES
(1, 1, NULL, 'Bug', '#EF4444', NULL, '2026-04-25 08:00:00', '2026-04-25 08:00:00'),
(2, 1, NULL, 'Feature', '#3B82F6', NULL, '2026-04-25 08:00:00', '2026-04-25 08:00:00'),
(3, 1, NULL, 'Enhancement', '#10B981', NULL, '2026-04-25 08:00:00', '2026-04-25 08:00:00'),
(4, 1, NULL, 'Documentation', '#6B7280', NULL, '2026-04-25 08:00:00', '2026-04-25 08:00:00'),
(5, 1, NULL, 'UI/UX', '#8B5CF6', NULL, '2026-04-25 08:00:00', '2026-04-25 08:00:00'),
(6, 1, NULL, 'Refactor', '#F59E0B', NULL, '2026-04-25 08:00:00', '2026-04-25 08:00:00'),
(7, 1, NULL, 'Security', '#DC2626', NULL, '2026-04-25 08:00:00', '2026-04-25 08:00:00'),
(8, 1, NULL, 'Performance', '#0EA5E9', NULL, '2026-04-25 08:00:00', '2026-04-25 08:00:00'),
(9, 1, NULL, 'API', '#14B8A6', NULL, '2026-04-25 08:00:00', '2026-04-25 08:00:00'),
(10, 1, NULL, 'AI/ML', '#A855F7', NULL, '2026-04-25 08:00:00', '2026-04-25 08:00:00');


-- ------------------------------------------------------------
--  Table: `folders` (9 rows)
-- ------------------------------------------------------------
TRUNCATE TABLE `folders`;
INSERT INTO `folders` (`id`, `space_id`, `parent_id`, `name`, `slug`, `description`, `color`, `is_hidden`, `position`, `created_by`, `created_at`, `updated_at`, `deleted_at`) VALUES
(1, 1, NULL, 'Product Monitoring', 'product-monitoring', NULL, '#EF4444', 0, 0, 1, '2026-04-25 08:00:00', '2026-04-25 08:00:00', NULL),
(2, 1, NULL, 'Planning & Stock', 'planning-stock', NULL, '#F97316', 0, 1, 1, '2026-04-25 08:00:00', '2026-04-25 08:00:00', NULL),
(3, 2, NULL, 'Finance & Invoicing', 'finance-invoicing', NULL, '#3B82F6', 0, 0, 1, '2026-04-25 08:00:00', '2026-04-25 08:00:00', NULL),
(4, 2, NULL, 'Operations', 'operations', NULL, '#0EA5E9', 0, 1, 1, '2026-04-25 08:00:00', '2026-04-25 08:00:00', NULL),
(5, 3, NULL, 'E-Commerce', 'e-commerce', NULL, '#10B981', 0, 0, 1, '2026-04-25 08:00:00', '2026-04-25 08:00:00', NULL),
(6, 3, NULL, 'Bike Services', 'bike-services', NULL, '#14B8A6', 0, 1, 1, '2026-04-25 08:00:00', '2026-04-25 08:00:00', NULL),
(7, 3, NULL, 'Customer Engagement', 'customer-engagement', NULL, '#8B5CF6', 0, 2, 1, '2026-04-25 08:00:00', '2026-04-25 08:00:00', NULL),
(8, 4, NULL, 'AI & ML', 'ai-ml', NULL, '#A855F7', 0, 0, 1, '2026-04-25 08:00:00', '2026-04-25 08:00:00', NULL),
(9, 4, NULL, 'Catalog Intelligence', 'catalog-intelligence', NULL, '#6366F1', 0, 1, 1, '2026-04-25 08:00:00', '2026-04-25 08:00:00', NULL);


-- ------------------------------------------------------------
--  Table: `projects` (23 rows)
-- ------------------------------------------------------------
TRUNCATE TABLE `projects`;
INSERT INTO `projects` (`id`, `space_id`, `folder_id`, `status_id`, `name`, `slug`, `description`, `color`, `icon`, `is_archived`, `position`, `settings`, `created_by`, `created_at`, `updated_at`, `deleted_at`) VALUES
(1, 1, 2, 3, 'MRP Forecast Simulation', 'mrp-forecast-simulation', NULL, NULL, NULL, 0, 0, NULL, 1, '2026-04-25 09:00:00', '2026-04-25 09:00:00', NULL),
(2, 1, 1, 1, 'Product Monitor - Frame Number Management', 'product-monitor-frame-number-management', NULL, NULL, NULL, 0, 0, NULL, 1, '2026-04-25 09:00:00', '2026-04-25 09:00:00', NULL),
(3, 1, 1, 3, 'Product Monitor - Scan Bike Part Serial Number', 'product-monitor-scan-bike-part-serial-number', NULL, NULL, NULL, 0, 1, NULL, 1, '2026-04-25 09:00:00', '2026-04-25 09:00:00', NULL),
(4, 1, 2, 3, 'Promotion Stock Management', 'promotion-stock-management', NULL, NULL, NULL, 0, 1, NULL, 1, '2026-04-25 09:00:00', '2026-04-25 09:00:00', NULL),
(5, 2, 3, 8, 'Vendor Invoicing and Automatic MIRO', 'vendor-invoicing-and-automatic-miro', NULL, NULL, NULL, 0, 0, NULL, 1, '2026-04-25 09:00:00', '2026-04-25 09:00:00', NULL),
(6, 2, 4, 9, 'Booking & Bidding Shipment for Vendor Freight Forwarder', 'booking-bidding-shipment-for-vendor-freight-forwarder', NULL, NULL, NULL, 0, 0, NULL, 1, '2026-04-25 09:00:00', '2026-04-25 09:00:00', NULL),
(7, 2, 3, 8, 'Invoice Process Automation', 'invoice-process-automation', NULL, NULL, NULL, 0, 1, NULL, 1, '2026-04-25 09:00:00', '2026-04-25 09:00:00', NULL),
(8, 2, 4, 8, 'Sales Reps Dashboard', 'sales-reps-dashboard', NULL, NULL, NULL, 0, 1, NULL, 1, '2026-04-25 09:00:00', '2026-04-25 09:00:00', NULL),
(9, 2, 4, 6, 'Applicant Recruitment Agentic AI', 'applicant-recruitment-agentic-ai', NULL, NULL, NULL, 0, 2, NULL, 1, '2026-04-25 09:00:00', '2026-04-25 09:00:00', NULL),
(10, 3, 5, 13, 'Bike & PAA Catalog Journey Revamp', 'bike-paa-catalog-journey-revamp', NULL, NULL, NULL, 0, 0, NULL, 1, '2026-04-25 09:00:00', '2026-04-25 09:00:00', NULL),
(11, 3, 5, 13, 'AI E-Commerce Product Recommendation', 'ai-e-commerce-product-recommendation', NULL, NULL, NULL, 0, 1, NULL, 1, '2026-04-25 09:00:00', '2026-04-25 09:00:00', NULL),
(12, 3, 5, 14, 'AI Up-selling, Cross-selling, Re-selling', 'ai-up-selling-cross-selling-re-selling', NULL, NULL, NULL, 0, 2, NULL, 1, '2026-04-25 09:00:00', '2026-04-25 09:00:00', NULL),
(13, 3, 5, 14, 'B2C x POS x Marketplace - Realtime Stock Integration', 'b2c-x-pos-x-marketplace-realtime-stock-integration', NULL, NULL, NULL, 0, 3, NULL, 1, '2026-04-25 09:00:00', '2026-04-25 09:00:00', NULL),
(14, 3, 6, 11, 'Bike Fitting Integration', 'bike-fitting-integration', NULL, NULL, NULL, 0, 0, NULL, 1, '2026-04-25 09:00:00', '2026-04-25 09:00:00', NULL),
(15, 3, 6, 14, 'Bike Service Booking', 'bike-service-booking', NULL, NULL, NULL, 0, 1, NULL, 1, '2026-04-25 09:00:00', '2026-04-25 09:00:00', NULL),
(16, 3, 6, 14, 'Click & Collect', 'click-collect', NULL, NULL, NULL, 0, 2, NULL, 1, '2026-04-25 09:00:00', '2026-04-25 09:00:00', NULL),
(17, 3, 5, 13, 'E-commerce Product Description Generation', 'e-commerce-product-description-generation', NULL, NULL, NULL, 0, 4, NULL, 1, '2026-04-25 09:00:00', '2026-04-25 09:00:00', NULL),
(18, 3, 7, 14, 'Membership - Referral Program & Remake', 'membership-referral-program-remake', NULL, NULL, NULL, 0, 0, NULL, 1, '2026-04-25 09:00:00', '2026-04-25 09:00:00', NULL),
(19, 3, 7, 13, 'Net Promoter Score', 'net-promoter-score', NULL, NULL, NULL, 0, 1, NULL, 1, '2026-04-25 09:00:00', '2026-04-25 09:00:00', NULL),
(20, 3, 6, 13, 'Test Ride Booking', 'test-ride-booking', NULL, NULL, NULL, 0, 3, NULL, 1, '2026-04-25 09:00:00', '2026-04-25 09:00:00', NULL),
(21, 4, 8, 18, 'AI Customer Service', 'ai-customer-service', NULL, NULL, NULL, 0, 0, NULL, 1, '2026-04-25 09:00:00', '2026-04-25 09:00:00', NULL),
(22, 4, 9, 18, 'Catalog Search Correction & Suggestion', 'catalog-search-correction-suggestion', NULL, NULL, NULL, 0, 0, NULL, 1, '2026-04-25 09:00:00', '2026-04-25 09:00:00', NULL),
(23, 4, 9, 16, 'Catalog Bike Recommendation based on Dealer', 'catalog-bike-recommendation-based-on-dealer', NULL, NULL, NULL, 0, 1, NULL, 1, '2026-04-25 09:00:00', '2026-04-25 09:00:00', NULL);


-- ------------------------------------------------------------
--  Table: `project_members` (153 rows)
-- ------------------------------------------------------------
TRUNCATE TABLE `project_members`;
INSERT INTO `project_members` (`id`, `project_id`, `user_id`, `role`, `created_at`, `updated_at`) VALUES
(1, 1, 1, 'project_owner', '2026-04-25 09:00:00', '2026-04-25 09:00:00'),
(2, 1, 4, 'project_manager', '2026-04-25 09:00:00', '2026-04-25 09:00:00'),
(3, 1, 3, 'development_team', '2026-04-25 09:00:00', '2026-04-25 09:00:00'),
(4, 1, 5, 'development_team', '2026-04-25 09:00:00', '2026-04-25 09:00:00'),
(5, 1, 6, 'development_team', '2026-04-25 09:00:00', '2026-04-25 09:00:00'),
(6, 2, 1, 'project_owner', '2026-04-25 09:00:00', '2026-04-25 09:00:00'),
(7, 2, 3, 'project_manager', '2026-04-25 09:00:00', '2026-04-25 09:00:00'),
(8, 2, 4, 'development_team', '2026-04-25 09:00:00', '2026-04-25 09:00:00'),
(9, 2, 5, 'development_team', '2026-04-25 09:00:00', '2026-04-25 09:00:00'),
(10, 2, 6, 'development_team', '2026-04-25 09:00:00', '2026-04-25 09:00:00'),
(11, 2, 2, 'project_manager', '2026-04-25 09:00:00', '2026-04-25 09:00:00'),
(12, 3, 1, 'project_owner', '2026-04-25 09:00:00', '2026-04-25 09:00:00'),
(13, 3, 4, 'project_manager', '2026-04-25 09:00:00', '2026-04-25 09:00:00'),
(14, 3, 3, 'development_team', '2026-04-25 09:00:00', '2026-04-25 09:00:00'),
(15, 3, 5, 'development_team', '2026-04-25 09:00:00', '2026-04-25 09:00:00'),
(16, 3, 6, 'development_team', '2026-04-25 09:00:00', '2026-04-25 09:00:00'),
(17, 4, 1, 'project_owner', '2026-04-25 09:00:00', '2026-04-25 09:00:00'),
(18, 4, 4, 'project_manager', '2026-04-25 09:00:00', '2026-04-25 09:00:00'),
(19, 4, 3, 'development_team', '2026-04-25 09:00:00', '2026-04-25 09:00:00'),
(20, 4, 5, 'development_team', '2026-04-25 09:00:00', '2026-04-25 09:00:00'),
(21, 4, 6, 'development_team', '2026-04-25 09:00:00', '2026-04-25 09:00:00'),
(22, 4, 2, 'project_manager', '2026-04-25 09:00:00', '2026-04-25 09:00:00'),
(23, 5, 1, 'project_owner', '2026-04-25 09:00:00', '2026-04-25 09:00:00'),
(24, 5, 10, 'project_manager', '2026-04-25 09:00:00', '2026-04-25 09:00:00'),
(25, 5, 7, 'development_team', '2026-04-25 09:00:00', '2026-04-25 09:00:00'),
(26, 5, 8, 'development_team', '2026-04-25 09:00:00', '2026-04-25 09:00:00'),
(27, 5, 9, 'development_team', '2026-04-25 09:00:00', '2026-04-25 09:00:00'),
(28, 5, 2, 'project_manager', '2026-04-25 09:00:00', '2026-04-25 09:00:00'),
(29, 6, 1, 'project_owner', '2026-04-25 09:00:00', '2026-04-25 09:00:00'),
(30, 6, 9, 'project_manager', '2026-04-25 09:00:00', '2026-04-25 09:00:00'),
(31, 6, 7, 'development_team', '2026-04-25 09:00:00', '2026-04-25 09:00:00'),
(32, 6, 8, 'development_team', '2026-04-25 09:00:00', '2026-04-25 09:00:00'),
(33, 6, 10, 'development_team', '2026-04-25 09:00:00', '2026-04-25 09:00:00'),
(34, 7, 1, 'project_owner', '2026-04-25 09:00:00', '2026-04-25 09:00:00'),
(35, 7, 7, 'project_manager', '2026-04-25 09:00:00', '2026-04-25 09:00:00'),
(36, 7, 8, 'development_team', '2026-04-25 09:00:00', '2026-04-25 09:00:00'),
(37, 7, 9, 'development_team', '2026-04-25 09:00:00', '2026-04-25 09:00:00'),
(38, 7, 10, 'development_team', '2026-04-25 09:00:00', '2026-04-25 09:00:00'),
(39, 8, 1, 'project_owner', '2026-04-25 09:00:00', '2026-04-25 09:00:00'),
(40, 8, 8, 'project_manager', '2026-04-25 09:00:00', '2026-04-25 09:00:00'),
(41, 8, 7, 'development_team', '2026-04-25 09:00:00', '2026-04-25 09:00:00'),
(42, 8, 9, 'development_team', '2026-04-25 09:00:00', '2026-04-25 09:00:00'),
(43, 8, 10, 'development_team', '2026-04-25 09:00:00', '2026-04-25 09:00:00'),
(44, 8, 2, 'project_manager', '2026-04-25 09:00:00', '2026-04-25 09:00:00'),
(45, 9, 1, 'project_owner', '2026-04-25 09:00:00', '2026-04-25 09:00:00'),
(46, 9, 8, 'project_manager', '2026-04-25 09:00:00', '2026-04-25 09:00:00'),
(47, 9, 7, 'development_team', '2026-04-25 09:00:00', '2026-04-25 09:00:00'),
(48, 9, 9, 'development_team', '2026-04-25 09:00:00', '2026-04-25 09:00:00'),
(49, 9, 10, 'development_team', '2026-04-25 09:00:00', '2026-04-25 09:00:00'),
(50, 9, 2, 'project_manager', '2026-04-25 09:00:00', '2026-04-25 09:00:00'),
(51, 10, 1, 'project_owner', '2026-04-25 09:00:00', '2026-04-25 09:00:00'),
(52, 10, 13, 'project_manager', '2026-04-25 09:00:00', '2026-04-25 09:00:00'),
(53, 10, 11, 'development_team', '2026-04-25 09:00:00', '2026-04-25 09:00:00'),
(54, 10, 12, 'development_team', '2026-04-25 09:00:00', '2026-04-25 09:00:00'),
(55, 10, 14, 'development_team', '2026-04-25 09:00:00', '2026-04-25 09:00:00'),
(56, 10, 15, 'development_team', '2026-04-25 09:00:00', '2026-04-25 09:00:00'),
(57, 10, 16, 'development_team', '2026-04-25 09:00:00', '2026-04-25 09:00:00'),
(58, 10, 2, 'project_manager', '2026-04-25 09:00:00', '2026-04-25 09:00:00'),
(59, 11, 1, 'project_owner', '2026-04-25 09:00:00', '2026-04-25 09:00:00'),
(60, 11, 16, 'project_manager', '2026-04-25 09:00:00', '2026-04-25 09:00:00'),
(61, 11, 11, 'development_team', '2026-04-25 09:00:00', '2026-04-25 09:00:00'),
(62, 11, 12, 'development_team', '2026-04-25 09:00:00', '2026-04-25 09:00:00'),
(63, 11, 13, 'development_team', '2026-04-25 09:00:00', '2026-04-25 09:00:00'),
(64, 11, 14, 'development_team', '2026-04-25 09:00:00', '2026-04-25 09:00:00'),
(65, 11, 15, 'development_team', '2026-04-25 09:00:00', '2026-04-25 09:00:00'),
(66, 12, 1, 'project_owner', '2026-04-25 09:00:00', '2026-04-25 09:00:00'),
(67, 12, 13, 'project_manager', '2026-04-25 09:00:00', '2026-04-25 09:00:00'),
(68, 12, 11, 'development_team', '2026-04-25 09:00:00', '2026-04-25 09:00:00'),
(69, 12, 12, 'development_team', '2026-04-25 09:00:00', '2026-04-25 09:00:00'),
(70, 12, 14, 'development_team', '2026-04-25 09:00:00', '2026-04-25 09:00:00'),
(71, 12, 15, 'development_team', '2026-04-25 09:00:00', '2026-04-25 09:00:00'),
(72, 12, 16, 'development_team', '2026-04-25 09:00:00', '2026-04-25 09:00:00'),
(73, 12, 2, 'project_manager', '2026-04-25 09:00:00', '2026-04-25 09:00:00'),
(74, 13, 1, 'project_owner', '2026-04-25 09:00:00', '2026-04-25 09:00:00'),
(75, 13, 14, 'project_manager', '2026-04-25 09:00:00', '2026-04-25 09:00:00'),
(76, 13, 11, 'development_team', '2026-04-25 09:00:00', '2026-04-25 09:00:00'),
(77, 13, 12, 'development_team', '2026-04-25 09:00:00', '2026-04-25 09:00:00'),
(78, 13, 13, 'development_team', '2026-04-25 09:00:00', '2026-04-25 09:00:00'),
(79, 13, 15, 'development_team', '2026-04-25 09:00:00', '2026-04-25 09:00:00'),
(80, 13, 16, 'development_team', '2026-04-25 09:00:00', '2026-04-25 09:00:00'),
(81, 14, 1, 'project_owner', '2026-04-25 09:00:00', '2026-04-25 09:00:00'),
(82, 14, 16, 'project_manager', '2026-04-25 09:00:00', '2026-04-25 09:00:00'),
(83, 14, 11, 'development_team', '2026-04-25 09:00:00', '2026-04-25 09:00:00'),
(84, 14, 12, 'development_team', '2026-04-25 09:00:00', '2026-04-25 09:00:00'),
(85, 14, 13, 'development_team', '2026-04-25 09:00:00', '2026-04-25 09:00:00'),
(86, 14, 14, 'development_team', '2026-04-25 09:00:00', '2026-04-25 09:00:00'),
(87, 14, 15, 'development_team', '2026-04-25 09:00:00', '2026-04-25 09:00:00'),
(88, 15, 1, 'project_owner', '2026-04-25 09:00:00', '2026-04-25 09:00:00'),
(89, 15, 14, 'project_manager', '2026-04-25 09:00:00', '2026-04-25 09:00:00'),
(90, 15, 11, 'development_team', '2026-04-25 09:00:00', '2026-04-25 09:00:00'),
(91, 15, 12, 'development_team', '2026-04-25 09:00:00', '2026-04-25 09:00:00'),
(92, 15, 13, 'development_team', '2026-04-25 09:00:00', '2026-04-25 09:00:00'),
(93, 15, 15, 'development_team', '2026-04-25 09:00:00', '2026-04-25 09:00:00'),
(94, 15, 16, 'development_team', '2026-04-25 09:00:00', '2026-04-25 09:00:00'),
(95, 15, 2, 'project_manager', '2026-04-25 09:00:00', '2026-04-25 09:00:00'),
(96, 16, 1, 'project_owner', '2026-04-25 09:00:00', '2026-04-25 09:00:00'),
(97, 16, 12, 'project_manager', '2026-04-25 09:00:00', '2026-04-25 09:00:00'),
(98, 16, 11, 'development_team', '2026-04-25 09:00:00', '2026-04-25 09:00:00'),
(99, 16, 13, 'development_team', '2026-04-25 09:00:00', '2026-04-25 09:00:00'),
(100, 16, 14, 'development_team', '2026-04-25 09:00:00', '2026-04-25 09:00:00'),
(101, 16, 15, 'development_team', '2026-04-25 09:00:00', '2026-04-25 09:00:00'),
(102, 16, 16, 'development_team', '2026-04-25 09:00:00', '2026-04-25 09:00:00'),
(103, 17, 1, 'project_owner', '2026-04-25 09:00:00', '2026-04-25 09:00:00'),
(104, 17, 13, 'project_manager', '2026-04-25 09:00:00', '2026-04-25 09:00:00'),
(105, 17, 11, 'development_team', '2026-04-25 09:00:00', '2026-04-25 09:00:00'),
(106, 17, 12, 'development_team', '2026-04-25 09:00:00', '2026-04-25 09:00:00'),
(107, 17, 14, 'development_team', '2026-04-25 09:00:00', '2026-04-25 09:00:00'),
(108, 17, 15, 'development_team', '2026-04-25 09:00:00', '2026-04-25 09:00:00'),
(109, 17, 16, 'development_team', '2026-04-25 09:00:00', '2026-04-25 09:00:00'),
(110, 17, 2, 'project_manager', '2026-04-25 09:00:00', '2026-04-25 09:00:00'),
(111, 18, 1, 'project_owner', '2026-04-25 09:00:00', '2026-04-25 09:00:00'),
(112, 18, 16, 'project_manager', '2026-04-25 09:00:00', '2026-04-25 09:00:00'),
(113, 18, 11, 'development_team', '2026-04-25 09:00:00', '2026-04-25 09:00:00'),
(114, 18, 12, 'development_team', '2026-04-25 09:00:00', '2026-04-25 09:00:00'),
(115, 18, 13, 'development_team', '2026-04-25 09:00:00', '2026-04-25 09:00:00'),
(116, 18, 14, 'development_team', '2026-04-25 09:00:00', '2026-04-25 09:00:00'),
(117, 18, 15, 'development_team', '2026-04-25 09:00:00', '2026-04-25 09:00:00'),
(118, 19, 1, 'project_owner', '2026-04-25 09:00:00', '2026-04-25 09:00:00'),
(119, 19, 11, 'project_manager', '2026-04-25 09:00:00', '2026-04-25 09:00:00'),
(120, 19, 12, 'development_team', '2026-04-25 09:00:00', '2026-04-25 09:00:00'),
(121, 19, 13, 'development_team', '2026-04-25 09:00:00', '2026-04-25 09:00:00'),
(122, 19, 14, 'development_team', '2026-04-25 09:00:00', '2026-04-25 09:00:00'),
(123, 19, 15, 'development_team', '2026-04-25 09:00:00', '2026-04-25 09:00:00'),
(124, 19, 16, 'development_team', '2026-04-25 09:00:00', '2026-04-25 09:00:00'),
(125, 20, 1, 'project_owner', '2026-04-25 09:00:00', '2026-04-25 09:00:00'),
(126, 20, 12, 'project_manager', '2026-04-25 09:00:00', '2026-04-25 09:00:00'),
(127, 20, 11, 'development_team', '2026-04-25 09:00:00', '2026-04-25 09:00:00'),
(128, 20, 13, 'development_team', '2026-04-25 09:00:00', '2026-04-25 09:00:00'),
(129, 20, 14, 'development_team', '2026-04-25 09:00:00', '2026-04-25 09:00:00'),
(130, 20, 15, 'development_team', '2026-04-25 09:00:00', '2026-04-25 09:00:00'),
(131, 20, 16, 'development_team', '2026-04-25 09:00:00', '2026-04-25 09:00:00'),
(132, 21, 1, 'project_owner', '2026-04-25 09:00:00', '2026-04-25 09:00:00'),
(133, 21, 18, 'project_manager', '2026-04-25 09:00:00', '2026-04-25 09:00:00'),
(134, 21, 17, 'development_team', '2026-04-25 09:00:00', '2026-04-25 09:00:00'),
(135, 21, 8, 'development_team', '2026-04-25 09:00:00', '2026-04-25 09:00:00'),
(136, 21, 19, 'development_team', '2026-04-25 09:00:00', '2026-04-25 09:00:00'),
(137, 21, 20, 'development_team', '2026-04-25 09:00:00', '2026-04-25 09:00:00'),
(138, 21, 21, 'development_team', '2026-04-25 09:00:00', '2026-04-25 09:00:00'),
(139, 22, 1, 'project_owner', '2026-04-25 09:00:00', '2026-04-25 09:00:00'),
(140, 22, 17, 'project_manager', '2026-04-25 09:00:00', '2026-04-25 09:00:00'),
(141, 22, 18, 'development_team', '2026-04-25 09:00:00', '2026-04-25 09:00:00'),
(142, 22, 8, 'development_team', '2026-04-25 09:00:00', '2026-04-25 09:00:00'),
(143, 22, 19, 'development_team', '2026-04-25 09:00:00', '2026-04-25 09:00:00'),
(144, 22, 20, 'development_team', '2026-04-25 09:00:00', '2026-04-25 09:00:00'),
(145, 22, 21, 'development_team', '2026-04-25 09:00:00', '2026-04-25 09:00:00'),
(146, 22, 2, 'project_manager', '2026-04-25 09:00:00', '2026-04-25 09:00:00'),
(147, 23, 1, 'project_owner', '2026-04-25 09:00:00', '2026-04-25 09:00:00'),
(148, 23, 18, 'project_manager', '2026-04-25 09:00:00', '2026-04-25 09:00:00'),
(149, 23, 17, 'development_team', '2026-04-25 09:00:00', '2026-04-25 09:00:00'),
(150, 23, 8, 'development_team', '2026-04-25 09:00:00', '2026-04-25 09:00:00'),
(151, 23, 19, 'development_team', '2026-04-25 09:00:00', '2026-04-25 09:00:00'),
(152, 23, 20, 'development_team', '2026-04-25 09:00:00', '2026-04-25 09:00:00'),
(153, 23, 21, 'development_team', '2026-04-25 09:00:00', '2026-04-25 09:00:00');


-- ------------------------------------------------------------
--  Table: `sprints` (92 rows)
-- ------------------------------------------------------------
TRUNCATE TABLE `sprints`;
INSERT INTO `sprints` (`id`, `space_id`, `project_id`, `name`, `goal`, `start_date`, `end_date`, `is_active`, `position`, `created_at`, `updated_at`) VALUES
(1, 1, 1, 'Sprint 1 - MRP Forecast Simulation', 'Setup fondasi dan analisis kebutuhan proyek', '2026-04-27', '2026-05-03', 0, 0, '2026-04-25 09:00:00', '2026-04-25 09:00:00'),
(2, 1, 1, 'Sprint 2 - MRP Forecast Simulation', 'Implementasi fitur core dan integrasi API', '2026-05-04', '2026-05-10', 0, 1, '2026-04-25 09:00:00', '2026-04-25 09:00:00'),
(3, 1, 1, 'Sprint 3 - MRP Forecast Simulation', 'Pengembangan UI/UX dan testing', '2026-05-11', '2026-05-17', 1, 2, '2026-04-25 09:00:00', '2026-04-25 09:00:00'),
(4, 1, 1, 'Sprint 4 - MRP Forecast Simulation', 'Finalisasi, review, dan deployment preparation', '2026-05-18', '2026-05-22', 0, 3, '2026-04-25 09:00:00', '2026-04-25 09:00:00'),
(5, 1, 2, 'Sprint 1 - Product Monitor - Frame Number', 'Setup fondasi dan analisis kebutuhan proyek', '2026-04-27', '2026-05-03', 0, 0, '2026-04-25 09:00:00', '2026-04-25 09:00:00'),
(6, 1, 2, 'Sprint 2 - Product Monitor - Frame Number', 'Implementasi fitur core dan integrasi API', '2026-05-04', '2026-05-10', 0, 1, '2026-04-25 09:00:00', '2026-04-25 09:00:00'),
(7, 1, 2, 'Sprint 3 - Product Monitor - Frame Number', 'Pengembangan UI/UX dan testing', '2026-05-11', '2026-05-17', 1, 2, '2026-04-25 09:00:00', '2026-04-25 09:00:00'),
(8, 1, 2, 'Sprint 4 - Product Monitor - Frame Number', 'Finalisasi, review, dan deployment preparation', '2026-05-18', '2026-05-22', 0, 3, '2026-04-25 09:00:00', '2026-04-25 09:00:00'),
(9, 1, 3, 'Sprint 1 - Product Monitor - Scan Bike Pa', 'Setup fondasi dan analisis kebutuhan proyek', '2026-04-27', '2026-05-03', 0, 0, '2026-04-25 09:00:00', '2026-04-25 09:00:00'),
(10, 1, 3, 'Sprint 2 - Product Monitor - Scan Bike Pa', 'Implementasi fitur core dan integrasi API', '2026-05-04', '2026-05-10', 0, 1, '2026-04-25 09:00:00', '2026-04-25 09:00:00'),
(11, 1, 3, 'Sprint 3 - Product Monitor - Scan Bike Pa', 'Pengembangan UI/UX dan testing', '2026-05-11', '2026-05-17', 1, 2, '2026-04-25 09:00:00', '2026-04-25 09:00:00'),
(12, 1, 3, 'Sprint 4 - Product Monitor - Scan Bike Pa', 'Finalisasi, review, dan deployment preparation', '2026-05-18', '2026-05-22', 0, 3, '2026-04-25 09:00:00', '2026-04-25 09:00:00'),
(13, 1, 4, 'Sprint 1 - Promotion Stock Management', 'Setup fondasi dan analisis kebutuhan proyek', '2026-04-27', '2026-05-03', 0, 0, '2026-04-25 09:00:00', '2026-04-25 09:00:00'),
(14, 1, 4, 'Sprint 2 - Promotion Stock Management', 'Implementasi fitur core dan integrasi API', '2026-05-04', '2026-05-10', 0, 1, '2026-04-25 09:00:00', '2026-04-25 09:00:00'),
(15, 1, 4, 'Sprint 3 - Promotion Stock Management', 'Pengembangan UI/UX dan testing', '2026-05-11', '2026-05-17', 1, 2, '2026-04-25 09:00:00', '2026-04-25 09:00:00'),
(16, 1, 4, 'Sprint 4 - Promotion Stock Management', 'Finalisasi, review, dan deployment preparation', '2026-05-18', '2026-05-22', 0, 3, '2026-04-25 09:00:00', '2026-04-25 09:00:00'),
(17, 2, 5, 'Sprint 1 - Vendor Invoicing and Automatic', 'Setup fondasi dan analisis kebutuhan proyek', '2026-04-27', '2026-05-03', 0, 0, '2026-04-25 09:00:00', '2026-04-25 09:00:00'),
(18, 2, 5, 'Sprint 2 - Vendor Invoicing and Automatic', 'Implementasi fitur core dan integrasi API', '2026-05-04', '2026-05-10', 0, 1, '2026-04-25 09:00:00', '2026-04-25 09:00:00'),
(19, 2, 5, 'Sprint 3 - Vendor Invoicing and Automatic', 'Pengembangan UI/UX dan testing', '2026-05-11', '2026-05-17', 1, 2, '2026-04-25 09:00:00', '2026-04-25 09:00:00'),
(20, 2, 5, 'Sprint 4 - Vendor Invoicing and Automatic', 'Finalisasi, review, dan deployment preparation', '2026-05-18', '2026-05-22', 0, 3, '2026-04-25 09:00:00', '2026-04-25 09:00:00'),
(21, 2, 6, 'Sprint 1 - Booking & Bidding Shipment for', 'Setup fondasi dan analisis kebutuhan proyek', '2026-04-27', '2026-05-03', 0, 0, '2026-04-25 09:00:00', '2026-04-25 09:00:00'),
(22, 2, 6, 'Sprint 2 - Booking & Bidding Shipment for', 'Implementasi fitur core dan integrasi API', '2026-05-04', '2026-05-10', 0, 1, '2026-04-25 09:00:00', '2026-04-25 09:00:00'),
(23, 2, 6, 'Sprint 3 - Booking & Bidding Shipment for', 'Pengembangan UI/UX dan testing', '2026-05-11', '2026-05-17', 1, 2, '2026-04-25 09:00:00', '2026-04-25 09:00:00'),
(24, 2, 6, 'Sprint 4 - Booking & Bidding Shipment for', 'Finalisasi, review, dan deployment preparation', '2026-05-18', '2026-05-22', 0, 3, '2026-04-25 09:00:00', '2026-04-25 09:00:00'),
(25, 2, 7, 'Sprint 1 - Invoice Process Automation', 'Setup fondasi dan analisis kebutuhan proyek', '2026-04-27', '2026-05-03', 0, 0, '2026-04-25 09:00:00', '2026-04-25 09:00:00'),
(26, 2, 7, 'Sprint 2 - Invoice Process Automation', 'Implementasi fitur core dan integrasi API', '2026-05-04', '2026-05-10', 0, 1, '2026-04-25 09:00:00', '2026-04-25 09:00:00'),
(27, 2, 7, 'Sprint 3 - Invoice Process Automation', 'Pengembangan UI/UX dan testing', '2026-05-11', '2026-05-17', 1, 2, '2026-04-25 09:00:00', '2026-04-25 09:00:00'),
(28, 2, 7, 'Sprint 4 - Invoice Process Automation', 'Finalisasi, review, dan deployment preparation', '2026-05-18', '2026-05-22', 0, 3, '2026-04-25 09:00:00', '2026-04-25 09:00:00'),
(29, 2, 8, 'Sprint 1 - Sales Reps Dashboard', 'Setup fondasi dan analisis kebutuhan proyek', '2026-04-27', '2026-05-03', 0, 0, '2026-04-25 09:00:00', '2026-04-25 09:00:00'),
(30, 2, 8, 'Sprint 2 - Sales Reps Dashboard', 'Implementasi fitur core dan integrasi API', '2026-05-04', '2026-05-10', 0, 1, '2026-04-25 09:00:00', '2026-04-25 09:00:00'),
(31, 2, 8, 'Sprint 3 - Sales Reps Dashboard', 'Pengembangan UI/UX dan testing', '2026-05-11', '2026-05-17', 1, 2, '2026-04-25 09:00:00', '2026-04-25 09:00:00'),
(32, 2, 8, 'Sprint 4 - Sales Reps Dashboard', 'Finalisasi, review, dan deployment preparation', '2026-05-18', '2026-05-22', 0, 3, '2026-04-25 09:00:00', '2026-04-25 09:00:00'),
(33, 2, 9, 'Sprint 1 - Applicant Recruitment Agentic ', 'Setup fondasi dan analisis kebutuhan proyek', '2026-04-27', '2026-05-03', 0, 0, '2026-04-25 09:00:00', '2026-04-25 09:00:00'),
(34, 2, 9, 'Sprint 2 - Applicant Recruitment Agentic ', 'Implementasi fitur core dan integrasi API', '2026-05-04', '2026-05-10', 0, 1, '2026-04-25 09:00:00', '2026-04-25 09:00:00'),
(35, 2, 9, 'Sprint 3 - Applicant Recruitment Agentic ', 'Pengembangan UI/UX dan testing', '2026-05-11', '2026-05-17', 1, 2, '2026-04-25 09:00:00', '2026-04-25 09:00:00'),
(36, 2, 9, 'Sprint 4 - Applicant Recruitment Agentic ', 'Finalisasi, review, dan deployment preparation', '2026-05-18', '2026-05-22', 0, 3, '2026-04-25 09:00:00', '2026-04-25 09:00:00'),
(37, 3, 10, 'Sprint 1 - Bike & PAA Catalog Journey Rev', 'Setup fondasi dan analisis kebutuhan proyek', '2026-04-27', '2026-05-03', 0, 0, '2026-04-25 09:00:00', '2026-04-25 09:00:00'),
(38, 3, 10, 'Sprint 2 - Bike & PAA Catalog Journey Rev', 'Implementasi fitur core dan integrasi API', '2026-05-04', '2026-05-10', 0, 1, '2026-04-25 09:00:00', '2026-04-25 09:00:00'),
(39, 3, 10, 'Sprint 3 - Bike & PAA Catalog Journey Rev', 'Pengembangan UI/UX dan testing', '2026-05-11', '2026-05-17', 1, 2, '2026-04-25 09:00:00', '2026-04-25 09:00:00'),
(40, 3, 10, 'Sprint 4 - Bike & PAA Catalog Journey Rev', 'Finalisasi, review, dan deployment preparation', '2026-05-18', '2026-05-22', 0, 3, '2026-04-25 09:00:00', '2026-04-25 09:00:00'),
(41, 3, 11, 'Sprint 1 - AI E-Commerce Product Recommen', 'Setup fondasi dan analisis kebutuhan proyek', '2026-04-27', '2026-05-03', 0, 0, '2026-04-25 09:00:00', '2026-04-25 09:00:00'),
(42, 3, 11, 'Sprint 2 - AI E-Commerce Product Recommen', 'Implementasi fitur core dan integrasi API', '2026-05-04', '2026-05-10', 0, 1, '2026-04-25 09:00:00', '2026-04-25 09:00:00'),
(43, 3, 11, 'Sprint 3 - AI E-Commerce Product Recommen', 'Pengembangan UI/UX dan testing', '2026-05-11', '2026-05-17', 1, 2, '2026-04-25 09:00:00', '2026-04-25 09:00:00'),
(44, 3, 11, 'Sprint 4 - AI E-Commerce Product Recommen', 'Finalisasi, review, dan deployment preparation', '2026-05-18', '2026-05-22', 0, 3, '2026-04-25 09:00:00', '2026-04-25 09:00:00'),
(45, 3, 12, 'Sprint 1 - AI Up-selling, Cross-selling, ', 'Setup fondasi dan analisis kebutuhan proyek', '2026-04-27', '2026-05-03', 0, 0, '2026-04-25 09:00:00', '2026-04-25 09:00:00'),
(46, 3, 12, 'Sprint 2 - AI Up-selling, Cross-selling, ', 'Implementasi fitur core dan integrasi API', '2026-05-04', '2026-05-10', 0, 1, '2026-04-25 09:00:00', '2026-04-25 09:00:00'),
(47, 3, 12, 'Sprint 3 - AI Up-selling, Cross-selling, ', 'Pengembangan UI/UX dan testing', '2026-05-11', '2026-05-17', 1, 2, '2026-04-25 09:00:00', '2026-04-25 09:00:00'),
(48, 3, 12, 'Sprint 4 - AI Up-selling, Cross-selling, ', 'Finalisasi, review, dan deployment preparation', '2026-05-18', '2026-05-22', 0, 3, '2026-04-25 09:00:00', '2026-04-25 09:00:00'),
(49, 3, 13, 'Sprint 1 - B2C x POS x Marketplace - Real', 'Setup fondasi dan analisis kebutuhan proyek', '2026-04-27', '2026-05-03', 0, 0, '2026-04-25 09:00:00', '2026-04-25 09:00:00'),
(50, 3, 13, 'Sprint 2 - B2C x POS x Marketplace - Real', 'Implementasi fitur core dan integrasi API', '2026-05-04', '2026-05-10', 0, 1, '2026-04-25 09:00:00', '2026-04-25 09:00:00'),
(51, 3, 13, 'Sprint 3 - B2C x POS x Marketplace - Real', 'Pengembangan UI/UX dan testing', '2026-05-11', '2026-05-17', 1, 2, '2026-04-25 09:00:00', '2026-04-25 09:00:00'),
(52, 3, 13, 'Sprint 4 - B2C x POS x Marketplace - Real', 'Finalisasi, review, dan deployment preparation', '2026-05-18', '2026-05-22', 0, 3, '2026-04-25 09:00:00', '2026-04-25 09:00:00'),
(53, 3, 14, 'Sprint 1 - Bike Fitting Integration', 'Setup fondasi dan analisis kebutuhan proyek', '2026-04-27', '2026-05-03', 0, 0, '2026-04-25 09:00:00', '2026-04-25 09:00:00'),
(54, 3, 14, 'Sprint 2 - Bike Fitting Integration', 'Implementasi fitur core dan integrasi API', '2026-05-04', '2026-05-10', 0, 1, '2026-04-25 09:00:00', '2026-04-25 09:00:00'),
(55, 3, 14, 'Sprint 3 - Bike Fitting Integration', 'Pengembangan UI/UX dan testing', '2026-05-11', '2026-05-17', 1, 2, '2026-04-25 09:00:00', '2026-04-25 09:00:00'),
(56, 3, 14, 'Sprint 4 - Bike Fitting Integration', 'Finalisasi, review, dan deployment preparation', '2026-05-18', '2026-05-22', 0, 3, '2026-04-25 09:00:00', '2026-04-25 09:00:00'),
(57, 3, 15, 'Sprint 1 - Bike Service Booking', 'Setup fondasi dan analisis kebutuhan proyek', '2026-04-27', '2026-05-03', 0, 0, '2026-04-25 09:00:00', '2026-04-25 09:00:00'),
(58, 3, 15, 'Sprint 2 - Bike Service Booking', 'Implementasi fitur core dan integrasi API', '2026-05-04', '2026-05-10', 0, 1, '2026-04-25 09:00:00', '2026-04-25 09:00:00'),
(59, 3, 15, 'Sprint 3 - Bike Service Booking', 'Pengembangan UI/UX dan testing', '2026-05-11', '2026-05-17', 1, 2, '2026-04-25 09:00:00', '2026-04-25 09:00:00'),
(60, 3, 15, 'Sprint 4 - Bike Service Booking', 'Finalisasi, review, dan deployment preparation', '2026-05-18', '2026-05-22', 0, 3, '2026-04-25 09:00:00', '2026-04-25 09:00:00'),
(61, 3, 16, 'Sprint 1 - Click & Collect', 'Setup fondasi dan analisis kebutuhan proyek', '2026-04-27', '2026-05-03', 0, 0, '2026-04-25 09:00:00', '2026-04-25 09:00:00'),
(62, 3, 16, 'Sprint 2 - Click & Collect', 'Implementasi fitur core dan integrasi API', '2026-05-04', '2026-05-10', 0, 1, '2026-04-25 09:00:00', '2026-04-25 09:00:00'),
(63, 3, 16, 'Sprint 3 - Click & Collect', 'Pengembangan UI/UX dan testing', '2026-05-11', '2026-05-17', 1, 2, '2026-04-25 09:00:00', '2026-04-25 09:00:00'),
(64, 3, 16, 'Sprint 4 - Click & Collect', 'Finalisasi, review, dan deployment preparation', '2026-05-18', '2026-05-22', 0, 3, '2026-04-25 09:00:00', '2026-04-25 09:00:00'),
(65, 3, 17, 'Sprint 1 - E-commerce Product Description', 'Setup fondasi dan analisis kebutuhan proyek', '2026-04-27', '2026-05-03', 0, 0, '2026-04-25 09:00:00', '2026-04-25 09:00:00'),
(66, 3, 17, 'Sprint 2 - E-commerce Product Description', 'Implementasi fitur core dan integrasi API', '2026-05-04', '2026-05-10', 0, 1, '2026-04-25 09:00:00', '2026-04-25 09:00:00'),
(67, 3, 17, 'Sprint 3 - E-commerce Product Description', 'Pengembangan UI/UX dan testing', '2026-05-11', '2026-05-17', 1, 2, '2026-04-25 09:00:00', '2026-04-25 09:00:00'),
(68, 3, 17, 'Sprint 4 - E-commerce Product Description', 'Finalisasi, review, dan deployment preparation', '2026-05-18', '2026-05-22', 0, 3, '2026-04-25 09:00:00', '2026-04-25 09:00:00'),
(69, 3, 18, 'Sprint 1 - Membership - Referral Program ', 'Setup fondasi dan analisis kebutuhan proyek', '2026-04-27', '2026-05-03', 0, 0, '2026-04-25 09:00:00', '2026-04-25 09:00:00'),
(70, 3, 18, 'Sprint 2 - Membership - Referral Program ', 'Implementasi fitur core dan integrasi API', '2026-05-04', '2026-05-10', 0, 1, '2026-04-25 09:00:00', '2026-04-25 09:00:00'),
(71, 3, 18, 'Sprint 3 - Membership - Referral Program ', 'Pengembangan UI/UX dan testing', '2026-05-11', '2026-05-17', 1, 2, '2026-04-25 09:00:00', '2026-04-25 09:00:00'),
(72, 3, 18, 'Sprint 4 - Membership - Referral Program ', 'Finalisasi, review, dan deployment preparation', '2026-05-18', '2026-05-22', 0, 3, '2026-04-25 09:00:00', '2026-04-25 09:00:00'),
(73, 3, 19, 'Sprint 1 - Net Promoter Score', 'Setup fondasi dan analisis kebutuhan proyek', '2026-04-27', '2026-05-03', 0, 0, '2026-04-25 09:00:00', '2026-04-25 09:00:00'),
(74, 3, 19, 'Sprint 2 - Net Promoter Score', 'Implementasi fitur core dan integrasi API', '2026-05-04', '2026-05-10', 0, 1, '2026-04-25 09:00:00', '2026-04-25 09:00:00'),
(75, 3, 19, 'Sprint 3 - Net Promoter Score', 'Pengembangan UI/UX dan testing', '2026-05-11', '2026-05-17', 1, 2, '2026-04-25 09:00:00', '2026-04-25 09:00:00'),
(76, 3, 19, 'Sprint 4 - Net Promoter Score', 'Finalisasi, review, dan deployment preparation', '2026-05-18', '2026-05-22', 0, 3, '2026-04-25 09:00:00', '2026-04-25 09:00:00'),
(77, 3, 20, 'Sprint 1 - Test Ride Booking', 'Setup fondasi dan analisis kebutuhan proyek', '2026-04-27', '2026-05-03', 0, 0, '2026-04-25 09:00:00', '2026-04-25 09:00:00'),
(78, 3, 20, 'Sprint 2 - Test Ride Booking', 'Implementasi fitur core dan integrasi API', '2026-05-04', '2026-05-10', 0, 1, '2026-04-25 09:00:00', '2026-04-25 09:00:00'),
(79, 3, 20, 'Sprint 3 - Test Ride Booking', 'Pengembangan UI/UX dan testing', '2026-05-11', '2026-05-17', 1, 2, '2026-04-25 09:00:00', '2026-04-25 09:00:00'),
(80, 3, 20, 'Sprint 4 - Test Ride Booking', 'Finalisasi, review, dan deployment preparation', '2026-05-18', '2026-05-22', 0, 3, '2026-04-25 09:00:00', '2026-04-25 09:00:00'),
(81, 4, 21, 'Sprint 1 - AI Customer Service', 'Setup fondasi dan analisis kebutuhan proyek', '2026-04-27', '2026-05-03', 0, 0, '2026-04-25 09:00:00', '2026-04-25 09:00:00'),
(82, 4, 21, 'Sprint 2 - AI Customer Service', 'Implementasi fitur core dan integrasi API', '2026-05-04', '2026-05-10', 0, 1, '2026-04-25 09:00:00', '2026-04-25 09:00:00'),
(83, 4, 21, 'Sprint 3 - AI Customer Service', 'Pengembangan UI/UX dan testing', '2026-05-11', '2026-05-17', 1, 2, '2026-04-25 09:00:00', '2026-04-25 09:00:00'),
(84, 4, 21, 'Sprint 4 - AI Customer Service', 'Finalisasi, review, dan deployment preparation', '2026-05-18', '2026-05-22', 0, 3, '2026-04-25 09:00:00', '2026-04-25 09:00:00'),
(85, 4, 22, 'Sprint 1 - Catalog Search Correction & Su', 'Setup fondasi dan analisis kebutuhan proyek', '2026-04-27', '2026-05-03', 0, 0, '2026-04-25 09:00:00', '2026-04-25 09:00:00'),
(86, 4, 22, 'Sprint 2 - Catalog Search Correction & Su', 'Implementasi fitur core dan integrasi API', '2026-05-04', '2026-05-10', 0, 1, '2026-04-25 09:00:00', '2026-04-25 09:00:00'),
(87, 4, 22, 'Sprint 3 - Catalog Search Correction & Su', 'Pengembangan UI/UX dan testing', '2026-05-11', '2026-05-17', 1, 2, '2026-04-25 09:00:00', '2026-04-25 09:00:00'),
(88, 4, 22, 'Sprint 4 - Catalog Search Correction & Su', 'Finalisasi, review, dan deployment preparation', '2026-05-18', '2026-05-22', 0, 3, '2026-04-25 09:00:00', '2026-04-25 09:00:00'),
(89, 4, 23, 'Sprint 1 - Catalog Bike Recommendation ba', 'Setup fondasi dan analisis kebutuhan proyek', '2026-04-27', '2026-05-03', 0, 0, '2026-04-25 09:00:00', '2026-04-25 09:00:00'),
(90, 4, 23, 'Sprint 2 - Catalog Bike Recommendation ba', 'Implementasi fitur core dan integrasi API', '2026-05-04', '2026-05-10', 0, 1, '2026-04-25 09:00:00', '2026-04-25 09:00:00'),
(91, 4, 23, 'Sprint 3 - Catalog Bike Recommendation ba', 'Pengembangan UI/UX dan testing', '2026-05-11', '2026-05-17', 1, 2, '2026-04-25 09:00:00', '2026-04-25 09:00:00'),
(92, 4, 23, 'Sprint 4 - Catalog Bike Recommendation ba', 'Finalisasi, review, dan deployment preparation', '2026-05-18', '2026-05-22', 0, 3, '2026-04-25 09:00:00', '2026-04-25 09:00:00');


-- ------------------------------------------------------------
--  Table: `tasks` (26 rows)
-- ------------------------------------------------------------
TRUNCATE TABLE `tasks`;
INSERT INTO `tasks` (`id`, `task_id`, `project_id`, `status_id`, `priority_level`, `name`, `description`, `start_date`, `due_date`, `time_estimate`, `position`, `is_archived`, `created_by`, `created_at`, `updated_at`, `deleted_at`) VALUES
(1, 'MIS-1', 1, 3, 2, 'Demand Forecasting Engine', 'Engine untuk forecasting demand:\n- Data historis penjualan\n- Machine learning model\n- Parameter konfigurasi\n- Visualisasi hasil prediksi', '2026-04-28', '2026-05-13', 1440, 0, 0, 1, '2026-04-27 08:30:00', '2026-04-27 08:30:00', NULL),
(2, 'MIS-2', 1, 5, 3, 'Production Planning Module', 'Modul perencanaan produksi:\n- Kapasitas mesin\n- BOM (Bill of Materials)\n- Scheduling optimasi\n- Alert kekurangan material', '2026-04-30', '2026-05-12', 1920, 1, 0, 2, '2026-04-27 08:30:00', '2026-04-27 08:30:00', NULL),
(3, 'MIS-3', 2, 5, 3, 'Frame Number Registration System', 'Sistem registrasi nomor rangka:\n- Input manual & scan\n- Validasi format\n- Database tracking\n- History log perubahan', '2026-04-29', '2026-05-13', 2400, 0, 0, 1, '2026-04-27 08:30:00', '2026-04-27 08:30:00', NULL),
(4, 'MIS-4', 3, 4, 3, 'Serial Number Scanner Integration', 'Integrasi scanner:\n- Barcode reader API\n- QR code support\n- Batch scanning\n- Real-time validation', '2026-04-30', '2026-05-22', 960, 0, 0, 2, '2026-04-27 08:30:00', '2026-04-27 08:30:00', NULL),
(5, 'MIS-5', 4, 3, 3, 'Promotion Allocation Engine', 'Engine alokasi promosi:\n- Stok khusus promo\n- Auto-reserve\n- Expiry management\n- Dashboard monitoring stok promo', '2026-04-27', '2026-05-19', 1920, 0, 0, 2, '2026-04-27 08:30:00', '2026-04-27 08:30:00', NULL),
(6, 'MIS-6', 5, 8, 3, 'Automated MIRO Processing', 'Proses MIRO otomatis:\n- Invoice matching\n- 3-way match (PO, GR, Invoice)\n- Auto-posting SAP\n- Exception handling', '2026-04-27', '2026-05-13', 1200, 0, 0, 1, '2026-04-27 08:30:00', '2026-04-27 08:30:00', NULL),
(7, 'MIS-7', 5, 8, 3, 'Vendor Invoice Portal', 'Portal vendor:\n- Upload invoice\n- Status tracking\n- Document management\n- Notifikasi otomatis', '2026-04-28', '2026-05-11', 960, 1, 0, 1, '2026-04-27 08:30:00', '2026-04-27 08:30:00', NULL),
(8, 'MIS-8', 6, 8, 2, 'Shipment Bidding Platform', 'Platform bidding pengiriman:\n- Vendor registration\n- Bidding flow\n- Auto-award rules\n- Rate comparison', '2026-05-01', '2026-05-13', 1920, 0, 0, 2, '2026-04-27 08:30:00', '2026-04-27 08:30:00', NULL),
(9, 'MIS-9', 7, 10, 3, 'OCR Invoice Extraction', 'Ekstraksi data invoice:\n- OCR processing\n- Template matching\n- Data validation\n- Auto-fill form', '2026-04-28', '2026-05-18', 1440, 0, 0, 1, '2026-04-27 08:30:00', '2026-04-27 08:30:00', NULL),
(10, 'MIS-10', 8, 9, 2, 'Sales Performance Dashboard', 'Dashboard performa sales:\n- KPI metrics\n- Territory mapping\n- Pipeline tracking\n- Leaderboard', '2026-04-29', '2026-05-11', 1920, 0, 0, 2, '2026-04-27 08:30:00', '2026-04-27 08:30:00', NULL),
(11, 'MIS-11', 9, 8, 2, 'AI Resume Screening Agent', 'Agent AI untuk screening:\n- Resume parsing\n- Skill matching\n- Scoring algorithm\n- Shortlist recommendation', '2026-04-28', '2026-05-11', 960, 0, 0, 2, '2026-04-27 08:30:00', '2026-04-27 08:30:00', NULL),
(12, 'MIS-12', 10, 15, 2, 'Catalog UX Redesign', 'Redesign pengalaman katalog:\n- New navigation flow\n- Product comparison\n- Filtering enhancement\n- Mobile responsive', '2026-05-01', '2026-05-15', 960, 0, 0, 1, '2026-04-27 08:30:00', '2026-04-27 08:30:00', NULL),
(13, 'MIS-13', 10, 13, 2, 'PAA Integration', 'Parts & Accessories integration:\n- Cross-sell suggestions\n- Compatibility checker\n- Bundle pricing\n- Inventory sync', '2026-04-28', '2026-05-21', 2400, 1, 0, 2, '2026-04-27 08:30:00', '2026-04-27 08:30:00', NULL),
(14, 'MIS-14', 11, 14, 2, 'Recommendation Engine', 'Engine rekomendasi produk:\n- Collaborative filtering\n- Content-based filtering\n- Hybrid approach\n- A/B testing framework', '2026-04-29', '2026-05-15', 1200, 0, 0, 1, '2026-04-27 08:30:00', '2026-04-27 08:30:00', NULL),
(15, 'MIS-15', 12, 14, 3, 'Upsell/Cross-sell Engine', 'Engine upsell & cross-sell:\n- Rule-based suggestions\n- ML-based predictions\n- Cart analysis\n- Email trigger', '2026-04-28', '2026-05-22', 960, 0, 0, 2, '2026-04-27 08:30:00', '2026-04-27 08:30:00', NULL),
(16, 'MIS-16', 13, 13, 1, 'Realtime Stock Sync', 'Sinkronisasi stok real-time:\n- Multi-channel inventory\n- Event-driven updates\n- Conflict resolution\n- Dashboard monitoring', '2026-04-28', '2026-05-13', 1200, 0, 0, 2, '2026-04-27 08:30:00', '2026-04-27 08:30:00', NULL),
(17, 'MIS-17', 14, 14, 3, 'Bike Fitting Calculator', 'Kalkulator bike fitting:\n- Body measurement input\n- Size recommendation\n- Frame geometry matching\n- Adjustment suggestions', '2026-04-29', '2026-05-19', 1200, 0, 0, 2, '2026-04-27 08:30:00', '2026-04-27 08:30:00', NULL),
(18, 'MIS-18', 15, 12, 2, 'Service Booking System', 'Sistem booking servis:\n- Calendar slot management\n- Mechanic assignment\n- Service package selection\n- Reminder notification', '2026-04-29', '2026-05-14', 1440, 0, 0, 2, '2026-04-27 08:30:00', '2026-04-27 08:30:00', NULL),
(19, 'MIS-19', 16, 12, 3, 'Click & Collect Flow', 'Alur click & collect:\n- Store availability check\n- Pickup slot booking\n- QR code generation\n- Status notification', '2026-05-01', '2026-05-19', 960, 0, 0, 2, '2026-04-27 08:30:00', '2026-04-27 08:30:00', NULL),
(20, 'MIS-20', 17, 12, 2, 'AI Description Generator', 'Generator deskripsi produk:\n- GPT integration\n- Template management\n- Multi-language\n- SEO optimization', '2026-04-27', '2026-05-11', 1200, 0, 0, 2, '2026-04-27 08:30:00', '2026-04-27 08:30:00', NULL),
(21, 'MIS-21', 18, 15, 3, 'Referral System Revamp', 'Revamp sistem referral:\n- Reward tier system\n- Tracking dashboard\n- Payout automation\n- Fraud detection', '2026-05-01', '2026-05-22', 1440, 0, 0, 1, '2026-04-27 08:30:00', '2026-04-27 08:30:00', NULL),
(22, 'MIS-22', 19, 13, 3, 'NPS Survey System', 'Sistem survey NPS:\n- Email/SMS trigger\n- Response collection\n- Score calculation\n- Trend analysis dashboard', '2026-04-27', '2026-05-14', 1200, 0, 0, 2, '2026-04-27 08:30:00', '2026-04-27 08:30:00', NULL),
(23, 'MIS-23', 20, 15, 3, 'Test Ride Booking Platform', 'Platform booking test ride:\n- Bike availability\n- Location selection\n- Slot management\n- Post-ride feedback', '2026-04-28', '2026-05-13', 2400, 0, 0, 1, '2026-04-27 08:30:00', '2026-04-27 08:30:00', NULL),
(24, 'MIS-24', 21, 18, 3, 'AI Chatbot Development', 'Pengembangan chatbot AI:\n- NLP training\n- Intent recognition\n- Knowledge base\n- Escalation to human', '2026-04-29', '2026-05-14', 1200, 0, 0, 2, '2026-04-27 08:30:00', '2026-04-27 08:30:00', NULL),
(25, 'MIS-25', 22, 17, 3, 'Search Autocorrect & Suggest', 'Koreksi & saran pencarian:\n- Typo correction\n- Did-you-mean\n- Popular searches\n- Synonym mapping', '2026-04-27', '2026-05-15', 1920, 0, 0, 2, '2026-04-27 08:30:00', '2026-04-27 08:30:00', NULL),
(26, 'MIS-26', 23, 18, 3, 'Dealer-Based Recommendation', 'Rekomendasi berdasarkan dealer:\n- Dealer profiling\n- Regional preferences\n- Stock optimization\n- Sales prediction', '2026-04-28', '2026-05-18', 960, 0, 0, 1, '2026-04-27 08:30:00', '2026-04-27 08:30:00', NULL);


-- ------------------------------------------------------------
--  Table: `task_assignees` (56 rows)
-- ------------------------------------------------------------
TRUNCATE TABLE `task_assignees`;
INSERT INTO `task_assignees` (`id`, `task_id`, `user_id`, `assigned_by`) VALUES
(1, 1, 5, 1),
(2, 1, 6, 1),
(3, 2, 3, 2),
(4, 2, 4, 2),
(5, 2, 6, 2),
(6, 3, 3, 1),
(7, 3, 4, 1),
(8, 4, 3, 2),
(9, 4, 4, 2),
(10, 5, 3, 2),
(11, 6, 7, 1),
(12, 6, 9, 1),
(13, 6, 10, 1),
(14, 7, 9, 1),
(15, 8, 7, 2),
(16, 9, 7, 1),
(17, 9, 8, 1),
(18, 9, 10, 1),
(19, 10, 8, 2),
(20, 10, 10, 2),
(21, 11, 9, 2),
(22, 12, 12, 1),
(23, 13, 15, 2),
(24, 14, 11, 1),
(25, 14, 12, 1),
(26, 14, 13, 1),
(27, 15, 11, 2),
(28, 15, 13, 2),
(29, 15, 14, 2),
(30, 16, 14, 2),
(31, 16, 15, 2),
(32, 17, 14, 2),
(33, 17, 15, 2),
(34, 17, 16, 2),
(35, 18, 12, 2),
(36, 18, 13, 2),
(37, 18, 16, 2),
(38, 19, 11, 2),
(39, 19, 13, 2),
(40, 19, 15, 2),
(41, 20, 15, 2),
(42, 20, 16, 2),
(43, 21, 15, 1),
(44, 22, 15, 2),
(45, 22, 16, 2),
(46, 23, 12, 1),
(47, 23, 13, 1),
(48, 23, 16, 1),
(49, 24, 18, 2),
(50, 24, 8, 2),
(51, 24, 21, 2),
(52, 25, 17, 2),
(53, 25, 21, 2),
(54, 26, 17, 1),
(55, 26, 8, 1),
(56, 26, 21, 1);


-- ------------------------------------------------------------
--  Table: `task_labels` (49 rows)
-- ------------------------------------------------------------
TRUNCATE TABLE `task_labels`;
INSERT INTO `task_labels` (`id`, `task_id`, `label_id`, `created_at`, `updated_at`) VALUES
(1, 1, 2, '2026-04-27 08:30:00', '2026-04-27 08:30:00'),
(2, 1, 10, '2026-04-27 08:30:00', '2026-04-27 08:30:00'),
(3, 2, 2, '2026-04-27 08:30:00', '2026-04-27 08:30:00'),
(4, 3, 2, '2026-04-27 08:30:00', '2026-04-27 08:30:00'),
(5, 3, 7, '2026-04-27 08:30:00', '2026-04-27 08:30:00'),
(6, 4, 2, '2026-04-27 08:30:00', '2026-04-27 08:30:00'),
(7, 4, 9, '2026-04-27 08:30:00', '2026-04-27 08:30:00'),
(8, 5, 2, '2026-04-27 08:30:00', '2026-04-27 08:30:00'),
(9, 6, 2, '2026-04-27 08:30:00', '2026-04-27 08:30:00'),
(10, 6, 9, '2026-04-27 08:30:00', '2026-04-27 08:30:00'),
(11, 7, 2, '2026-04-27 08:30:00', '2026-04-27 08:30:00'),
(12, 7, 5, '2026-04-27 08:30:00', '2026-04-27 08:30:00'),
(13, 8, 2, '2026-04-27 08:30:00', '2026-04-27 08:30:00'),
(14, 9, 2, '2026-04-27 08:30:00', '2026-04-27 08:30:00'),
(15, 9, 10, '2026-04-27 08:30:00', '2026-04-27 08:30:00'),
(16, 10, 2, '2026-04-27 08:30:00', '2026-04-27 08:30:00'),
(17, 10, 5, '2026-04-27 08:30:00', '2026-04-27 08:30:00'),
(18, 11, 2, '2026-04-27 08:30:00', '2026-04-27 08:30:00'),
(19, 11, 10, '2026-04-27 08:30:00', '2026-04-27 08:30:00'),
(20, 12, 2, '2026-04-27 08:30:00', '2026-04-27 08:30:00'),
(21, 12, 5, '2026-04-27 08:30:00', '2026-04-27 08:30:00'),
(22, 13, 2, '2026-04-27 08:30:00', '2026-04-27 08:30:00'),
(23, 13, 9, '2026-04-27 08:30:00', '2026-04-27 08:30:00'),
(24, 14, 2, '2026-04-27 08:30:00', '2026-04-27 08:30:00'),
(25, 14, 10, '2026-04-27 08:30:00', '2026-04-27 08:30:00'),
(26, 15, 2, '2026-04-27 08:30:00', '2026-04-27 08:30:00'),
(27, 15, 10, '2026-04-27 08:30:00', '2026-04-27 08:30:00'),
(28, 16, 2, '2026-04-27 08:30:00', '2026-04-27 08:30:00'),
(29, 16, 9, '2026-04-27 08:30:00', '2026-04-27 08:30:00'),
(30, 16, 8, '2026-04-27 08:30:00', '2026-04-27 08:30:00'),
(31, 17, 2, '2026-04-27 08:30:00', '2026-04-27 08:30:00'),
(32, 17, 5, '2026-04-27 08:30:00', '2026-04-27 08:30:00'),
(33, 18, 2, '2026-04-27 08:30:00', '2026-04-27 08:30:00'),
(34, 19, 2, '2026-04-27 08:30:00', '2026-04-27 08:30:00'),
(35, 19, 5, '2026-04-27 08:30:00', '2026-04-27 08:30:00'),
(36, 20, 2, '2026-04-27 08:30:00', '2026-04-27 08:30:00'),
(37, 20, 10, '2026-04-27 08:30:00', '2026-04-27 08:30:00'),
(38, 21, 2, '2026-04-27 08:30:00', '2026-04-27 08:30:00'),
(39, 21, 3, '2026-04-27 08:30:00', '2026-04-27 08:30:00'),
(40, 22, 2, '2026-04-27 08:30:00', '2026-04-27 08:30:00'),
(41, 22, 5, '2026-04-27 08:30:00', '2026-04-27 08:30:00'),
(42, 23, 2, '2026-04-27 08:30:00', '2026-04-27 08:30:00'),
(43, 24, 2, '2026-04-27 08:30:00', '2026-04-27 08:30:00'),
(44, 24, 10, '2026-04-27 08:30:00', '2026-04-27 08:30:00'),
(45, 25, 2, '2026-04-27 08:30:00', '2026-04-27 08:30:00'),
(46, 25, 10, '2026-04-27 08:30:00', '2026-04-27 08:30:00'),
(47, 25, 8, '2026-04-27 08:30:00', '2026-04-27 08:30:00'),
(48, 26, 2, '2026-04-27 08:30:00', '2026-04-27 08:30:00'),
(49, 26, 10, '2026-04-27 08:30:00', '2026-04-27 08:30:00');


-- ------------------------------------------------------------
--  Table: `subtasks` (141 rows)
-- ------------------------------------------------------------
TRUNCATE TABLE `subtasks`;
INSERT INTO `subtasks` (`id`, `subtask_id`, `task_id`, `parent_id`, `depth`, `sprint_id`, `status_id`, `priority_level`, `name`, `description`, `start_date`, `due_date`, `baseline_start_date`, `baseline_due_date`, `completed_at`, `time_estimate`, `optimistic_estimate`, `most_likely_estimate`, `pessimistic_estimate`, `time_spent`, `progress`, `position`, `created_by`, `completed_by`, `created_at`, `updated_at`, `deleted_at`) VALUES
(1, 'MIS-1-1', 1, NULL, 0, 1, 5, 4, 'Integrasi external service', NULL, '2026-04-27 08:00:00', '2026-04-28 17:00:00', '2026-04-27 08:00:00', '2026-04-28 17:00:00', '2026-04-28 15:46:00', 480, 336, 480, 720, 500, 100, 0, 3, 3, '2026-04-27 08:00:00', '2026-04-28 15:46:00', NULL),
(2, 'MIS-1-2', 1, NULL, 0, 1, 5, 2, 'Security audit & hardening', NULL, '2026-04-28 08:00:00', '2026-04-29 17:00:00', '2026-04-28 08:00:00', '2026-04-29 17:00:00', '2026-04-29 16:46:00', 240, 168, 240, 360, 254, 100, 1, 3, 3, '2026-04-28 08:00:00', '2026-04-29 16:46:00', NULL),
(3, 'MIS-1-3', 1, NULL, 0, 2, 4, 4, 'Dokumentasi teknis & user guide', NULL, '2026-05-06 08:00:00', '2026-05-07 17:00:00', '2026-05-06 08:00:00', '2026-05-07 17:00:00', NULL, 180, 125, 180, 270, 0, 89, 2, 6, NULL, '2026-05-06 08:00:00', '2026-05-06 08:00:00', NULL),
(4, 'MIS-1-4', 1, NULL, 0, 3, 4, 3, 'Setup project & boilerplate', NULL, '2026-05-14 08:00:00', '2026-05-15 17:00:00', '2026-05-14 08:00:00', '2026-05-15 17:00:00', NULL, 120, 84, 120, 180, 0, 95, 3, 6, NULL, '2026-05-14 08:00:00', '2026-05-14 08:00:00', NULL),
(5, 'MIS-1-5', 1, NULL, 0, 3, 4, 3, 'Bug fixing & optimization', NULL, '2026-05-15 08:00:00', '2026-05-15 17:00:00', '2026-05-15 08:00:00', '2026-05-15 17:00:00', NULL, 120, 84, 120, 180, 0, 88, 4, 5, NULL, '2026-05-15 08:00:00', '2026-05-15 08:00:00', NULL),
(6, 'MIS-1-6', 1, NULL, 0, 4, 1, 3, 'UAT preparation & support', NULL, '2026-05-18 08:00:00', '2026-05-20 17:00:00', '2026-05-18 08:00:00', '2026-05-20 17:00:00', NULL, 180, 125, 180, 270, 0, 0, 5, 4, NULL, '2026-05-18 08:00:00', '2026-05-18 08:00:00', NULL),
(7, 'MIS-2-1', 2, NULL, 0, 1, 5, 2, 'Unit testing & integration test', NULL, '2026-04-27 08:00:00', '2026-04-29 17:00:00', '2026-04-27 08:00:00', '2026-04-29 17:00:00', '2026-04-29 14:49:00', 480, 336, 480, 720, 630, 100, 0, 6, 6, '2026-04-27 08:00:00', '2026-04-29 14:49:00', NULL),
(8, 'MIS-2-2', 2, NULL, 0, 1, 5, 2, 'Security audit & hardening', NULL, '2026-04-28 08:00:00', '2026-04-29 17:00:00', '2026-04-28 08:00:00', '2026-04-29 17:00:00', '2026-04-29 15:47:00', 240, 168, 240, 360, 281, 100, 1, 3, 3, '2026-04-28 08:00:00', '2026-04-29 15:47:00', NULL),
(9, 'MIS-2-3', 2, NULL, 0, 2, 5, 3, 'Analisis kebutuhan & dokumentasi', NULL, '2026-05-06 08:00:00', '2026-05-07 17:00:00', '2026-05-06 08:00:00', '2026-05-07 17:00:00', '2026-05-07 15:03:00', 300, 210, 300, 450, 271, 100, 2, 4, 4, '2026-05-06 08:00:00', '2026-05-07 15:03:00', NULL),
(10, 'MIS-2-4', 2, NULL, 0, 3, 3, 3, 'Performance testing & tuning', NULL, '2026-05-14 08:00:00', '2026-05-15 17:00:00', '2026-05-14 08:00:00', '2026-05-15 17:00:00', NULL, 120, 84, 120, 180, 48, 33, 3, 3, NULL, '2026-05-14 08:00:00', '2026-05-14 08:00:00', NULL),
(11, 'MIS-2-5', 2, NULL, 0, 3, 3, 3, 'Setup project & boilerplate', NULL, '2026-05-15 08:00:00', '2026-05-15 17:00:00', '2026-05-15 08:00:00', '2026-05-15 17:00:00', NULL, 480, 336, 480, 720, 243, 41, 4, 3, NULL, '2026-05-15 08:00:00', '2026-05-15 08:00:00', NULL),
(12, 'MIS-3-1', 3, NULL, 0, 5, 5, 1, 'Dokumentasi teknis & user guide', NULL, '2026-04-27 08:00:00', '2026-04-29 17:00:00', '2026-04-27 08:00:00', '2026-04-29 17:00:00', '2026-04-29 15:33:00', 240, 168, 240, 360, 296, 100, 0, 4, 4, '2026-04-27 08:00:00', '2026-04-29 15:33:00', NULL),
(13, 'MIS-3-2', 3, NULL, 0, 5, 5, 2, 'Security audit & hardening', NULL, '2026-04-28 08:00:00', '2026-04-30 17:00:00', '2026-04-28 08:00:00', '2026-04-30 17:00:00', '2026-04-30 15:12:00', 120, 84, 120, 180, 166, 100, 1, 4, 4, '2026-04-28 08:00:00', '2026-04-30 15:12:00', NULL),
(14, 'MIS-3-3', 3, NULL, 0, 6, 5, 3, 'Bug fixing & optimization', NULL, '2026-05-06 08:00:00', '2026-05-07 17:00:00', '2026-05-06 08:00:00', '2026-05-07 17:00:00', '2026-05-07 16:46:00', 240, 168, 240, 360, 168, 100, 2, 3, 3, '2026-05-06 08:00:00', '2026-05-07 16:46:00', NULL),
(15, 'MIS-3-4', 3, NULL, 0, 7, 3, 3, 'Analisis kebutuhan & dokumentasi', NULL, '2026-05-14 08:00:00', '2026-05-15 17:00:00', '2026-05-14 08:00:00', '2026-05-15 17:00:00', NULL, 120, 84, 120, 180, 88, 39, 3, 5, NULL, '2026-05-14 08:00:00', '2026-05-14 08:00:00', NULL),
(16, 'MIS-3-5', 3, NULL, 0, 7, 2, 3, 'Deployment & monitoring setup', NULL, '2026-05-15 08:00:00', '2026-05-15 17:00:00', '2026-05-15 08:00:00', '2026-05-15 17:00:00', NULL, 120, 84, 120, 180, 0, 0, 4, 3, NULL, '2026-05-15 08:00:00', '2026-05-15 08:00:00', NULL),
(17, 'MIS-3-6', 3, NULL, 0, 8, 2, 2, 'UAT preparation & support', NULL, '2026-05-18 08:00:00', '2026-05-20 17:00:00', '2026-05-18 08:00:00', '2026-05-20 17:00:00', NULL, 120, 84, 120, 180, 0, 0, 5, 5, NULL, '2026-05-18 08:00:00', '2026-05-18 08:00:00', NULL),
(18, 'MIS-4-1', 4, NULL, 0, 9, 5, 2, 'Security audit & hardening', NULL, '2026-04-27 08:00:00', '2026-04-28 17:00:00', '2026-04-27 08:00:00', '2026-04-28 17:00:00', '2026-04-28 14:04:00', 300, 210, 300, 450, 268, 100, 0, 5, 5, '2026-04-27 08:00:00', '2026-04-28 14:04:00', NULL),
(19, 'MIS-4-2', 4, NULL, 0, 9, 5, 1, 'Setup project & boilerplate', NULL, '2026-04-28 08:00:00', '2026-04-30 17:00:00', '2026-04-28 08:00:00', '2026-04-30 17:00:00', '2026-04-30 14:44:00', 240, 168, 240, 360, 202, 100, 1, 3, 3, '2026-04-28 08:00:00', '2026-04-30 14:44:00', NULL),
(20, 'MIS-4-3', 4, NULL, 0, 10, 4, 1, 'Analisis kebutuhan & dokumentasi', NULL, '2026-05-06 08:00:00', '2026-05-07 17:00:00', '2026-05-06 08:00:00', '2026-05-07 17:00:00', NULL, 120, 84, 120, 180, 0, 94, 2, 4, NULL, '2026-05-06 08:00:00', '2026-05-06 08:00:00', NULL),
(21, 'MIS-4-4', 4, NULL, 0, 11, 4, 2, 'Dokumentasi teknis & user guide', NULL, '2026-05-14 08:00:00', '2026-05-15 17:00:00', '2026-05-14 08:00:00', '2026-05-15 17:00:00', NULL, 180, 125, 180, 270, 0, 85, 3, 4, NULL, '2026-05-14 08:00:00', '2026-05-14 08:00:00', NULL),
(22, 'MIS-4-5', 4, NULL, 0, 11, 2, 2, 'Integrasi external service', NULL, '2026-05-15 08:00:00', '2026-05-15 17:00:00', '2026-05-15 08:00:00', '2026-05-15 17:00:00', NULL, 180, 125, 180, 270, 0, 0, 4, 6, NULL, '2026-05-15 08:00:00', '2026-05-15 08:00:00', NULL),
(23, 'MIS-4-6', 4, NULL, 0, 12, 2, 4, 'Desain database schema & ERD', NULL, '2026-05-18 08:00:00', '2026-05-19 17:00:00', '2026-05-18 08:00:00', '2026-05-19 17:00:00', NULL, 300, 210, 300, 450, 0, 0, 5, 6, NULL, '2026-05-18 08:00:00', '2026-05-18 08:00:00', NULL),
(24, 'MIS-5-1', 5, NULL, 0, 13, 5, 3, 'Deployment & monitoring setup', NULL, '2026-04-27 08:00:00', '2026-04-29 17:00:00', '2026-04-27 08:00:00', '2026-04-29 17:00:00', '2026-04-29 16:42:00', 480, 336, 480, 720, 628, 100, 0, 4, 4, '2026-04-27 08:00:00', '2026-04-29 16:42:00', NULL),
(25, 'MIS-5-2', 5, NULL, 0, 13, 5, 1, 'Pengembangan UI komponen', NULL, '2026-04-28 08:00:00', '2026-04-30 17:00:00', '2026-04-28 08:00:00', '2026-04-30 17:00:00', '2026-04-30 16:41:00', 360, 251, 360, 540, 471, 100, 1, 4, 4, '2026-04-28 08:00:00', '2026-04-30 16:41:00', NULL),
(26, 'MIS-5-3', 5, NULL, 0, 14, 5, 4, 'Code review & refactoring', NULL, '2026-05-06 08:00:00', '2026-05-08 17:00:00', '2026-05-06 08:00:00', '2026-05-08 17:00:00', '2026-05-08 14:59:00', 480, 336, 480, 720, 518, 100, 2, 3, 3, '2026-05-06 08:00:00', '2026-05-08 14:59:00', NULL),
(27, 'MIS-5-4', 5, NULL, 0, 15, 3, 1, 'Performance testing & tuning', NULL, '2026-05-14 08:00:00', '2026-05-15 17:00:00', '2026-05-14 08:00:00', '2026-05-15 17:00:00', NULL, 120, 84, 120, 180, 62, 32, 3, 6, NULL, '2026-05-14 08:00:00', '2026-05-14 08:00:00', NULL),
(28, 'MIS-5-5', 5, NULL, 0, 15, 4, 3, 'Setup project & boilerplate', NULL, '2026-05-15 08:00:00', '2026-05-15 17:00:00', '2026-05-15 08:00:00', '2026-05-15 17:00:00', NULL, 480, 336, 480, 720, 0, 94, 4, 4, NULL, '2026-05-15 08:00:00', '2026-05-15 08:00:00', NULL),
(29, 'MIS-5-6', 5, NULL, 0, 16, 2, 3, 'Analisis kebutuhan & dokumentasi', NULL, '2026-05-18 08:00:00', '2026-05-19 17:00:00', '2026-05-18 08:00:00', '2026-05-19 17:00:00', NULL, 300, 210, 300, 450, 0, 0, 5, 4, NULL, '2026-05-18 08:00:00', '2026-05-18 08:00:00', NULL),
(30, 'MIS-6-1', 6, NULL, 0, 17, 10, 3, 'Pengembangan UI komponen', NULL, '2026-04-27 08:00:00', '2026-04-29 17:00:00', '2026-04-27 08:00:00', '2026-04-29 17:00:00', '2026-04-29 14:04:00', 240, 168, 240, 360, 272, 100, 0, 10, 10, '2026-04-27 08:00:00', '2026-04-29 14:04:00', NULL),
(31, 'MIS-6-2', 6, NULL, 0, 17, 10, 3, 'Implementasi API endpoint', NULL, '2026-04-28 08:00:00', '2026-04-29 17:00:00', '2026-04-28 08:00:00', '2026-04-29 17:00:00', '2026-04-29 16:41:00', 300, 210, 300, 450, 261, 100, 1, 8, 8, '2026-04-28 08:00:00', '2026-04-29 16:41:00', NULL),
(32, 'MIS-6-3', 6, NULL, 0, 18, 10, 2, 'UAT preparation & support', NULL, '2026-05-06 08:00:00', '2026-05-08 17:00:00', '2026-05-06 08:00:00', '2026-05-08 17:00:00', '2026-05-08 14:06:00', 360, 251, 360, 540, 532, 100, 2, 7, 7, '2026-05-06 08:00:00', '2026-05-08 14:06:00', NULL),
(33, 'MIS-6-4', 6, NULL, 0, 19, 7, 3, 'Security audit & hardening', NULL, '2026-05-14 08:00:00', '2026-05-15 17:00:00', '2026-05-14 08:00:00', '2026-05-15 17:00:00', NULL, 360, 251, 360, 540, 0, 0, 3, 8, NULL, '2026-05-14 08:00:00', '2026-05-14 08:00:00', NULL),
(34, 'MIS-6-5', 6, NULL, 0, 19, 8, 2, 'Unit testing & integration test', NULL, '2026-05-15 08:00:00', '2026-05-15 17:00:00', '2026-05-15 08:00:00', '2026-05-15 17:00:00', NULL, 120, 84, 120, 180, 64, 37, 4, 7, NULL, '2026-05-15 08:00:00', '2026-05-15 08:00:00', NULL),
(35, 'MIS-6-6', 6, NULL, 0, 20, 7, 3, 'Analisis kebutuhan & dokumentasi', NULL, '2026-05-18 08:00:00', '2026-05-19 17:00:00', '2026-05-18 08:00:00', '2026-05-19 17:00:00', NULL, 240, 168, 240, 360, 0, 0, 5, 9, NULL, '2026-05-18 08:00:00', '2026-05-18 08:00:00', NULL),
(36, 'MIS-7-1', 7, NULL, 0, 17, 10, 3, 'Desain database schema & ERD', NULL, '2026-04-27 08:00:00', '2026-04-29 17:00:00', '2026-04-27 08:00:00', '2026-04-29 17:00:00', '2026-04-29 14:55:00', 240, 168, 240, 360, 206, 100, 0, 10, 10, '2026-04-27 08:00:00', '2026-04-29 14:55:00', NULL),
(37, 'MIS-7-2', 7, NULL, 0, 17, 10, 4, 'UAT preparation & support', NULL, '2026-04-28 08:00:00', '2026-04-30 17:00:00', '2026-04-28 08:00:00', '2026-04-30 17:00:00', '2026-04-30 16:16:00', 300, 210, 300, 450, 387, 100, 1, 9, 9, '2026-04-28 08:00:00', '2026-04-30 16:16:00', NULL),
(38, 'MIS-7-3', 7, NULL, 0, 18, 10, 1, 'Pengembangan UI komponen', NULL, '2026-05-06 08:00:00', '2026-05-08 17:00:00', '2026-05-06 08:00:00', '2026-05-08 17:00:00', '2026-05-08 16:09:00', 360, 251, 360, 540, 381, 100, 2, 10, 10, '2026-05-06 08:00:00', '2026-05-08 16:09:00', NULL),
(39, 'MIS-7-4', 7, NULL, 0, 19, 8, 4, 'Dokumentasi teknis & user guide', NULL, '2026-05-14 08:00:00', '2026-05-15 17:00:00', '2026-05-14 08:00:00', '2026-05-15 17:00:00', NULL, 360, 251, 360, 540, 231, 27, 3, 7, NULL, '2026-05-14 08:00:00', '2026-05-14 08:00:00', NULL),
(40, 'MIS-8-1', 8, NULL, 0, 21, 10, 3, 'Integrasi external service', NULL, '2026-04-27 08:00:00', '2026-04-28 17:00:00', '2026-04-27 08:00:00', '2026-04-28 17:00:00', '2026-04-28 14:09:00', 240, 168, 240, 360, 201, 100, 0, 8, 8, '2026-04-27 08:00:00', '2026-04-28 14:09:00', NULL),
(41, 'MIS-8-2', 8, NULL, 0, 21, 10, 2, 'Unit testing & integration test', NULL, '2026-04-28 08:00:00', '2026-04-29 17:00:00', '2026-04-28 08:00:00', '2026-04-29 17:00:00', '2026-04-29 14:37:00', 120, 84, 120, 180, 164, 100, 1, 10, 10, '2026-04-28 08:00:00', '2026-04-29 14:37:00', NULL),
(42, 'MIS-8-3', 8, NULL, 0, 22, 10, 4, 'Desain database schema & ERD', NULL, '2026-05-06 08:00:00', '2026-05-08 17:00:00', '2026-05-06 08:00:00', '2026-05-08 17:00:00', '2026-05-08 15:05:00', 300, 210, 300, 450, 235, 100, 2, 8, 8, '2026-05-06 08:00:00', '2026-05-08 15:05:00', NULL),
(43, 'MIS-8-4', 8, NULL, 0, 23, 7, 1, 'Setup project & boilerplate', NULL, '2026-05-14 08:00:00', '2026-05-15 17:00:00', '2026-05-14 08:00:00', '2026-05-15 17:00:00', NULL, 120, 84, 120, 180, 0, 0, 3, 10, NULL, '2026-05-14 08:00:00', '2026-05-14 08:00:00', NULL),
(44, 'MIS-8-5', 8, NULL, 0, 23, 9, 4, 'Bug fixing & optimization', NULL, '2026-05-15 08:00:00', '2026-05-15 17:00:00', '2026-05-15 08:00:00', '2026-05-15 17:00:00', NULL, 360, 251, 360, 540, 0, 92, 4, 8, NULL, '2026-05-15 08:00:00', '2026-05-15 08:00:00', NULL),
(45, 'MIS-9-1', 9, NULL, 0, 25, 10, 2, 'Analisis kebutuhan & dokumentasi', NULL, '2026-04-27 08:00:00', '2026-04-28 17:00:00', '2026-04-27 08:00:00', '2026-04-28 17:00:00', '2026-04-28 14:53:00', 180, 125, 180, 270, 246, 100, 0, 7, 7, '2026-04-27 08:00:00', '2026-04-28 14:53:00', NULL),
(46, 'MIS-9-2', 9, NULL, 0, 25, 10, 1, 'Pengembangan UI komponen', NULL, '2026-04-28 08:00:00', '2026-04-29 17:00:00', '2026-04-28 08:00:00', '2026-04-29 17:00:00', '2026-04-29 14:09:00', 300, 210, 300, 450, 352, 100, 1, 8, 8, '2026-04-28 08:00:00', '2026-04-29 14:09:00', NULL),
(47, 'MIS-9-3', 9, NULL, 0, 26, 10, 1, 'Desain database schema & ERD', NULL, '2026-05-06 08:00:00', '2026-05-07 17:00:00', '2026-05-06 08:00:00', '2026-05-07 17:00:00', '2026-05-07 14:46:00', 300, 210, 300, 450, 389, 100, 2, 8, 8, '2026-05-06 08:00:00', '2026-05-07 14:46:00', NULL),
(48, 'MIS-9-4', 9, NULL, 0, 27, 9, 3, 'Unit testing & integration test', NULL, '2026-05-14 08:00:00', '2026-05-15 17:00:00', '2026-05-14 08:00:00', '2026-05-15 17:00:00', NULL, 480, 336, 480, 720, 0, 93, 3, 8, NULL, '2026-05-14 08:00:00', '2026-05-14 08:00:00', NULL),
(49, 'MIS-9-5', 9, NULL, 0, 27, 7, 3, 'Deployment & monitoring setup', NULL, '2026-05-15 08:00:00', '2026-05-15 17:00:00', '2026-05-15 08:00:00', '2026-05-15 17:00:00', NULL, 360, 251, 360, 540, 0, 0, 4, 10, NULL, '2026-05-15 08:00:00', '2026-05-15 08:00:00', NULL),
(50, 'MIS-9-6', 9, NULL, 0, 28, 6, 2, 'Performance testing & tuning', NULL, '2026-05-18 08:00:00', '2026-05-19 17:00:00', '2026-05-18 08:00:00', '2026-05-19 17:00:00', NULL, 240, 168, 240, 360, 0, 0, 5, 7, NULL, '2026-05-18 08:00:00', '2026-05-18 08:00:00', NULL),
(51, 'MIS-10-1', 10, NULL, 0, 29, 10, 4, 'Performance testing & tuning', NULL, '2026-04-27 08:00:00', '2026-04-29 17:00:00', '2026-04-27 08:00:00', '2026-04-29 17:00:00', '2026-04-29 15:19:00', 240, 168, 240, 360, 232, 100, 0, 7, 7, '2026-04-27 08:00:00', '2026-04-29 15:19:00', NULL),
(52, 'MIS-10-2', 10, NULL, 0, 29, 10, 2, 'Desain database schema & ERD', NULL, '2026-04-28 08:00:00', '2026-04-30 17:00:00', '2026-04-28 08:00:00', '2026-04-30 17:00:00', '2026-04-30 14:46:00', 180, 125, 180, 270, 235, 100, 1, 8, 8, '2026-04-28 08:00:00', '2026-04-30 14:46:00', NULL),
(53, 'MIS-10-3', 10, NULL, 0, 30, 10, 3, 'Bug fixing & optimization', NULL, '2026-05-06 08:00:00', '2026-05-07 17:00:00', '2026-05-06 08:00:00', '2026-05-07 17:00:00', '2026-05-07 15:39:00', 360, 251, 360, 540, 369, 100, 2, 7, 7, '2026-05-06 08:00:00', '2026-05-07 15:39:00', NULL),
(54, 'MIS-10-4', 10, NULL, 0, 31, 8, 2, 'Pengembangan UI komponen', NULL, '2026-05-14 08:00:00', '2026-05-15 17:00:00', '2026-05-14 08:00:00', '2026-05-15 17:00:00', NULL, 180, 125, 180, 270, 59, 28, 3, 8, NULL, '2026-05-14 08:00:00', '2026-05-14 08:00:00', NULL),
(55, 'MIS-10-5', 10, NULL, 0, 31, 8, 4, 'Analisis kebutuhan & dokumentasi', NULL, '2026-05-15 08:00:00', '2026-05-15 17:00:00', '2026-05-15 08:00:00', '2026-05-15 17:00:00', NULL, 180, 125, 180, 270, 69, 70, 4, 9, NULL, '2026-05-15 08:00:00', '2026-05-15 08:00:00', NULL),
(56, 'MIS-10-6', 10, NULL, 0, 32, 6, 3, 'UAT preparation & support', NULL, '2026-05-18 08:00:00', '2026-05-20 17:00:00', '2026-05-18 08:00:00', '2026-05-20 17:00:00', NULL, 300, 210, 300, 450, 0, 0, 5, 10, NULL, '2026-05-18 08:00:00', '2026-05-18 08:00:00', NULL),
(57, 'MIS-11-1', 11, NULL, 0, 33, 10, 2, 'UAT preparation & support', NULL, '2026-04-27 08:00:00', '2026-04-29 17:00:00', '2026-04-27 08:00:00', '2026-04-29 17:00:00', '2026-04-29 15:37:00', 240, 168, 240, 360, 232, 100, 0, 8, 8, '2026-04-27 08:00:00', '2026-04-29 15:37:00', NULL),
(58, 'MIS-11-2', 11, NULL, 0, 33, 10, 3, 'Integrasi external service', NULL, '2026-04-28 08:00:00', '2026-04-30 17:00:00', '2026-04-28 08:00:00', '2026-04-30 17:00:00', '2026-04-30 16:21:00', 120, 84, 120, 180, 141, 100, 1, 10, 10, '2026-04-28 08:00:00', '2026-04-30 16:21:00', NULL),
(59, 'MIS-11-3', 11, NULL, 0, 34, 9, 4, 'Analisis kebutuhan & dokumentasi', NULL, '2026-05-06 08:00:00', '2026-05-07 17:00:00', '2026-05-06 08:00:00', '2026-05-07 17:00:00', NULL, 240, 168, 240, 360, 0, 86, 2, 10, NULL, '2026-05-06 08:00:00', '2026-05-06 08:00:00', NULL),
(60, 'MIS-11-4', 11, NULL, 0, 35, 8, 3, 'Deployment & monitoring setup', NULL, '2026-05-14 08:00:00', '2026-05-15 17:00:00', '2026-05-14 08:00:00', '2026-05-15 17:00:00', NULL, 300, 210, 300, 450, 225, 42, 3, 10, NULL, '2026-05-14 08:00:00', '2026-05-14 08:00:00', NULL),
(61, 'MIS-12-1', 12, NULL, 0, 37, 15, 3, 'Integrasi external service', NULL, '2026-04-27 08:00:00', '2026-04-28 17:00:00', '2026-04-27 08:00:00', '2026-04-28 17:00:00', '2026-04-28 15:33:00', 480, 336, 480, 720, 619, 100, 0, 16, 16, '2026-04-27 08:00:00', '2026-04-28 15:33:00', NULL),
(62, 'MIS-12-2', 12, NULL, 0, 37, 15, 1, 'Security audit & hardening', NULL, '2026-04-28 08:00:00', '2026-04-29 17:00:00', '2026-04-28 08:00:00', '2026-04-29 17:00:00', '2026-04-29 16:43:00', 300, 210, 300, 450, 325, 100, 1, 12, 12, '2026-04-28 08:00:00', '2026-04-29 16:43:00', NULL),
(63, 'MIS-12-3', 12, NULL, 0, 38, 14, 1, 'Analisis kebutuhan & dokumentasi', NULL, '2026-05-06 08:00:00', '2026-05-07 17:00:00', '2026-05-06 08:00:00', '2026-05-07 17:00:00', NULL, 180, 125, 180, 270, 0, 88, 2, 16, NULL, '2026-05-06 08:00:00', '2026-05-06 08:00:00', NULL),
(64, 'MIS-12-4', 12, NULL, 0, 39, 13, 3, 'Setup project & boilerplate', NULL, '2026-05-14 08:00:00', '2026-05-15 17:00:00', '2026-05-14 08:00:00', '2026-05-15 17:00:00', NULL, 120, 84, 120, 180, 101, 31, 3, 14, NULL, '2026-05-14 08:00:00', '2026-05-14 08:00:00', NULL),
(65, 'MIS-12-5', 12, NULL, 0, 39, 14, 2, 'Implementasi API endpoint', NULL, '2026-05-15 08:00:00', '2026-05-15 17:00:00', '2026-05-15 08:00:00', '2026-05-15 17:00:00', NULL, 180, 125, 180, 270, 0, 92, 4, 14, NULL, '2026-05-15 08:00:00', '2026-05-15 08:00:00', NULL),
(66, 'MIS-12-6', 12, NULL, 0, 40, 12, 2, 'Bug fixing & optimization', NULL, '2026-05-18 08:00:00', '2026-05-20 17:00:00', '2026-05-18 08:00:00', '2026-05-20 17:00:00', NULL, 360, 251, 360, 540, 0, 0, 5, 11, NULL, '2026-05-18 08:00:00', '2026-05-18 08:00:00', NULL),
(67, 'MIS-13-1', 13, NULL, 0, 37, 15, 4, 'Unit testing & integration test', NULL, '2026-04-27 08:00:00', '2026-04-29 17:00:00', '2026-04-27 08:00:00', '2026-04-29 17:00:00', '2026-04-29 16:21:00', 180, 125, 180, 270, 259, 100, 0, 11, 11, '2026-04-27 08:00:00', '2026-04-29 16:21:00', NULL),
(68, 'MIS-13-2', 13, NULL, 0, 37, 15, 2, 'Implementasi API endpoint', NULL, '2026-04-28 08:00:00', '2026-04-30 17:00:00', '2026-04-28 08:00:00', '2026-04-30 17:00:00', '2026-04-30 16:05:00', 240, 168, 240, 360, 225, 100, 1, 14, 14, '2026-04-28 08:00:00', '2026-04-30 16:05:00', NULL),
(69, 'MIS-13-3', 13, NULL, 0, 38, 15, 2, 'Code review & refactoring', NULL, '2026-05-06 08:00:00', '2026-05-07 17:00:00', '2026-05-06 08:00:00', '2026-05-07 17:00:00', '2026-05-07 14:39:00', 360, 251, 360, 540, 476, 100, 2, 16, 16, '2026-05-06 08:00:00', '2026-05-07 14:39:00', NULL),
(70, 'MIS-13-4', 13, NULL, 0, 39, 13, 3, 'Pengembangan UI komponen', NULL, '2026-05-14 08:00:00', '2026-05-15 17:00:00', '2026-05-14 08:00:00', '2026-05-15 17:00:00', NULL, 480, 336, 480, 720, 238, 40, 3, 14, NULL, '2026-05-14 08:00:00', '2026-05-14 08:00:00', NULL),
(71, 'MIS-13-5', 13, NULL, 0, 39, 13, 3, 'Bug fixing & optimization', NULL, '2026-05-15 08:00:00', '2026-05-15 17:00:00', '2026-05-15 08:00:00', '2026-05-15 17:00:00', NULL, 300, 210, 300, 450, 64, 32, 4, 15, NULL, '2026-05-15 08:00:00', '2026-05-15 08:00:00', NULL),
(72, 'MIS-13-6', 13, NULL, 0, 40, 11, 2, 'Integrasi external service', NULL, '2026-05-18 08:00:00', '2026-05-20 17:00:00', '2026-05-18 08:00:00', '2026-05-20 17:00:00', NULL, 240, 168, 240, 360, 0, 0, 5, 14, NULL, '2026-05-18 08:00:00', '2026-05-18 08:00:00', NULL),
(73, 'MIS-14-1', 14, NULL, 0, 41, 15, 4, 'Desain database schema & ERD', NULL, '2026-04-27 08:00:00', '2026-04-29 17:00:00', '2026-04-27 08:00:00', '2026-04-29 17:00:00', '2026-04-29 15:47:00', 480, 336, 480, 720, 647, 100, 0, 14, 14, '2026-04-27 08:00:00', '2026-04-29 15:47:00', NULL),
(74, 'MIS-14-2', 14, NULL, 0, 41, 15, 1, 'Dokumentasi teknis & user guide', NULL, '2026-04-28 08:00:00', '2026-04-30 17:00:00', '2026-04-28 08:00:00', '2026-04-30 17:00:00', '2026-04-30 15:30:00', 240, 168, 240, 360, 314, 100, 1, 15, 15, '2026-04-28 08:00:00', '2026-04-30 15:30:00', NULL),
(75, 'MIS-14-3', 14, NULL, 0, 42, 15, 3, 'Setup project & boilerplate', NULL, '2026-05-06 08:00:00', '2026-05-08 17:00:00', '2026-05-06 08:00:00', '2026-05-08 17:00:00', '2026-05-08 16:50:00', 300, 210, 300, 450, 307, 100, 2, 12, 12, '2026-05-06 08:00:00', '2026-05-08 16:50:00', NULL),
(76, 'MIS-14-4', 14, NULL, 0, 43, 13, 2, 'Integrasi external service', NULL, '2026-05-14 08:00:00', '2026-05-15 17:00:00', '2026-05-14 08:00:00', '2026-05-15 17:00:00', NULL, 180, 125, 180, 270, 55, 37, 3, 14, NULL, '2026-05-14 08:00:00', '2026-05-14 08:00:00', NULL),
(77, 'MIS-14-5', 14, NULL, 0, 43, 13, 3, 'Code review & refactoring', NULL, '2026-05-15 08:00:00', '2026-05-15 17:00:00', '2026-05-15 08:00:00', '2026-05-15 17:00:00', NULL, 480, 336, 480, 720, 31, 66, 4, 11, NULL, '2026-05-15 08:00:00', '2026-05-15 08:00:00', NULL),
(78, 'MIS-15-1', 15, NULL, 0, 45, 15, 3, 'Unit testing & integration test', NULL, '2026-04-27 08:00:00', '2026-04-29 17:00:00', '2026-04-27 08:00:00', '2026-04-29 17:00:00', '2026-04-29 14:05:00', 120, 84, 120, 180, 127, 100, 0, 11, 11, '2026-04-27 08:00:00', '2026-04-29 14:05:00', NULL),
(79, 'MIS-15-2', 15, NULL, 0, 45, 15, 1, 'Analisis kebutuhan & dokumentasi', NULL, '2026-04-28 08:00:00', '2026-04-29 17:00:00', '2026-04-28 08:00:00', '2026-04-29 17:00:00', '2026-04-29 15:35:00', 480, 336, 480, 720, 546, 100, 1, 12, 12, '2026-04-28 08:00:00', '2026-04-29 15:35:00', NULL),
(80, 'MIS-15-3', 15, NULL, 0, 46, 14, 3, 'Deployment & monitoring setup', NULL, '2026-05-06 08:00:00', '2026-05-08 17:00:00', '2026-05-06 08:00:00', '2026-05-08 17:00:00', NULL, 480, 336, 480, 720, 0, 88, 2, 14, NULL, '2026-05-06 08:00:00', '2026-05-06 08:00:00', NULL),
(81, 'MIS-15-4', 15, NULL, 0, 47, 13, 3, 'Code review & refactoring', NULL, '2026-05-14 08:00:00', '2026-05-15 17:00:00', '2026-05-14 08:00:00', '2026-05-15 17:00:00', NULL, 480, 336, 480, 720, 203, 28, 3, 12, NULL, '2026-05-14 08:00:00', '2026-05-14 08:00:00', NULL),
(82, 'MIS-15-5', 15, NULL, 0, 47, 12, 4, 'Setup project & boilerplate', NULL, '2026-05-15 08:00:00', '2026-05-15 17:00:00', '2026-05-15 08:00:00', '2026-05-15 17:00:00', NULL, 360, 251, 360, 540, 0, 0, 4, 14, NULL, '2026-05-15 08:00:00', '2026-05-15 08:00:00', NULL),
(83, 'MIS-15-6', 15, NULL, 0, 48, 11, 2, 'Implementasi API endpoint', NULL, '2026-05-18 08:00:00', '2026-05-19 17:00:00', '2026-05-18 08:00:00', '2026-05-19 17:00:00', NULL, 240, 168, 240, 360, 0, 0, 5, 13, NULL, '2026-05-18 08:00:00', '2026-05-18 08:00:00', NULL),
(84, 'MIS-16-1', 16, NULL, 0, 49, 15, 1, 'Desain database schema & ERD', NULL, '2026-04-27 08:00:00', '2026-04-29 17:00:00', '2026-04-27 08:00:00', '2026-04-29 17:00:00', '2026-04-29 14:08:00', 120, 84, 120, 180, 126, 100, 0, 15, 15, '2026-04-27 08:00:00', '2026-04-29 14:08:00', NULL),
(85, 'MIS-16-2', 16, NULL, 0, 49, 15, 4, 'Integrasi external service', NULL, '2026-04-28 08:00:00', '2026-04-30 17:00:00', '2026-04-28 08:00:00', '2026-04-30 17:00:00', '2026-04-30 15:52:00', 240, 168, 240, 360, 338, 100, 1, 16, 16, '2026-04-28 08:00:00', '2026-04-30 15:52:00', NULL),
(86, 'MIS-16-3', 16, NULL, 0, 50, 15, 3, 'Implementasi API endpoint', NULL, '2026-05-06 08:00:00', '2026-05-08 17:00:00', '2026-05-06 08:00:00', '2026-05-08 17:00:00', '2026-05-08 16:38:00', 240, 168, 240, 360, 230, 100, 2, 12, 12, '2026-05-06 08:00:00', '2026-05-08 16:38:00', NULL),
(87, 'MIS-16-4', 16, NULL, 0, 51, 14, 3, 'Performance testing & tuning', NULL, '2026-05-14 08:00:00', '2026-05-15 17:00:00', '2026-05-14 08:00:00', '2026-05-15 17:00:00', NULL, 180, 125, 180, 270, 0, 86, 3, 13, NULL, '2026-05-14 08:00:00', '2026-05-14 08:00:00', NULL),
(88, 'MIS-16-5', 16, NULL, 0, 51, 12, 2, 'Bug fixing & optimization', NULL, '2026-05-15 08:00:00', '2026-05-15 17:00:00', '2026-05-15 08:00:00', '2026-05-15 17:00:00', NULL, 300, 210, 300, 450, 0, 0, 4, 14, NULL, '2026-05-15 08:00:00', '2026-05-15 08:00:00', NULL),
(89, 'MIS-16-6', 16, NULL, 0, 52, 12, 1, 'Unit testing & integration test', NULL, '2026-05-18 08:00:00', '2026-05-20 17:00:00', '2026-05-18 08:00:00', '2026-05-20 17:00:00', NULL, 300, 210, 300, 450, 0, 0, 5, 11, NULL, '2026-05-18 08:00:00', '2026-05-18 08:00:00', NULL),
(90, 'MIS-17-1', 17, NULL, 0, 53, 15, 3, 'Bug fixing & optimization', NULL, '2026-04-27 08:00:00', '2026-04-29 17:00:00', '2026-04-27 08:00:00', '2026-04-29 17:00:00', '2026-04-29 15:52:00', 240, 168, 240, 360, 320, 100, 0, 16, 16, '2026-04-27 08:00:00', '2026-04-29 15:52:00', NULL),
(91, 'MIS-17-2', 17, NULL, 0, 53, 15, 4, 'Analisis kebutuhan & dokumentasi', NULL, '2026-04-28 08:00:00', '2026-04-30 17:00:00', '2026-04-28 08:00:00', '2026-04-30 17:00:00', '2026-04-30 16:39:00', 360, 251, 360, 540, 457, 100, 1, 15, 15, '2026-04-28 08:00:00', '2026-04-30 16:39:00', NULL),
(92, 'MIS-17-3', 17, NULL, 0, 54, 15, 4, 'Dokumentasi teknis & user guide', NULL, '2026-05-06 08:00:00', '2026-05-08 17:00:00', '2026-05-06 08:00:00', '2026-05-08 17:00:00', '2026-05-08 15:38:00', 180, 125, 180, 270, 236, 100, 2, 14, 14, '2026-05-06 08:00:00', '2026-05-08 15:38:00', NULL),
(93, 'MIS-17-4', 17, NULL, 0, 55, 13, 3, 'Implementasi API endpoint', NULL, '2026-05-14 08:00:00', '2026-05-15 17:00:00', '2026-05-14 08:00:00', '2026-05-15 17:00:00', NULL, 300, 210, 300, 450, 202, 44, 3, 12, NULL, '2026-05-14 08:00:00', '2026-05-14 08:00:00', NULL),
(94, 'MIS-17-5', 17, NULL, 0, 55, 13, 4, 'Unit testing & integration test', NULL, '2026-05-15 08:00:00', '2026-05-15 17:00:00', '2026-05-15 08:00:00', '2026-05-15 17:00:00', NULL, 120, 84, 120, 180, 43, 53, 4, 15, NULL, '2026-05-15 08:00:00', '2026-05-15 08:00:00', NULL),
(95, 'MIS-17-6', 17, NULL, 0, 56, 11, 2, 'Pengembangan UI komponen', NULL, '2026-05-18 08:00:00', '2026-05-19 17:00:00', '2026-05-18 08:00:00', '2026-05-19 17:00:00', NULL, 300, 210, 300, 450, 0, 0, 5, 13, NULL, '2026-05-18 08:00:00', '2026-05-18 08:00:00', NULL),
(96, 'MIS-18-1', 18, NULL, 0, 57, 15, 2, 'Security audit & hardening', NULL, '2026-04-27 08:00:00', '2026-04-29 17:00:00', '2026-04-27 08:00:00', '2026-04-29 17:00:00', '2026-04-29 14:03:00', 300, 210, 300, 450, 312, 100, 0, 16, 16, '2026-04-27 08:00:00', '2026-04-29 14:03:00', NULL),
(97, 'MIS-18-2', 18, NULL, 0, 57, 15, 3, 'Unit testing & integration test', NULL, '2026-04-28 08:00:00', '2026-04-30 17:00:00', '2026-04-28 08:00:00', '2026-04-30 17:00:00', '2026-04-30 14:39:00', 360, 251, 360, 540, 520, 100, 1, 16, 16, '2026-04-28 08:00:00', '2026-04-30 14:39:00', NULL),
(98, 'MIS-18-3', 18, NULL, 0, 58, 15, 3, 'Implementasi API endpoint', NULL, '2026-05-06 08:00:00', '2026-05-08 17:00:00', '2026-05-06 08:00:00', '2026-05-08 17:00:00', '2026-05-08 14:48:00', 480, 336, 480, 720, 427, 100, 2, 13, 13, '2026-05-06 08:00:00', '2026-05-08 14:48:00', NULL),
(99, 'MIS-18-4', 18, NULL, 0, 59, 14, 1, 'Deployment & monitoring setup', NULL, '2026-05-14 08:00:00', '2026-05-15 17:00:00', '2026-05-14 08:00:00', '2026-05-15 17:00:00', NULL, 120, 84, 120, 180, 0, 95, 3, 12, NULL, '2026-05-14 08:00:00', '2026-05-14 08:00:00', NULL),
(100, 'MIS-18-5', 18, NULL, 0, 59, 14, 3, 'Code review & refactoring', NULL, '2026-05-15 08:00:00', '2026-05-15 17:00:00', '2026-05-15 08:00:00', '2026-05-15 17:00:00', NULL, 240, 168, 240, 360, 0, 85, 4, 12, NULL, '2026-05-15 08:00:00', '2026-05-15 08:00:00', NULL),
(101, 'MIS-19-1', 19, NULL, 0, 61, 15, 2, 'Implementasi API endpoint', NULL, '2026-04-27 08:00:00', '2026-04-28 17:00:00', '2026-04-27 08:00:00', '2026-04-28 17:00:00', '2026-04-28 16:54:00', 240, 168, 240, 360, 201, 100, 0, 13, 13, '2026-04-27 08:00:00', '2026-04-28 16:54:00', NULL),
(102, 'MIS-19-2', 19, NULL, 0, 61, 15, 4, 'Analisis kebutuhan & dokumentasi', NULL, '2026-04-28 08:00:00', '2026-04-30 17:00:00', '2026-04-28 08:00:00', '2026-04-30 17:00:00', '2026-04-30 16:09:00', 480, 336, 480, 720, 588, 100, 1, 15, 15, '2026-04-28 08:00:00', '2026-04-30 16:09:00', NULL),
(103, 'MIS-19-3', 19, NULL, 0, 62, 15, 2, 'Desain database schema & ERD', NULL, '2026-05-06 08:00:00', '2026-05-08 17:00:00', '2026-05-06 08:00:00', '2026-05-08 17:00:00', '2026-05-08 16:26:00', 480, 336, 480, 720, 534, 100, 2, 13, 13, '2026-05-06 08:00:00', '2026-05-08 16:26:00', NULL),
(104, 'MIS-19-4', 19, NULL, 0, 63, 13, 4, 'Performance testing & tuning', NULL, '2026-05-14 08:00:00', '2026-05-15 17:00:00', '2026-05-14 08:00:00', '2026-05-15 17:00:00', NULL, 360, 251, 360, 540, 104, 56, 3, 11, NULL, '2026-05-14 08:00:00', '2026-05-14 08:00:00', NULL),
(105, 'MIS-19-5', 19, NULL, 0, 63, 12, 3, 'Code review & refactoring', NULL, '2026-05-15 08:00:00', '2026-05-15 17:00:00', '2026-05-15 08:00:00', '2026-05-15 17:00:00', NULL, 360, 251, 360, 540, 0, 0, 4, 11, NULL, '2026-05-15 08:00:00', '2026-05-15 08:00:00', NULL),
(106, 'MIS-20-1', 20, NULL, 0, 65, 15, 3, 'Desain database schema & ERD', NULL, '2026-04-27 08:00:00', '2026-04-28 17:00:00', '2026-04-27 08:00:00', '2026-04-28 17:00:00', '2026-04-28 16:52:00', 480, 336, 480, 720, 414, 100, 0, 15, 15, '2026-04-27 08:00:00', '2026-04-28 16:52:00', NULL),
(107, 'MIS-20-2', 20, NULL, 0, 65, 15, 2, 'Code review & refactoring', NULL, '2026-04-28 08:00:00', '2026-04-30 17:00:00', '2026-04-28 08:00:00', '2026-04-30 17:00:00', '2026-04-30 14:16:00', 180, 125, 180, 270, 203, 100, 1, 15, 15, '2026-04-28 08:00:00', '2026-04-30 14:16:00', NULL),
(108, 'MIS-20-3', 20, NULL, 0, 66, 15, 1, 'Dokumentasi teknis & user guide', NULL, '2026-05-06 08:00:00', '2026-05-08 17:00:00', '2026-05-06 08:00:00', '2026-05-08 17:00:00', '2026-05-08 14:04:00', 360, 251, 360, 540, 257, 100, 2, 14, 14, '2026-05-06 08:00:00', '2026-05-08 14:04:00', NULL),
(109, 'MIS-20-4', 20, NULL, 0, 67, 12, 2, 'Pengembangan UI komponen', NULL, '2026-05-14 08:00:00', '2026-05-15 17:00:00', '2026-05-14 08:00:00', '2026-05-15 17:00:00', NULL, 180, 125, 180, 270, 0, 0, 3, 16, NULL, '2026-05-14 08:00:00', '2026-05-14 08:00:00', NULL),
(110, 'MIS-21-1', 21, NULL, 0, 69, 15, 2, 'Pengembangan UI komponen', NULL, '2026-04-27 08:00:00', '2026-04-28 17:00:00', '2026-04-27 08:00:00', '2026-04-28 17:00:00', '2026-04-28 15:10:00', 360, 251, 360, 540, 410, 100, 0, 11, 11, '2026-04-27 08:00:00', '2026-04-28 15:10:00', NULL),
(111, 'MIS-21-2', 21, NULL, 0, 69, 15, 1, 'Security audit & hardening', NULL, '2026-04-28 08:00:00', '2026-04-29 17:00:00', '2026-04-28 08:00:00', '2026-04-29 17:00:00', '2026-04-29 15:05:00', 300, 210, 300, 450, 356, 100, 1, 15, 15, '2026-04-28 08:00:00', '2026-04-29 15:05:00', NULL),
(112, 'MIS-21-3', 21, NULL, 0, 70, 15, 1, 'Unit testing & integration test', NULL, '2026-05-06 08:00:00', '2026-05-07 17:00:00', '2026-05-06 08:00:00', '2026-05-07 17:00:00', '2026-05-07 14:03:00', 300, 210, 300, 450, 362, 100, 2, 11, 11, '2026-05-06 08:00:00', '2026-05-07 14:03:00', NULL),
(113, 'MIS-21-4', 21, NULL, 0, 71, 12, 3, 'Performance testing & tuning', NULL, '2026-05-14 08:00:00', '2026-05-15 17:00:00', '2026-05-14 08:00:00', '2026-05-15 17:00:00', NULL, 120, 84, 120, 180, 0, 0, 3, 11, NULL, '2026-05-14 08:00:00', '2026-05-14 08:00:00', NULL),
(114, 'MIS-21-5', 21, NULL, 0, 71, 14, 2, 'Code review & refactoring', NULL, '2026-05-15 08:00:00', '2026-05-15 17:00:00', '2026-05-15 08:00:00', '2026-05-15 17:00:00', NULL, 240, 168, 240, 360, 0, 93, 4, 16, NULL, '2026-05-15 08:00:00', '2026-05-15 08:00:00', NULL),
(115, 'MIS-22-1', 22, NULL, 0, 73, 15, 3, 'Setup project & boilerplate', NULL, '2026-04-27 08:00:00', '2026-04-29 17:00:00', '2026-04-27 08:00:00', '2026-04-29 17:00:00', '2026-04-29 15:03:00', 120, 84, 120, 180, 135, 100, 0, 12, 12, '2026-04-27 08:00:00', '2026-04-29 15:03:00', NULL),
(116, 'MIS-22-2', 22, NULL, 0, 73, 15, 4, 'Desain database schema & ERD', NULL, '2026-04-28 08:00:00', '2026-04-29 17:00:00', '2026-04-28 08:00:00', '2026-04-29 17:00:00', '2026-04-29 14:34:00', 480, 336, 480, 720, 654, 100, 1, 16, 16, '2026-04-28 08:00:00', '2026-04-29 14:34:00', NULL),
(117, 'MIS-22-3', 22, NULL, 0, 74, 15, 4, 'Implementasi API endpoint', NULL, '2026-05-06 08:00:00', '2026-05-08 17:00:00', '2026-05-06 08:00:00', '2026-05-08 17:00:00', '2026-05-08 14:02:00', 120, 84, 120, 180, 102, 100, 2, 15, 15, '2026-05-06 08:00:00', '2026-05-08 14:02:00', NULL),
(118, 'MIS-22-4', 22, NULL, 0, 75, 13, 4, 'Analisis kebutuhan & dokumentasi', NULL, '2026-05-14 08:00:00', '2026-05-15 17:00:00', '2026-05-14 08:00:00', '2026-05-15 17:00:00', NULL, 360, 251, 360, 540, 133, 63, 3, 13, NULL, '2026-05-14 08:00:00', '2026-05-14 08:00:00', NULL),
(119, 'MIS-22-5', 22, NULL, 0, 75, 13, 4, 'Bug fixing & optimization', NULL, '2026-05-15 08:00:00', '2026-05-15 17:00:00', '2026-05-15 08:00:00', '2026-05-15 17:00:00', NULL, 480, 336, 480, 720, 220, 45, 4, 15, NULL, '2026-05-15 08:00:00', '2026-05-15 08:00:00', NULL),
(120, 'MIS-22-6', 22, NULL, 0, 76, 11, 3, 'Code review & refactoring', NULL, '2026-05-18 08:00:00', '2026-05-19 17:00:00', '2026-05-18 08:00:00', '2026-05-19 17:00:00', NULL, 120, 84, 120, 180, 0, 0, 5, 16, NULL, '2026-05-18 08:00:00', '2026-05-18 08:00:00', NULL),
(121, 'MIS-23-1', 23, NULL, 0, 77, 15, 4, 'Unit testing & integration test', NULL, '2026-04-27 08:00:00', '2026-04-28 17:00:00', '2026-04-27 08:00:00', '2026-04-28 17:00:00', '2026-04-28 15:41:00', 360, 251, 360, 540, 451, 100, 0, 11, 11, '2026-04-27 08:00:00', '2026-04-28 15:41:00', NULL),
(122, 'MIS-23-2', 23, NULL, 0, 77, 15, 3, 'Dokumentasi teknis & user guide', NULL, '2026-04-28 08:00:00', '2026-04-29 17:00:00', '2026-04-28 08:00:00', '2026-04-29 17:00:00', '2026-04-29 16:30:00', 300, 210, 300, 450, 221, 100, 1, 15, 15, '2026-04-28 08:00:00', '2026-04-29 16:30:00', NULL),
(123, 'MIS-23-3', 23, NULL, 0, 78, 15, 4, 'Desain database schema & ERD', NULL, '2026-05-06 08:00:00', '2026-05-07 17:00:00', '2026-05-06 08:00:00', '2026-05-07 17:00:00', '2026-05-07 16:34:00', 120, 84, 120, 180, 136, 100, 2, 16, 16, '2026-05-06 08:00:00', '2026-05-07 16:34:00', NULL),
(124, 'MIS-23-4', 23, NULL, 0, 79, 14, 3, 'UAT preparation & support', NULL, '2026-05-14 08:00:00', '2026-05-15 17:00:00', '2026-05-14 08:00:00', '2026-05-15 17:00:00', NULL, 360, 251, 360, 540, 0, 95, 3, 12, NULL, '2026-05-14 08:00:00', '2026-05-14 08:00:00', NULL),
(125, 'MIS-23-5', 23, NULL, 0, 79, 13, 3, 'Analisis kebutuhan & dokumentasi', NULL, '2026-05-15 08:00:00', '2026-05-15 17:00:00', '2026-05-15 08:00:00', '2026-05-15 17:00:00', NULL, 240, 168, 240, 360, 94, 28, 4, 12, NULL, '2026-05-15 08:00:00', '2026-05-15 08:00:00', NULL),
(126, 'MIS-24-1', 24, NULL, 0, 81, 20, 3, 'Analisis kebutuhan & dokumentasi', NULL, '2026-04-27 08:00:00', '2026-04-29 17:00:00', '2026-04-27 08:00:00', '2026-04-29 17:00:00', '2026-04-29 15:08:00', 360, 251, 360, 540, 461, 100, 0, 8, 8, '2026-04-27 08:00:00', '2026-04-29 15:08:00', NULL),
(127, 'MIS-24-2', 24, NULL, 0, 81, 20, 4, 'Deployment & monitoring setup', NULL, '2026-04-28 08:00:00', '2026-04-29 17:00:00', '2026-04-28 08:00:00', '2026-04-29 17:00:00', '2026-04-29 16:17:00', 300, 210, 300, 450, 337, 100, 1, 20, 20, '2026-04-28 08:00:00', '2026-04-29 16:17:00', NULL),
(128, 'MIS-24-3', 24, NULL, 0, 82, 20, 2, 'Pengembangan UI komponen', NULL, '2026-05-06 08:00:00', '2026-05-07 17:00:00', '2026-05-06 08:00:00', '2026-05-07 17:00:00', '2026-05-07 14:23:00', 240, 168, 240, 360, 178, 100, 2, 21, 21, '2026-05-06 08:00:00', '2026-05-07 14:23:00', NULL),
(129, 'MIS-24-4', 24, NULL, 0, 83, 18, 4, 'UAT preparation & support', NULL, '2026-05-14 08:00:00', '2026-05-15 17:00:00', '2026-05-14 08:00:00', '2026-05-15 17:00:00', NULL, 180, 125, 180, 270, 38, 60, 3, 21, NULL, '2026-05-14 08:00:00', '2026-05-14 08:00:00', NULL),
(130, 'MIS-25-1', 25, NULL, 0, 85, 20, 2, 'Implementasi API endpoint', NULL, '2026-04-27 08:00:00', '2026-04-28 17:00:00', '2026-04-27 08:00:00', '2026-04-28 17:00:00', '2026-04-28 14:44:00', 300, 210, 300, 450, 276, 100, 0, 18, 18, '2026-04-27 08:00:00', '2026-04-28 14:44:00', NULL),
(131, 'MIS-25-2', 25, NULL, 0, 85, 20, 4, 'Code review & refactoring', NULL, '2026-04-28 08:00:00', '2026-04-30 17:00:00', '2026-04-28 08:00:00', '2026-04-30 17:00:00', '2026-04-30 14:38:00', 360, 251, 360, 540, 295, 100, 1, 8, 8, '2026-04-28 08:00:00', '2026-04-30 14:38:00', NULL),
(132, 'MIS-25-3', 25, NULL, 0, 86, 20, 1, 'Bug fixing & optimization', NULL, '2026-05-06 08:00:00', '2026-05-08 17:00:00', '2026-05-06 08:00:00', '2026-05-08 17:00:00', '2026-05-08 14:13:00', 240, 168, 240, 360, 247, 100, 2, 20, 20, '2026-05-06 08:00:00', '2026-05-08 14:13:00', NULL),
(133, 'MIS-25-4', 25, NULL, 0, 87, 18, 3, 'UAT preparation & support', NULL, '2026-05-14 08:00:00', '2026-05-15 17:00:00', '2026-05-14 08:00:00', '2026-05-15 17:00:00', NULL, 300, 210, 300, 450, 126, 61, 3, 17, NULL, '2026-05-14 08:00:00', '2026-05-14 08:00:00', NULL),
(134, 'MIS-25-5', 25, NULL, 0, 87, 17, 1, 'Deployment & monitoring setup', NULL, '2026-05-15 08:00:00', '2026-05-15 17:00:00', '2026-05-15 08:00:00', '2026-05-15 17:00:00', NULL, 300, 210, 300, 450, 0, 0, 4, 20, NULL, '2026-05-15 08:00:00', '2026-05-15 08:00:00', NULL),
(135, 'MIS-25-6', 25, NULL, 0, 88, 17, 2, 'Desain database schema & ERD', NULL, '2026-05-18 08:00:00', '2026-05-19 17:00:00', '2026-05-18 08:00:00', '2026-05-19 17:00:00', NULL, 360, 251, 360, 540, 0, 0, 5, 20, NULL, '2026-05-18 08:00:00', '2026-05-18 08:00:00', NULL),
(136, 'MIS-26-1', 26, NULL, 0, 89, 20, 3, 'UAT preparation & support', NULL, '2026-04-27 08:00:00', '2026-04-28 17:00:00', '2026-04-27 08:00:00', '2026-04-28 17:00:00', '2026-04-28 15:36:00', 300, 210, 300, 450, 377, 100, 0, 17, 17, '2026-04-27 08:00:00', '2026-04-28 15:36:00', NULL),
(137, 'MIS-26-2', 26, NULL, 0, 89, 20, 3, 'Code review & refactoring', NULL, '2026-04-28 08:00:00', '2026-04-29 17:00:00', '2026-04-28 08:00:00', '2026-04-29 17:00:00', '2026-04-29 16:32:00', 240, 168, 240, 360, 240, 100, 1, 19, 19, '2026-04-28 08:00:00', '2026-04-29 16:32:00', NULL),
(138, 'MIS-26-3', 26, NULL, 0, 90, 20, 3, 'Setup project & boilerplate', NULL, '2026-05-06 08:00:00', '2026-05-08 17:00:00', '2026-05-06 08:00:00', '2026-05-08 17:00:00', '2026-05-08 14:24:00', 480, 336, 480, 720, 439, 100, 2, 19, 19, '2026-05-06 08:00:00', '2026-05-08 14:24:00', NULL),
(139, 'MIS-26-4', 26, NULL, 0, 91, 18, 3, 'Security audit & hardening', NULL, '2026-05-14 08:00:00', '2026-05-15 17:00:00', '2026-05-14 08:00:00', '2026-05-15 17:00:00', NULL, 120, 84, 120, 180, 65, 22, 3, 20, NULL, '2026-05-14 08:00:00', '2026-05-14 08:00:00', NULL),
(140, 'MIS-26-5', 26, NULL, 0, 91, 18, 3, 'Dokumentasi teknis & user guide', NULL, '2026-05-15 08:00:00', '2026-05-15 17:00:00', '2026-05-15 08:00:00', '2026-05-15 17:00:00', NULL, 480, 336, 480, 720, 348, 65, 4, 18, NULL, '2026-05-15 08:00:00', '2026-05-15 08:00:00', NULL),
(141, 'MIS-26-6', 26, NULL, 0, 92, 17, 2, 'Analisis kebutuhan & dokumentasi', NULL, '2026-05-18 08:00:00', '2026-05-19 17:00:00', '2026-05-18 08:00:00', '2026-05-19 17:00:00', NULL, 240, 168, 240, 360, 0, 0, 5, 19, NULL, '2026-05-18 08:00:00', '2026-05-18 08:00:00', NULL);


-- ------------------------------------------------------------
--  Table: `subtask_assignees` (141 rows)
-- ------------------------------------------------------------
TRUNCATE TABLE `subtask_assignees`;
INSERT INTO `subtask_assignees` (`id`, `subtask_id`, `user_id`, `assigned_by`) VALUES
(1, 1, 3, 1),
(2, 2, 3, 1),
(3, 3, 6, 1),
(4, 4, 6, 1),
(5, 5, 5, 1),
(6, 6, 4, 1),
(7, 7, 6, 1),
(8, 8, 3, 1),
(9, 9, 4, 1),
(10, 10, 3, 1),
(11, 11, 3, 1),
(12, 12, 4, 1),
(13, 13, 4, 1),
(14, 14, 3, 1),
(15, 15, 5, 1),
(16, 16, 3, 1),
(17, 17, 5, 1),
(18, 18, 5, 1),
(19, 19, 3, 1),
(20, 20, 4, 1),
(21, 21, 4, 1),
(22, 22, 6, 1),
(23, 23, 6, 1),
(24, 24, 4, 1),
(25, 25, 4, 1),
(26, 26, 3, 1),
(27, 27, 6, 1),
(28, 28, 4, 1),
(29, 29, 4, 1),
(30, 30, 10, 1),
(31, 31, 8, 1),
(32, 32, 7, 1),
(33, 33, 8, 1),
(34, 34, 7, 1),
(35, 35, 9, 1),
(36, 36, 10, 1),
(37, 37, 9, 1),
(38, 38, 10, 1),
(39, 39, 7, 1),
(40, 40, 8, 1),
(41, 41, 10, 1),
(42, 42, 8, 1),
(43, 43, 10, 1),
(44, 44, 8, 1),
(45, 45, 7, 1),
(46, 46, 8, 1),
(47, 47, 8, 1),
(48, 48, 8, 1),
(49, 49, 10, 1),
(50, 50, 7, 1),
(51, 51, 7, 1),
(52, 52, 8, 1),
(53, 53, 7, 1),
(54, 54, 8, 1),
(55, 55, 9, 1),
(56, 56, 10, 1),
(57, 57, 8, 1),
(58, 58, 10, 1),
(59, 59, 10, 1),
(60, 60, 10, 1),
(61, 61, 16, 1),
(62, 62, 12, 1),
(63, 63, 16, 1),
(64, 64, 14, 1),
(65, 65, 14, 1),
(66, 66, 11, 1),
(67, 67, 11, 1),
(68, 68, 14, 1),
(69, 69, 16, 1),
(70, 70, 14, 1),
(71, 71, 15, 1),
(72, 72, 14, 1),
(73, 73, 14, 1),
(74, 74, 15, 1),
(75, 75, 12, 1),
(76, 76, 14, 1),
(77, 77, 11, 1),
(78, 78, 11, 1),
(79, 79, 12, 1),
(80, 80, 14, 1),
(81, 81, 12, 1),
(82, 82, 14, 1),
(83, 83, 13, 1),
(84, 84, 15, 1),
(85, 85, 16, 1),
(86, 86, 12, 1),
(87, 87, 13, 1),
(88, 88, 14, 1),
(89, 89, 11, 1),
(90, 90, 16, 1),
(91, 91, 15, 1),
(92, 92, 14, 1),
(93, 93, 12, 1),
(94, 94, 15, 1),
(95, 95, 13, 1),
(96, 96, 16, 1),
(97, 97, 16, 1),
(98, 98, 13, 1),
(99, 99, 12, 1),
(100, 100, 12, 1),
(101, 101, 13, 1),
(102, 102, 15, 1),
(103, 103, 13, 1),
(104, 104, 11, 1),
(105, 105, 11, 1),
(106, 106, 15, 1),
(107, 107, 15, 1),
(108, 108, 14, 1),
(109, 109, 16, 1),
(110, 110, 11, 1),
(111, 111, 15, 1),
(112, 112, 11, 1),
(113, 113, 11, 1),
(114, 114, 16, 1),
(115, 115, 12, 1),
(116, 116, 16, 1),
(117, 117, 15, 1),
(118, 118, 13, 1),
(119, 119, 15, 1),
(120, 120, 16, 1),
(121, 121, 11, 1),
(122, 122, 15, 1),
(123, 123, 16, 1),
(124, 124, 12, 1),
(125, 125, 12, 1),
(126, 126, 8, 1),
(127, 127, 20, 1),
(128, 128, 21, 1),
(129, 129, 21, 1),
(130, 130, 18, 1),
(131, 131, 8, 1),
(132, 132, 20, 1),
(133, 133, 17, 1),
(134, 134, 20, 1),
(135, 135, 20, 1),
(136, 136, 17, 1),
(137, 137, 19, 1),
(138, 138, 19, 1),
(139, 139, 20, 1),
(140, 140, 18, 1),
(141, 141, 19, 1);


-- ------------------------------------------------------------
--  Table: `subtask_labels` (141 rows)
-- ------------------------------------------------------------
TRUNCATE TABLE `subtask_labels`;
INSERT INTO `subtask_labels` (`id`, `subtask_id`, `label_id`, `created_at`, `updated_at`) VALUES
(1, 1, 10, '2026-04-27 08:00:00', '2026-04-27 08:00:00'),
(2, 2, 10, '2026-04-28 08:00:00', '2026-04-28 08:00:00'),
(3, 3, 2, '2026-05-06 08:00:00', '2026-05-06 08:00:00'),
(4, 4, 2, '2026-05-14 08:00:00', '2026-05-14 08:00:00'),
(5, 5, 10, '2026-05-15 08:00:00', '2026-05-15 08:00:00'),
(6, 6, 10, '2026-05-18 08:00:00', '2026-05-18 08:00:00'),
(7, 7, 2, '2026-04-27 08:00:00', '2026-04-27 08:00:00'),
(8, 8, 2, '2026-04-28 08:00:00', '2026-04-28 08:00:00'),
(9, 9, 2, '2026-05-06 08:00:00', '2026-05-06 08:00:00'),
(10, 10, 2, '2026-05-14 08:00:00', '2026-05-14 08:00:00'),
(11, 11, 2, '2026-05-15 08:00:00', '2026-05-15 08:00:00'),
(12, 12, 2, '2026-04-27 08:00:00', '2026-04-27 08:00:00'),
(13, 13, 2, '2026-04-28 08:00:00', '2026-04-28 08:00:00'),
(14, 14, 7, '2026-05-06 08:00:00', '2026-05-06 08:00:00'),
(15, 15, 7, '2026-05-14 08:00:00', '2026-05-14 08:00:00'),
(16, 16, 7, '2026-05-15 08:00:00', '2026-05-15 08:00:00'),
(17, 17, 2, '2026-05-18 08:00:00', '2026-05-18 08:00:00'),
(18, 18, 2, '2026-04-27 08:00:00', '2026-04-27 08:00:00'),
(19, 19, 9, '2026-04-28 08:00:00', '2026-04-28 08:00:00'),
(20, 20, 2, '2026-05-06 08:00:00', '2026-05-06 08:00:00'),
(21, 21, 2, '2026-05-14 08:00:00', '2026-05-14 08:00:00'),
(22, 22, 9, '2026-05-15 08:00:00', '2026-05-15 08:00:00'),
(23, 23, 9, '2026-05-18 08:00:00', '2026-05-18 08:00:00'),
(24, 24, 2, '2026-04-27 08:00:00', '2026-04-27 08:00:00'),
(25, 25, 2, '2026-04-28 08:00:00', '2026-04-28 08:00:00'),
(26, 26, 2, '2026-05-06 08:00:00', '2026-05-06 08:00:00'),
(27, 27, 2, '2026-05-14 08:00:00', '2026-05-14 08:00:00'),
(28, 28, 2, '2026-05-15 08:00:00', '2026-05-15 08:00:00'),
(29, 29, 2, '2026-05-18 08:00:00', '2026-05-18 08:00:00'),
(30, 30, 9, '2026-04-27 08:00:00', '2026-04-27 08:00:00'),
(31, 31, 9, '2026-04-28 08:00:00', '2026-04-28 08:00:00'),
(32, 32, 9, '2026-05-06 08:00:00', '2026-05-06 08:00:00'),
(33, 33, 9, '2026-05-14 08:00:00', '2026-05-14 08:00:00'),
(34, 34, 9, '2026-05-15 08:00:00', '2026-05-15 08:00:00'),
(35, 35, 9, '2026-05-18 08:00:00', '2026-05-18 08:00:00'),
(36, 36, 5, '2026-04-27 08:00:00', '2026-04-27 08:00:00'),
(37, 37, 5, '2026-04-28 08:00:00', '2026-04-28 08:00:00'),
(38, 38, 2, '2026-05-06 08:00:00', '2026-05-06 08:00:00'),
(39, 39, 2, '2026-05-14 08:00:00', '2026-05-14 08:00:00'),
(40, 40, 2, '2026-04-27 08:00:00', '2026-04-27 08:00:00'),
(41, 41, 2, '2026-04-28 08:00:00', '2026-04-28 08:00:00'),
(42, 42, 2, '2026-05-06 08:00:00', '2026-05-06 08:00:00'),
(43, 43, 2, '2026-05-14 08:00:00', '2026-05-14 08:00:00'),
(44, 44, 2, '2026-05-15 08:00:00', '2026-05-15 08:00:00'),
(45, 45, 10, '2026-04-27 08:00:00', '2026-04-27 08:00:00'),
(46, 46, 2, '2026-04-28 08:00:00', '2026-04-28 08:00:00'),
(47, 47, 2, '2026-05-06 08:00:00', '2026-05-06 08:00:00'),
(48, 48, 2, '2026-05-14 08:00:00', '2026-05-14 08:00:00'),
(49, 49, 2, '2026-05-15 08:00:00', '2026-05-15 08:00:00'),
(50, 50, 2, '2026-05-18 08:00:00', '2026-05-18 08:00:00'),
(51, 51, 2, '2026-04-27 08:00:00', '2026-04-27 08:00:00'),
(52, 52, 5, '2026-04-28 08:00:00', '2026-04-28 08:00:00'),
(53, 53, 2, '2026-05-06 08:00:00', '2026-05-06 08:00:00'),
(54, 54, 5, '2026-05-14 08:00:00', '2026-05-14 08:00:00'),
(55, 55, 5, '2026-05-15 08:00:00', '2026-05-15 08:00:00'),
(56, 56, 5, '2026-05-18 08:00:00', '2026-05-18 08:00:00'),
(57, 57, 2, '2026-04-27 08:00:00', '2026-04-27 08:00:00'),
(58, 58, 10, '2026-04-28 08:00:00', '2026-04-28 08:00:00'),
(59, 59, 2, '2026-05-06 08:00:00', '2026-05-06 08:00:00'),
(60, 60, 10, '2026-05-14 08:00:00', '2026-05-14 08:00:00'),
(61, 61, 5, '2026-04-27 08:00:00', '2026-04-27 08:00:00'),
(62, 62, 2, '2026-04-28 08:00:00', '2026-04-28 08:00:00'),
(63, 63, 2, '2026-05-06 08:00:00', '2026-05-06 08:00:00'),
(64, 64, 5, '2026-05-14 08:00:00', '2026-05-14 08:00:00'),
(65, 65, 2, '2026-05-15 08:00:00', '2026-05-15 08:00:00'),
(66, 66, 2, '2026-05-18 08:00:00', '2026-05-18 08:00:00'),
(67, 67, 9, '2026-04-27 08:00:00', '2026-04-27 08:00:00'),
(68, 68, 9, '2026-04-28 08:00:00', '2026-04-28 08:00:00'),
(69, 69, 9, '2026-05-06 08:00:00', '2026-05-06 08:00:00'),
(70, 70, 2, '2026-05-14 08:00:00', '2026-05-14 08:00:00'),
(71, 71, 2, '2026-05-15 08:00:00', '2026-05-15 08:00:00'),
(72, 72, 9, '2026-05-18 08:00:00', '2026-05-18 08:00:00'),
(73, 73, 10, '2026-04-27 08:00:00', '2026-04-27 08:00:00'),
(74, 74, 10, '2026-04-28 08:00:00', '2026-04-28 08:00:00'),
(75, 75, 2, '2026-05-06 08:00:00', '2026-05-06 08:00:00'),
(76, 76, 2, '2026-05-14 08:00:00', '2026-05-14 08:00:00'),
(77, 77, 10, '2026-05-15 08:00:00', '2026-05-15 08:00:00'),
(78, 78, 10, '2026-04-27 08:00:00', '2026-04-27 08:00:00'),
(79, 79, 2, '2026-04-28 08:00:00', '2026-04-28 08:00:00'),
(80, 80, 10, '2026-05-06 08:00:00', '2026-05-06 08:00:00'),
(81, 81, 2, '2026-05-14 08:00:00', '2026-05-14 08:00:00'),
(82, 82, 2, '2026-05-15 08:00:00', '2026-05-15 08:00:00'),
(83, 83, 2, '2026-05-18 08:00:00', '2026-05-18 08:00:00'),
(84, 84, 2, '2026-04-27 08:00:00', '2026-04-27 08:00:00'),
(85, 85, 9, '2026-04-28 08:00:00', '2026-04-28 08:00:00'),
(86, 86, 9, '2026-05-06 08:00:00', '2026-05-06 08:00:00'),
(87, 87, 2, '2026-05-14 08:00:00', '2026-05-14 08:00:00'),
(88, 88, 8, '2026-05-15 08:00:00', '2026-05-15 08:00:00'),
(89, 89, 8, '2026-05-18 08:00:00', '2026-05-18 08:00:00'),
(90, 90, 5, '2026-04-27 08:00:00', '2026-04-27 08:00:00'),
(91, 91, 5, '2026-04-28 08:00:00', '2026-04-28 08:00:00'),
(92, 92, 5, '2026-05-06 08:00:00', '2026-05-06 08:00:00'),
(93, 93, 2, '2026-05-14 08:00:00', '2026-05-14 08:00:00'),
(94, 94, 5, '2026-05-15 08:00:00', '2026-05-15 08:00:00'),
(95, 95, 5, '2026-05-18 08:00:00', '2026-05-18 08:00:00'),
(96, 96, 2, '2026-04-27 08:00:00', '2026-04-27 08:00:00'),
(97, 97, 2, '2026-04-28 08:00:00', '2026-04-28 08:00:00'),
(98, 98, 2, '2026-05-06 08:00:00', '2026-05-06 08:00:00'),
(99, 99, 2, '2026-05-14 08:00:00', '2026-05-14 08:00:00'),
(100, 100, 2, '2026-05-15 08:00:00', '2026-05-15 08:00:00'),
(101, 101, 5, '2026-04-27 08:00:00', '2026-04-27 08:00:00'),
(102, 102, 5, '2026-04-28 08:00:00', '2026-04-28 08:00:00'),
(103, 103, 5, '2026-05-06 08:00:00', '2026-05-06 08:00:00'),
(104, 104, 2, '2026-05-14 08:00:00', '2026-05-14 08:00:00'),
(105, 105, 2, '2026-05-15 08:00:00', '2026-05-15 08:00:00'),
(106, 106, 2, '2026-04-27 08:00:00', '2026-04-27 08:00:00'),
(107, 107, 10, '2026-04-28 08:00:00', '2026-04-28 08:00:00'),
(108, 108, 2, '2026-05-06 08:00:00', '2026-05-06 08:00:00'),
(109, 109, 2, '2026-05-14 08:00:00', '2026-05-14 08:00:00'),
(110, 110, 2, '2026-04-27 08:00:00', '2026-04-27 08:00:00'),
(111, 111, 2, '2026-04-28 08:00:00', '2026-04-28 08:00:00'),
(112, 112, 2, '2026-05-06 08:00:00', '2026-05-06 08:00:00'),
(113, 113, 3, '2026-05-14 08:00:00', '2026-05-14 08:00:00'),
(114, 114, 2, '2026-05-15 08:00:00', '2026-05-15 08:00:00'),
(115, 115, 2, '2026-04-27 08:00:00', '2026-04-27 08:00:00'),
(116, 116, 2, '2026-04-28 08:00:00', '2026-04-28 08:00:00'),
(117, 117, 5, '2026-05-06 08:00:00', '2026-05-06 08:00:00'),
(118, 118, 2, '2026-05-14 08:00:00', '2026-05-14 08:00:00'),
(119, 119, 5, '2026-05-15 08:00:00', '2026-05-15 08:00:00'),
(120, 120, 5, '2026-05-18 08:00:00', '2026-05-18 08:00:00'),
(121, 121, 2, '2026-04-27 08:00:00', '2026-04-27 08:00:00'),
(122, 122, 2, '2026-04-28 08:00:00', '2026-04-28 08:00:00'),
(123, 123, 2, '2026-05-06 08:00:00', '2026-05-06 08:00:00'),
(124, 124, 2, '2026-05-14 08:00:00', '2026-05-14 08:00:00'),
(125, 125, 2, '2026-05-15 08:00:00', '2026-05-15 08:00:00'),
(126, 126, 2, '2026-04-27 08:00:00', '2026-04-27 08:00:00'),
(127, 127, 10, '2026-04-28 08:00:00', '2026-04-28 08:00:00'),
(128, 128, 10, '2026-05-06 08:00:00', '2026-05-06 08:00:00'),
(129, 129, 2, '2026-05-14 08:00:00', '2026-05-14 08:00:00'),
(130, 130, 10, '2026-04-27 08:00:00', '2026-04-27 08:00:00'),
(131, 131, 2, '2026-04-28 08:00:00', '2026-04-28 08:00:00'),
(132, 132, 10, '2026-05-06 08:00:00', '2026-05-06 08:00:00'),
(133, 133, 2, '2026-05-14 08:00:00', '2026-05-14 08:00:00'),
(134, 134, 2, '2026-05-15 08:00:00', '2026-05-15 08:00:00'),
(135, 135, 8, '2026-05-18 08:00:00', '2026-05-18 08:00:00'),
(136, 136, 10, '2026-04-27 08:00:00', '2026-04-27 08:00:00'),
(137, 137, 2, '2026-04-28 08:00:00', '2026-04-28 08:00:00'),
(138, 138, 2, '2026-05-06 08:00:00', '2026-05-06 08:00:00'),
(139, 139, 10, '2026-05-14 08:00:00', '2026-05-14 08:00:00'),
(140, 140, 2, '2026-05-15 08:00:00', '2026-05-15 08:00:00'),
(141, 141, 10, '2026-05-18 08:00:00', '2026-05-18 08:00:00');


-- ------------------------------------------------------------
--  Table: `subtask_dependencies` (115 rows)
-- ------------------------------------------------------------
TRUNCATE TABLE `subtask_dependencies`;
INSERT INTO `subtask_dependencies` (`id`, `subtask_id`, `depends_on_subtask_id`, `dependency_type`, `created_at`, `updated_at`) VALUES
(1, 2, 1, 'blocks', '2026-04-27 08:00:00', '2026-04-27 08:00:00'),
(2, 3, 2, 'blocks', '2026-04-27 08:00:00', '2026-04-27 08:00:00'),
(3, 4, 3, 'blocks', '2026-04-27 08:00:00', '2026-04-27 08:00:00'),
(4, 5, 4, 'blocks', '2026-04-27 08:00:00', '2026-04-27 08:00:00'),
(5, 6, 5, 'blocks', '2026-04-27 08:00:00', '2026-04-27 08:00:00'),
(6, 8, 7, 'blocks', '2026-04-27 08:00:00', '2026-04-27 08:00:00'),
(7, 9, 8, 'blocks', '2026-04-27 08:00:00', '2026-04-27 08:00:00'),
(8, 10, 9, 'blocks', '2026-04-27 08:00:00', '2026-04-27 08:00:00'),
(9, 11, 10, 'blocks', '2026-04-27 08:00:00', '2026-04-27 08:00:00'),
(10, 13, 12, 'blocks', '2026-04-27 08:00:00', '2026-04-27 08:00:00'),
(11, 14, 13, 'blocks', '2026-04-27 08:00:00', '2026-04-27 08:00:00'),
(12, 15, 14, 'blocks', '2026-04-27 08:00:00', '2026-04-27 08:00:00'),
(13, 16, 15, 'blocks', '2026-04-27 08:00:00', '2026-04-27 08:00:00'),
(14, 17, 16, 'blocks', '2026-04-27 08:00:00', '2026-04-27 08:00:00'),
(15, 19, 18, 'blocks', '2026-04-27 08:00:00', '2026-04-27 08:00:00'),
(16, 20, 19, 'blocks', '2026-04-27 08:00:00', '2026-04-27 08:00:00'),
(17, 21, 20, 'blocks', '2026-04-27 08:00:00', '2026-04-27 08:00:00'),
(18, 22, 21, 'blocks', '2026-04-27 08:00:00', '2026-04-27 08:00:00'),
(19, 23, 22, 'blocks', '2026-04-27 08:00:00', '2026-04-27 08:00:00'),
(20, 25, 24, 'blocks', '2026-04-27 08:00:00', '2026-04-27 08:00:00'),
(21, 26, 25, 'blocks', '2026-04-27 08:00:00', '2026-04-27 08:00:00'),
(22, 27, 26, 'blocks', '2026-04-27 08:00:00', '2026-04-27 08:00:00'),
(23, 28, 27, 'blocks', '2026-04-27 08:00:00', '2026-04-27 08:00:00'),
(24, 29, 28, 'blocks', '2026-04-27 08:00:00', '2026-04-27 08:00:00'),
(25, 31, 30, 'blocks', '2026-04-27 08:00:00', '2026-04-27 08:00:00'),
(26, 32, 31, 'blocks', '2026-04-27 08:00:00', '2026-04-27 08:00:00'),
(27, 33, 32, 'blocks', '2026-04-27 08:00:00', '2026-04-27 08:00:00'),
(28, 34, 33, 'blocks', '2026-04-27 08:00:00', '2026-04-27 08:00:00'),
(29, 35, 34, 'blocks', '2026-04-27 08:00:00', '2026-04-27 08:00:00'),
(30, 37, 36, 'blocks', '2026-04-27 08:00:00', '2026-04-27 08:00:00'),
(31, 38, 37, 'blocks', '2026-04-27 08:00:00', '2026-04-27 08:00:00'),
(32, 39, 38, 'blocks', '2026-04-27 08:00:00', '2026-04-27 08:00:00'),
(33, 41, 40, 'blocks', '2026-04-27 08:00:00', '2026-04-27 08:00:00'),
(34, 42, 41, 'blocks', '2026-04-27 08:00:00', '2026-04-27 08:00:00'),
(35, 43, 42, 'blocks', '2026-04-27 08:00:00', '2026-04-27 08:00:00'),
(36, 44, 43, 'blocks', '2026-04-27 08:00:00', '2026-04-27 08:00:00'),
(37, 46, 45, 'blocks', '2026-04-27 08:00:00', '2026-04-27 08:00:00'),
(38, 47, 46, 'blocks', '2026-04-27 08:00:00', '2026-04-27 08:00:00'),
(39, 48, 47, 'blocks', '2026-04-27 08:00:00', '2026-04-27 08:00:00'),
(40, 49, 48, 'blocks', '2026-04-27 08:00:00', '2026-04-27 08:00:00'),
(41, 50, 49, 'blocks', '2026-04-27 08:00:00', '2026-04-27 08:00:00'),
(42, 52, 51, 'blocks', '2026-04-27 08:00:00', '2026-04-27 08:00:00'),
(43, 53, 52, 'blocks', '2026-04-27 08:00:00', '2026-04-27 08:00:00'),
(44, 54, 53, 'blocks', '2026-04-27 08:00:00', '2026-04-27 08:00:00'),
(45, 55, 54, 'blocks', '2026-04-27 08:00:00', '2026-04-27 08:00:00'),
(46, 56, 55, 'blocks', '2026-04-27 08:00:00', '2026-04-27 08:00:00'),
(47, 58, 57, 'blocks', '2026-04-27 08:00:00', '2026-04-27 08:00:00'),
(48, 59, 58, 'blocks', '2026-04-27 08:00:00', '2026-04-27 08:00:00'),
(49, 60, 59, 'blocks', '2026-04-27 08:00:00', '2026-04-27 08:00:00'),
(50, 62, 61, 'blocks', '2026-04-27 08:00:00', '2026-04-27 08:00:00'),
(51, 63, 62, 'blocks', '2026-04-27 08:00:00', '2026-04-27 08:00:00'),
(52, 64, 63, 'blocks', '2026-04-27 08:00:00', '2026-04-27 08:00:00'),
(53, 65, 64, 'blocks', '2026-04-27 08:00:00', '2026-04-27 08:00:00'),
(54, 66, 65, 'blocks', '2026-04-27 08:00:00', '2026-04-27 08:00:00'),
(55, 68, 67, 'blocks', '2026-04-27 08:00:00', '2026-04-27 08:00:00'),
(56, 69, 68, 'blocks', '2026-04-27 08:00:00', '2026-04-27 08:00:00'),
(57, 70, 69, 'blocks', '2026-04-27 08:00:00', '2026-04-27 08:00:00'),
(58, 71, 70, 'blocks', '2026-04-27 08:00:00', '2026-04-27 08:00:00'),
(59, 72, 71, 'blocks', '2026-04-27 08:00:00', '2026-04-27 08:00:00'),
(60, 74, 73, 'blocks', '2026-04-27 08:00:00', '2026-04-27 08:00:00'),
(61, 75, 74, 'blocks', '2026-04-27 08:00:00', '2026-04-27 08:00:00'),
(62, 76, 75, 'blocks', '2026-04-27 08:00:00', '2026-04-27 08:00:00'),
(63, 77, 76, 'blocks', '2026-04-27 08:00:00', '2026-04-27 08:00:00'),
(64, 79, 78, 'blocks', '2026-04-27 08:00:00', '2026-04-27 08:00:00'),
(65, 80, 79, 'blocks', '2026-04-27 08:00:00', '2026-04-27 08:00:00'),
(66, 81, 80, 'blocks', '2026-04-27 08:00:00', '2026-04-27 08:00:00'),
(67, 82, 81, 'blocks', '2026-04-27 08:00:00', '2026-04-27 08:00:00'),
(68, 83, 82, 'blocks', '2026-04-27 08:00:00', '2026-04-27 08:00:00'),
(69, 85, 84, 'blocks', '2026-04-27 08:00:00', '2026-04-27 08:00:00'),
(70, 86, 85, 'blocks', '2026-04-27 08:00:00', '2026-04-27 08:00:00'),
(71, 87, 86, 'blocks', '2026-04-27 08:00:00', '2026-04-27 08:00:00'),
(72, 88, 87, 'blocks', '2026-04-27 08:00:00', '2026-04-27 08:00:00'),
(73, 89, 88, 'blocks', '2026-04-27 08:00:00', '2026-04-27 08:00:00'),
(74, 91, 90, 'blocks', '2026-04-27 08:00:00', '2026-04-27 08:00:00'),
(75, 92, 91, 'blocks', '2026-04-27 08:00:00', '2026-04-27 08:00:00'),
(76, 93, 92, 'blocks', '2026-04-27 08:00:00', '2026-04-27 08:00:00'),
(77, 94, 93, 'blocks', '2026-04-27 08:00:00', '2026-04-27 08:00:00'),
(78, 95, 94, 'blocks', '2026-04-27 08:00:00', '2026-04-27 08:00:00'),
(79, 97, 96, 'blocks', '2026-04-27 08:00:00', '2026-04-27 08:00:00'),
(80, 98, 97, 'blocks', '2026-04-27 08:00:00', '2026-04-27 08:00:00'),
(81, 99, 98, 'blocks', '2026-04-27 08:00:00', '2026-04-27 08:00:00'),
(82, 100, 99, 'blocks', '2026-04-27 08:00:00', '2026-04-27 08:00:00'),
(83, 102, 101, 'blocks', '2026-04-27 08:00:00', '2026-04-27 08:00:00'),
(84, 103, 102, 'blocks', '2026-04-27 08:00:00', '2026-04-27 08:00:00'),
(85, 104, 103, 'blocks', '2026-04-27 08:00:00', '2026-04-27 08:00:00'),
(86, 105, 104, 'blocks', '2026-04-27 08:00:00', '2026-04-27 08:00:00'),
(87, 107, 106, 'blocks', '2026-04-27 08:00:00', '2026-04-27 08:00:00'),
(88, 108, 107, 'blocks', '2026-04-27 08:00:00', '2026-04-27 08:00:00'),
(89, 109, 108, 'blocks', '2026-04-27 08:00:00', '2026-04-27 08:00:00'),
(90, 111, 110, 'blocks', '2026-04-27 08:00:00', '2026-04-27 08:00:00'),
(91, 112, 111, 'blocks', '2026-04-27 08:00:00', '2026-04-27 08:00:00'),
(92, 113, 112, 'blocks', '2026-04-27 08:00:00', '2026-04-27 08:00:00'),
(93, 114, 113, 'blocks', '2026-04-27 08:00:00', '2026-04-27 08:00:00'),
(94, 116, 115, 'blocks', '2026-04-27 08:00:00', '2026-04-27 08:00:00'),
(95, 117, 116, 'blocks', '2026-04-27 08:00:00', '2026-04-27 08:00:00'),
(96, 118, 117, 'blocks', '2026-04-27 08:00:00', '2026-04-27 08:00:00'),
(97, 119, 118, 'blocks', '2026-04-27 08:00:00', '2026-04-27 08:00:00'),
(98, 120, 119, 'blocks', '2026-04-27 08:00:00', '2026-04-27 08:00:00'),
(99, 122, 121, 'blocks', '2026-04-27 08:00:00', '2026-04-27 08:00:00'),
(100, 123, 122, 'blocks', '2026-04-27 08:00:00', '2026-04-27 08:00:00'),
(101, 124, 123, 'blocks', '2026-04-27 08:00:00', '2026-04-27 08:00:00'),
(102, 125, 124, 'blocks', '2026-04-27 08:00:00', '2026-04-27 08:00:00'),
(103, 127, 126, 'blocks', '2026-04-27 08:00:00', '2026-04-27 08:00:00'),
(104, 128, 127, 'blocks', '2026-04-27 08:00:00', '2026-04-27 08:00:00'),
(105, 129, 128, 'blocks', '2026-04-27 08:00:00', '2026-04-27 08:00:00'),
(106, 131, 130, 'blocks', '2026-04-27 08:00:00', '2026-04-27 08:00:00'),
(107, 132, 131, 'blocks', '2026-04-27 08:00:00', '2026-04-27 08:00:00'),
(108, 133, 132, 'blocks', '2026-04-27 08:00:00', '2026-04-27 08:00:00'),
(109, 134, 133, 'blocks', '2026-04-27 08:00:00', '2026-04-27 08:00:00'),
(110, 135, 134, 'blocks', '2026-04-27 08:00:00', '2026-04-27 08:00:00'),
(111, 137, 136, 'blocks', '2026-04-27 08:00:00', '2026-04-27 08:00:00'),
(112, 138, 137, 'blocks', '2026-04-27 08:00:00', '2026-04-27 08:00:00'),
(113, 139, 138, 'blocks', '2026-04-27 08:00:00', '2026-04-27 08:00:00'),
(114, 140, 139, 'blocks', '2026-04-27 08:00:00', '2026-04-27 08:00:00'),
(115, 141, 140, 'blocks', '2026-04-27 08:00:00', '2026-04-27 08:00:00');


-- ------------------------------------------------------------
--  Table: `checklist_items` (174 rows)
-- ------------------------------------------------------------
TRUNCATE TABLE `checklist_items`;
INSERT INTO `checklist_items` (`id`, `subtask_id`, `parent_id`, `name`, `is_checked`, `position`, `depth`, `created_by`, `created_at`, `updated_at`) VALUES
(1, 5, NULL, 'Code review done', 1, 0, 0, 5, '2026-05-15 08:00:00', '2026-05-15 08:00:00'),
(2, 5, NULL, 'Deploy to staging', 1, 1, 0, 5, '2026-05-15 08:00:00', '2026-05-15 08:00:00'),
(3, 5, NULL, 'Security checklist', 1, 2, 0, 5, '2026-05-15 08:00:00', '2026-05-15 08:00:00'),
(4, 5, NULL, 'Database migration verified', 0, 3, 0, 5, '2026-05-15 08:00:00', '2026-05-15 08:00:00'),
(5, 6, NULL, 'Integration testing', 0, 0, 0, 4, '2026-05-18 08:00:00', '2026-05-18 08:00:00'),
(6, 6, NULL, 'API contract validated', 0, 1, 0, 4, '2026-05-18 08:00:00', '2026-05-18 08:00:00'),
(7, 6, NULL, 'Code review done', 0, 2, 0, 4, '2026-05-18 08:00:00', '2026-05-18 08:00:00'),
(8, 6, NULL, 'UI responsiveness checked', 0, 3, 0, 4, '2026-05-18 08:00:00', '2026-05-18 08:00:00'),
(9, 9, NULL, 'Security checklist', 1, 0, 0, 4, '2026-05-06 08:00:00', '2026-05-07 15:03:00'),
(10, 9, NULL, 'Setup environment & config', 0, 1, 0, 4, '2026-05-06 08:00:00', '2026-05-07 15:03:00'),
(11, 9, NULL, 'Database migration verified', 0, 2, 0, 4, '2026-05-06 08:00:00', '2026-05-07 15:03:00'),
(12, 12, NULL, 'Code review done', 1, 0, 0, 4, '2026-04-27 08:00:00', '2026-04-29 15:33:00'),
(13, 12, NULL, 'QA sign-off', 0, 1, 0, 4, '2026-04-27 08:00:00', '2026-04-29 15:33:00'),
(14, 12, NULL, 'API contract validated', 1, 2, 0, 4, '2026-04-27 08:00:00', '2026-04-29 15:33:00'),
(15, 16, NULL, 'Database migration verified', 0, 0, 0, 3, '2026-05-15 08:00:00', '2026-05-15 08:00:00'),
(16, 16, NULL, 'QA sign-off', 0, 1, 0, 3, '2026-05-15 08:00:00', '2026-05-15 08:00:00'),
(17, 16, NULL, 'API contract validated', 0, 2, 0, 3, '2026-05-15 08:00:00', '2026-05-15 08:00:00'),
(18, 16, NULL, 'Setup environment & config', 0, 3, 0, 3, '2026-05-15 08:00:00', '2026-05-15 08:00:00'),
(19, 16, NULL, 'Deploy to staging', 0, 4, 0, 3, '2026-05-15 08:00:00', '2026-05-15 08:00:00'),
(20, 18, NULL, 'QA sign-off', 0, 0, 0, 5, '2026-04-27 08:00:00', '2026-04-28 14:04:00'),
(21, 18, NULL, 'Write unit tests', 1, 1, 0, 5, '2026-04-27 08:00:00', '2026-04-28 14:04:00'),
(22, 18, NULL, 'Integration testing', 0, 2, 0, 5, '2026-04-27 08:00:00', '2026-04-28 14:04:00'),
(23, 24, NULL, 'Deploy to staging', 1, 0, 0, 4, '2026-04-27 08:00:00', '2026-04-29 16:42:00'),
(24, 24, NULL, 'Security checklist', 1, 1, 0, 4, '2026-04-27 08:00:00', '2026-04-29 16:42:00'),
(25, 24, NULL, 'Write unit tests', 1, 2, 0, 4, '2026-04-27 08:00:00', '2026-04-29 16:42:00'),
(26, 29, NULL, 'Database migration verified', 0, 0, 0, 4, '2026-05-18 08:00:00', '2026-05-18 08:00:00'),
(27, 29, NULL, 'QA sign-off', 0, 1, 0, 4, '2026-05-18 08:00:00', '2026-05-18 08:00:00'),
(28, 29, NULL, 'Security checklist', 0, 2, 0, 4, '2026-05-18 08:00:00', '2026-05-18 08:00:00'),
(29, 35, NULL, 'Write unit tests', 0, 0, 0, 9, '2026-05-18 08:00:00', '2026-05-18 08:00:00'),
(30, 35, NULL, 'API contract validated', 0, 1, 0, 9, '2026-05-18 08:00:00', '2026-05-18 08:00:00'),
(31, 35, NULL, 'Performance benchmark', 0, 2, 0, 9, '2026-05-18 08:00:00', '2026-05-18 08:00:00'),
(32, 35, NULL, 'Database migration verified', 0, 3, 0, 9, '2026-05-18 08:00:00', '2026-05-18 08:00:00'),
(33, 37, NULL, 'API contract validated', 1, 0, 0, 9, '2026-04-28 08:00:00', '2026-04-30 16:16:00'),
(34, 37, NULL, 'Deploy to staging', 1, 1, 0, 9, '2026-04-28 08:00:00', '2026-04-30 16:16:00'),
(35, 37, NULL, 'UI responsiveness checked', 0, 2, 0, 9, '2026-04-28 08:00:00', '2026-04-30 16:16:00'),
(36, 37, NULL, 'Setup environment & config', 0, 3, 0, 9, '2026-04-28 08:00:00', '2026-04-30 16:16:00'),
(37, 37, NULL, 'Integration testing', 1, 4, 0, 9, '2026-04-28 08:00:00', '2026-04-30 16:16:00'),
(38, 38, NULL, 'Security checklist', 1, 0, 0, 10, '2026-05-06 08:00:00', '2026-05-08 16:09:00'),
(39, 38, NULL, 'Code review done', 1, 1, 0, 10, '2026-05-06 08:00:00', '2026-05-08 16:09:00'),
(40, 38, NULL, 'Update documentation', 1, 2, 0, 10, '2026-05-06 08:00:00', '2026-05-08 16:09:00'),
(41, 38, NULL, 'Deploy to staging', 1, 3, 0, 10, '2026-05-06 08:00:00', '2026-05-08 16:09:00'),
(42, 38, NULL, 'Setup environment & config', 0, 4, 0, 10, '2026-05-06 08:00:00', '2026-05-08 16:09:00'),
(43, 47, NULL, 'UI responsiveness checked', 1, 0, 0, 8, '2026-05-06 08:00:00', '2026-05-07 14:46:00'),
(44, 47, NULL, 'Setup environment & config', 1, 1, 0, 8, '2026-05-06 08:00:00', '2026-05-07 14:46:00'),
(45, 47, NULL, 'Integration testing', 1, 2, 0, 8, '2026-05-06 08:00:00', '2026-05-07 14:46:00'),
(46, 47, NULL, 'Security checklist', 0, 3, 0, 8, '2026-05-06 08:00:00', '2026-05-07 14:46:00'),
(47, 48, NULL, 'Performance benchmark', 1, 0, 0, 8, '2026-05-14 08:00:00', '2026-05-14 08:00:00'),
(48, 48, NULL, 'Integration testing', 1, 1, 0, 8, '2026-05-14 08:00:00', '2026-05-14 08:00:00'),
(49, 48, NULL, 'Database migration verified', 1, 2, 0, 8, '2026-05-14 08:00:00', '2026-05-14 08:00:00'),
(50, 48, NULL, 'UI responsiveness checked', 1, 3, 0, 8, '2026-05-14 08:00:00', '2026-05-14 08:00:00'),
(51, 52, NULL, 'Performance benchmark', 1, 0, 0, 8, '2026-04-28 08:00:00', '2026-04-30 14:46:00'),
(52, 52, NULL, 'QA sign-off', 1, 1, 0, 8, '2026-04-28 08:00:00', '2026-04-30 14:46:00'),
(53, 52, NULL, 'Database migration verified', 0, 2, 0, 8, '2026-04-28 08:00:00', '2026-04-30 14:46:00'),
(54, 57, NULL, 'Update documentation', 0, 0, 0, 8, '2026-04-27 08:00:00', '2026-04-29 15:37:00'),
(55, 57, NULL, 'Security checklist', 0, 1, 0, 8, '2026-04-27 08:00:00', '2026-04-29 15:37:00'),
(56, 57, NULL, 'Performance benchmark', 1, 2, 0, 8, '2026-04-27 08:00:00', '2026-04-29 15:37:00'),
(57, 59, NULL, 'Code review done', 1, 0, 0, 10, '2026-05-06 08:00:00', '2026-05-06 08:00:00'),
(58, 59, NULL, 'Database migration verified', 1, 1, 0, 10, '2026-05-06 08:00:00', '2026-05-06 08:00:00'),
(59, 59, NULL, 'API contract validated', 1, 2, 0, 10, '2026-05-06 08:00:00', '2026-05-06 08:00:00'),
(60, 59, NULL, 'Deploy to staging', 0, 3, 0, 10, '2026-05-06 08:00:00', '2026-05-06 08:00:00'),
(61, 59, NULL, 'UI responsiveness checked', 1, 4, 0, 10, '2026-05-06 08:00:00', '2026-05-06 08:00:00'),
(62, 62, NULL, 'Deploy to staging', 0, 0, 0, 12, '2026-04-28 08:00:00', '2026-04-29 16:43:00'),
(63, 62, NULL, 'UI responsiveness checked', 1, 1, 0, 12, '2026-04-28 08:00:00', '2026-04-29 16:43:00'),
(64, 62, NULL, 'Setup environment & config', 0, 2, 0, 12, '2026-04-28 08:00:00', '2026-04-29 16:43:00'),
(65, 62, NULL, 'Integration testing', 1, 3, 0, 12, '2026-04-28 08:00:00', '2026-04-29 16:43:00'),
(66, 62, NULL, 'Database migration verified', 0, 4, 0, 12, '2026-04-28 08:00:00', '2026-04-29 16:43:00'),
(67, 64, NULL, 'Write unit tests', 0, 0, 0, 14, '2026-05-14 08:00:00', '2026-05-14 08:00:00'),
(68, 64, NULL, 'Code review done', 0, 1, 0, 14, '2026-05-14 08:00:00', '2026-05-14 08:00:00'),
(69, 64, NULL, 'Setup environment & config', 0, 2, 0, 14, '2026-05-14 08:00:00', '2026-05-14 08:00:00'),
(70, 64, NULL, 'API contract validated', 0, 3, 0, 14, '2026-05-14 08:00:00', '2026-05-14 08:00:00'),
(71, 64, NULL, 'Integration testing', 0, 4, 0, 14, '2026-05-14 08:00:00', '2026-05-14 08:00:00'),
(72, 68, NULL, 'QA sign-off', 1, 0, 0, 14, '2026-04-28 08:00:00', '2026-04-30 16:05:00'),
(73, 68, NULL, 'UI responsiveness checked', 1, 1, 0, 14, '2026-04-28 08:00:00', '2026-04-30 16:05:00'),
(74, 68, NULL, 'Database migration verified', 1, 2, 0, 14, '2026-04-28 08:00:00', '2026-04-30 16:05:00'),
(75, 68, NULL, 'Write unit tests', 0, 3, 0, 14, '2026-04-28 08:00:00', '2026-04-30 16:05:00'),
(76, 68, NULL, 'API contract validated', 1, 4, 0, 14, '2026-04-28 08:00:00', '2026-04-30 16:05:00'),
(77, 76, NULL, 'Performance benchmark', 0, 0, 0, 14, '2026-05-14 08:00:00', '2026-05-14 08:00:00'),
(78, 76, NULL, 'UI responsiveness checked', 0, 1, 0, 14, '2026-05-14 08:00:00', '2026-05-14 08:00:00'),
(79, 76, NULL, 'Deploy to staging', 0, 2, 0, 14, '2026-05-14 08:00:00', '2026-05-14 08:00:00'),
(80, 77, NULL, 'QA sign-off', 1, 0, 0, 11, '2026-05-15 08:00:00', '2026-05-15 08:00:00'),
(81, 77, NULL, 'Update documentation', 1, 1, 0, 11, '2026-05-15 08:00:00', '2026-05-15 08:00:00'),
(82, 77, NULL, 'Write unit tests', 0, 2, 0, 11, '2026-05-15 08:00:00', '2026-05-15 08:00:00'),
(83, 77, NULL, 'Security checklist', 0, 3, 0, 11, '2026-05-15 08:00:00', '2026-05-15 08:00:00'),
(84, 77, NULL, 'API contract validated', 1, 4, 0, 11, '2026-05-15 08:00:00', '2026-05-15 08:00:00'),
(85, 78, NULL, 'API contract validated', 0, 0, 0, 11, '2026-04-27 08:00:00', '2026-04-29 14:05:00'),
(86, 78, NULL, 'Setup environment & config', 1, 1, 0, 11, '2026-04-27 08:00:00', '2026-04-29 14:05:00'),
(87, 78, NULL, 'QA sign-off', 0, 2, 0, 11, '2026-04-27 08:00:00', '2026-04-29 14:05:00'),
(88, 80, NULL, 'API contract validated', 0, 0, 0, 14, '2026-05-06 08:00:00', '2026-05-06 08:00:00'),
(89, 80, NULL, 'UI responsiveness checked', 1, 1, 0, 14, '2026-05-06 08:00:00', '2026-05-06 08:00:00'),
(90, 80, NULL, 'Setup environment & config', 0, 2, 0, 14, '2026-05-06 08:00:00', '2026-05-06 08:00:00'),
(91, 80, NULL, 'Security checklist', 0, 3, 0, 14, '2026-05-06 08:00:00', '2026-05-06 08:00:00'),
(92, 80, NULL, 'Performance benchmark', 0, 4, 0, 14, '2026-05-06 08:00:00', '2026-05-06 08:00:00'),
(93, 82, NULL, 'Security checklist', 0, 0, 0, 14, '2026-05-15 08:00:00', '2026-05-15 08:00:00'),
(94, 82, NULL, 'UI responsiveness checked', 0, 1, 0, 14, '2026-05-15 08:00:00', '2026-05-15 08:00:00'),
(95, 82, NULL, 'Performance benchmark', 0, 2, 0, 14, '2026-05-15 08:00:00', '2026-05-15 08:00:00'),
(96, 82, NULL, 'Integration testing', 0, 3, 0, 14, '2026-05-15 08:00:00', '2026-05-15 08:00:00'),
(97, 82, NULL, 'Write unit tests', 0, 4, 0, 14, '2026-05-15 08:00:00', '2026-05-15 08:00:00'),
(98, 84, NULL, 'Integration testing', 1, 0, 0, 15, '2026-04-27 08:00:00', '2026-04-29 14:08:00'),
(99, 84, NULL, 'Setup environment & config', 0, 1, 0, 15, '2026-04-27 08:00:00', '2026-04-29 14:08:00'),
(100, 84, NULL, 'QA sign-off', 1, 2, 0, 15, '2026-04-27 08:00:00', '2026-04-29 14:08:00'),
(101, 84, NULL, 'UI responsiveness checked', 1, 3, 0, 15, '2026-04-27 08:00:00', '2026-04-29 14:08:00'),
(102, 84, NULL, 'Deploy to staging', 1, 4, 0, 15, '2026-04-27 08:00:00', '2026-04-29 14:08:00'),
(103, 87, NULL, 'Security checklist', 1, 0, 0, 13, '2026-05-14 08:00:00', '2026-05-14 08:00:00'),
(104, 87, NULL, 'Setup environment & config', 1, 1, 0, 13, '2026-05-14 08:00:00', '2026-05-14 08:00:00'),
(105, 87, NULL, 'API contract validated', 1, 2, 0, 13, '2026-05-14 08:00:00', '2026-05-14 08:00:00'),
(106, 87, NULL, 'Update documentation', 0, 3, 0, 13, '2026-05-14 08:00:00', '2026-05-14 08:00:00'),
(107, 92, NULL, 'Database migration verified', 1, 0, 0, 14, '2026-05-06 08:00:00', '2026-05-08 15:38:00'),
(108, 92, NULL, 'Setup environment & config', 0, 1, 0, 14, '2026-05-06 08:00:00', '2026-05-08 15:38:00'),
(109, 92, NULL, 'UI responsiveness checked', 1, 2, 0, 14, '2026-05-06 08:00:00', '2026-05-08 15:38:00'),
(110, 92, NULL, 'Performance benchmark', 1, 3, 0, 14, '2026-05-06 08:00:00', '2026-05-08 15:38:00'),
(111, 92, NULL, 'QA sign-off', 0, 4, 0, 14, '2026-05-06 08:00:00', '2026-05-08 15:38:00'),
(112, 93, NULL, 'Code review done', 0, 0, 0, 12, '2026-05-14 08:00:00', '2026-05-14 08:00:00'),
(113, 93, NULL, 'UI responsiveness checked', 0, 1, 0, 12, '2026-05-14 08:00:00', '2026-05-14 08:00:00'),
(114, 93, NULL, 'Security checklist', 0, 2, 0, 12, '2026-05-14 08:00:00', '2026-05-14 08:00:00'),
(115, 96, NULL, 'Update documentation', 1, 0, 0, 16, '2026-04-27 08:00:00', '2026-04-29 14:03:00'),
(116, 96, NULL, 'Performance benchmark', 0, 1, 0, 16, '2026-04-27 08:00:00', '2026-04-29 14:03:00'),
(117, 96, NULL, 'QA sign-off', 1, 2, 0, 16, '2026-04-27 08:00:00', '2026-04-29 14:03:00'),
(118, 96, NULL, 'Deploy to staging', 0, 3, 0, 16, '2026-04-27 08:00:00', '2026-04-29 14:03:00'),
(119, 101, NULL, 'Integration testing', 1, 0, 0, 13, '2026-04-27 08:00:00', '2026-04-28 16:54:00'),
(120, 101, NULL, 'Performance benchmark', 1, 1, 0, 13, '2026-04-27 08:00:00', '2026-04-28 16:54:00'),
(121, 101, NULL, 'Setup environment & config', 0, 2, 0, 13, '2026-04-27 08:00:00', '2026-04-28 16:54:00'),
(122, 101, NULL, 'Code review done', 1, 3, 0, 13, '2026-04-27 08:00:00', '2026-04-28 16:54:00'),
(123, 101, NULL, 'Database migration verified', 0, 4, 0, 13, '2026-04-27 08:00:00', '2026-04-28 16:54:00'),
(124, 102, NULL, 'Integration testing', 1, 0, 0, 15, '2026-04-28 08:00:00', '2026-04-30 16:09:00'),
(125, 102, NULL, 'UI responsiveness checked', 1, 1, 0, 15, '2026-04-28 08:00:00', '2026-04-30 16:09:00'),
(126, 102, NULL, 'Update documentation', 1, 2, 0, 15, '2026-04-28 08:00:00', '2026-04-30 16:09:00'),
(127, 102, NULL, 'Setup environment & config', 1, 3, 0, 15, '2026-04-28 08:00:00', '2026-04-30 16:09:00'),
(128, 102, NULL, 'Write unit tests', 1, 4, 0, 15, '2026-04-28 08:00:00', '2026-04-30 16:09:00'),
(129, 103, NULL, 'Code review done', 0, 0, 0, 13, '2026-05-06 08:00:00', '2026-05-08 16:26:00'),
(130, 103, NULL, 'Setup environment & config', 1, 1, 0, 13, '2026-05-06 08:00:00', '2026-05-08 16:26:00'),
(131, 103, NULL, 'Update documentation', 1, 2, 0, 13, '2026-05-06 08:00:00', '2026-05-08 16:26:00'),
(132, 103, NULL, 'Database migration verified', 1, 3, 0, 13, '2026-05-06 08:00:00', '2026-05-08 16:26:00'),
(133, 103, NULL, 'Write unit tests', 1, 4, 0, 13, '2026-05-06 08:00:00', '2026-05-08 16:26:00'),
(134, 105, NULL, 'Deploy to staging', 0, 0, 0, 11, '2026-05-15 08:00:00', '2026-05-15 08:00:00'),
(135, 105, NULL, 'QA sign-off', 0, 1, 0, 11, '2026-05-15 08:00:00', '2026-05-15 08:00:00'),
(136, 105, NULL, 'API contract validated', 0, 2, 0, 11, '2026-05-15 08:00:00', '2026-05-15 08:00:00'),
(137, 105, NULL, 'Update documentation', 0, 3, 0, 11, '2026-05-15 08:00:00', '2026-05-15 08:00:00'),
(138, 105, NULL, 'Integration testing', 0, 4, 0, 11, '2026-05-15 08:00:00', '2026-05-15 08:00:00'),
(139, 108, NULL, 'Deploy to staging', 1, 0, 0, 14, '2026-05-06 08:00:00', '2026-05-08 14:04:00'),
(140, 108, NULL, 'Code review done', 1, 1, 0, 14, '2026-05-06 08:00:00', '2026-05-08 14:04:00'),
(141, 108, NULL, 'Setup environment & config', 0, 2, 0, 14, '2026-05-06 08:00:00', '2026-05-08 14:04:00'),
(142, 108, NULL, 'Integration testing', 1, 3, 0, 14, '2026-05-06 08:00:00', '2026-05-08 14:04:00'),
(143, 114, NULL, 'API contract validated', 0, 0, 0, 16, '2026-05-15 08:00:00', '2026-05-15 08:00:00'),
(144, 114, NULL, 'Code review done', 0, 1, 0, 16, '2026-05-15 08:00:00', '2026-05-15 08:00:00'),
(145, 114, NULL, 'QA sign-off', 1, 2, 0, 16, '2026-05-15 08:00:00', '2026-05-15 08:00:00'),
(146, 114, NULL, 'Deploy to staging', 0, 3, 0, 16, '2026-05-15 08:00:00', '2026-05-15 08:00:00'),
(147, 114, NULL, 'Integration testing', 1, 4, 0, 16, '2026-05-15 08:00:00', '2026-05-15 08:00:00'),
(148, 118, NULL, 'QA sign-off', 1, 0, 0, 13, '2026-05-14 08:00:00', '2026-05-14 08:00:00'),
(149, 118, NULL, 'API contract validated', 0, 1, 0, 13, '2026-05-14 08:00:00', '2026-05-14 08:00:00'),
(150, 118, NULL, 'Deploy to staging', 1, 2, 0, 13, '2026-05-14 08:00:00', '2026-05-14 08:00:00'),
(151, 118, NULL, 'Performance benchmark', 1, 3, 0, 13, '2026-05-14 08:00:00', '2026-05-14 08:00:00'),
(152, 119, NULL, 'QA sign-off', 0, 0, 0, 15, '2026-05-15 08:00:00', '2026-05-15 08:00:00'),
(153, 119, NULL, 'API contract validated', 0, 1, 0, 15, '2026-05-15 08:00:00', '2026-05-15 08:00:00'),
(154, 119, NULL, 'Code review done', 0, 2, 0, 15, '2026-05-15 08:00:00', '2026-05-15 08:00:00'),
(155, 119, NULL, 'Update documentation', 0, 3, 0, 15, '2026-05-15 08:00:00', '2026-05-15 08:00:00'),
(156, 121, NULL, 'Setup environment & config', 1, 0, 0, 11, '2026-04-27 08:00:00', '2026-04-28 15:41:00'),
(157, 121, NULL, 'API contract validated', 1, 1, 0, 11, '2026-04-27 08:00:00', '2026-04-28 15:41:00'),
(158, 121, NULL, 'UI responsiveness checked', 1, 2, 0, 11, '2026-04-27 08:00:00', '2026-04-28 15:41:00'),
(159, 124, NULL, 'QA sign-off', 1, 0, 0, 12, '2026-05-14 08:00:00', '2026-05-14 08:00:00'),
(160, 124, NULL, 'Database migration verified', 1, 1, 0, 12, '2026-05-14 08:00:00', '2026-05-14 08:00:00'),
(161, 124, NULL, 'Performance benchmark', 0, 2, 0, 12, '2026-05-14 08:00:00', '2026-05-14 08:00:00'),
(162, 124, NULL, 'Update documentation', 0, 3, 0, 12, '2026-05-14 08:00:00', '2026-05-14 08:00:00'),
(163, 131, NULL, 'Security checklist', 0, 0, 0, 8, '2026-04-28 08:00:00', '2026-04-30 14:38:00'),
(164, 131, NULL, 'QA sign-off', 0, 1, 0, 8, '2026-04-28 08:00:00', '2026-04-30 14:38:00'),
(165, 131, NULL, 'Setup environment & config', 1, 2, 0, 8, '2026-04-28 08:00:00', '2026-04-30 14:38:00'),
(166, 131, NULL, 'Database migration verified', 1, 3, 0, 8, '2026-04-28 08:00:00', '2026-04-30 14:38:00'),
(167, 136, NULL, 'Performance benchmark', 1, 0, 0, 17, '2026-04-27 08:00:00', '2026-04-28 15:36:00'),
(168, 136, NULL, 'Integration testing', 1, 1, 0, 17, '2026-04-27 08:00:00', '2026-04-28 15:36:00'),
(169, 136, NULL, 'Write unit tests', 1, 2, 0, 17, '2026-04-27 08:00:00', '2026-04-28 15:36:00'),
(170, 136, NULL, 'API contract validated', 0, 3, 0, 17, '2026-04-27 08:00:00', '2026-04-28 15:36:00'),
(171, 136, NULL, 'Security checklist', 1, 4, 0, 17, '2026-04-27 08:00:00', '2026-04-28 15:36:00'),
(172, 139, NULL, 'Setup environment & config', 0, 0, 0, 20, '2026-05-14 08:00:00', '2026-05-14 08:00:00'),
(173, 139, NULL, 'Performance benchmark', 0, 1, 0, 20, '2026-05-14 08:00:00', '2026-05-14 08:00:00'),
(174, 139, NULL, 'Deploy to staging', 0, 2, 0, 20, '2026-05-14 08:00:00', '2026-05-14 08:00:00');


-- ------------------------------------------------------------
--  Table: `time_entries` (98 rows)
-- ------------------------------------------------------------
TRUNCATE TABLE `time_entries`;
INSERT INTO `time_entries` (`id`, `subtask_id`, `user_id`, `duration`, `started_at`, `ended_at`, `is_billable`, `is_running`, `created_at`, `updated_at`, `deleted_at`) VALUES
(1, 1, 3, 500, '2026-04-27 08:30:00', '2026-04-27 15:18:00', 0, 0, '2026-04-27 08:30:00', '2026-04-27 08:30:00', NULL),
(2, 2, 3, 254, '2026-04-28 10:02:00', '2026-04-28 14:16:00', 1, 0, '2026-04-28 10:02:00', '2026-04-28 10:02:00', NULL),
(3, 7, 6, 630, '2026-04-27 10:06:00', '2026-04-27 15:24:00', 1, 0, '2026-04-27 10:06:00', '2026-04-27 10:06:00', NULL),
(4, 8, 3, 281, '2026-04-28 08:13:00', '2026-04-28 15:54:00', 1, 0, '2026-04-28 08:13:00', '2026-04-28 08:13:00', NULL),
(5, 9, 4, 271, '2026-05-06 09:05:00', '2026-05-06 15:49:00', 1, 0, '2026-05-06 09:05:00', '2026-05-06 09:05:00', NULL),
(6, 10, 3, 48, '2026-05-14 09:30:00', '2026-05-14 15:40:00', 0, 0, '2026-05-14 09:30:00', '2026-05-14 09:30:00', NULL),
(7, 11, 3, 243, '2026-05-15 10:23:00', '2026-05-15 14:01:00', 1, 0, '2026-05-15 10:23:00', '2026-05-15 10:23:00', NULL),
(8, 12, 4, 296, '2026-04-27 08:23:00', '2026-04-27 15:13:00', 0, 0, '2026-04-27 08:23:00', '2026-04-27 08:23:00', NULL),
(9, 13, 4, 166, '2026-04-28 08:00:00', '2026-04-28 14:26:00', 1, 0, '2026-04-28 08:00:00', '2026-04-28 08:00:00', NULL),
(10, 14, 3, 168, '2026-05-06 08:28:00', '2026-05-06 15:36:00', 0, 0, '2026-05-06 08:28:00', '2026-05-06 08:28:00', NULL),
(11, 15, 5, 88, '2026-05-14 08:04:00', '2026-05-14 16:13:00', 1, 0, '2026-05-14 08:04:00', '2026-05-14 08:04:00', NULL),
(12, 18, 5, 268, '2026-04-27 08:18:00', '2026-04-27 16:18:00', 1, 0, '2026-04-27 08:18:00', '2026-04-27 08:18:00', NULL),
(13, 19, 3, 202, '2026-04-28 10:27:00', '2026-04-28 14:47:00', 0, 0, '2026-04-28 10:27:00', '2026-04-28 10:27:00', NULL),
(14, 24, 4, 628, '2026-04-27 09:29:00', '2026-04-27 15:25:00', 0, 0, '2026-04-27 09:29:00', '2026-04-27 09:29:00', NULL),
(15, 25, 4, 471, '2026-04-28 10:14:00', '2026-04-28 16:55:00', 1, 0, '2026-04-28 10:14:00', '2026-04-28 10:14:00', NULL),
(16, 26, 3, 518, '2026-05-06 09:29:00', '2026-05-06 15:41:00', 0, 0, '2026-05-06 09:29:00', '2026-05-06 09:29:00', NULL),
(17, 27, 6, 62, '2026-05-14 09:05:00', '2026-05-14 14:09:00', 0, 0, '2026-05-14 09:05:00', '2026-05-14 09:05:00', NULL),
(18, 30, 10, 272, '2026-04-27 10:01:00', '2026-04-27 16:32:00', 0, 0, '2026-04-27 10:01:00', '2026-04-27 10:01:00', NULL),
(19, 31, 8, 261, '2026-04-28 08:26:00', '2026-04-28 14:51:00', 1, 0, '2026-04-28 08:26:00', '2026-04-28 08:26:00', NULL),
(20, 32, 7, 532, '2026-05-06 09:09:00', '2026-05-06 15:29:00', 1, 0, '2026-05-06 09:09:00', '2026-05-06 09:09:00', NULL),
(21, 34, 7, 64, '2026-05-15 09:23:00', '2026-05-15 15:29:00', 0, 0, '2026-05-15 09:23:00', '2026-05-15 09:23:00', NULL),
(22, 36, 10, 206, '2026-04-27 09:07:00', '2026-04-27 15:57:00', 0, 0, '2026-04-27 09:07:00', '2026-04-27 09:07:00', NULL),
(23, 37, 9, 387, '2026-04-28 09:17:00', '2026-04-28 15:13:00', 0, 0, '2026-04-28 09:17:00', '2026-04-28 09:17:00', NULL),
(24, 38, 10, 381, '2026-05-06 08:21:00', '2026-05-06 15:01:00', 0, 0, '2026-05-06 08:21:00', '2026-05-06 08:21:00', NULL),
(25, 39, 7, 231, '2026-05-14 08:02:00', '2026-05-14 14:18:00', 0, 0, '2026-05-14 08:02:00', '2026-05-14 08:02:00', NULL),
(26, 40, 8, 201, '2026-04-27 08:26:00', '2026-04-27 16:38:00', 0, 0, '2026-04-27 08:26:00', '2026-04-27 08:26:00', NULL),
(27, 41, 10, 164, '2026-04-28 10:19:00', '2026-04-28 16:52:00', 1, 0, '2026-04-28 10:19:00', '2026-04-28 10:19:00', NULL),
(28, 42, 8, 235, '2026-05-06 10:05:00', '2026-05-06 15:03:00', 1, 0, '2026-05-06 10:05:00', '2026-05-06 10:05:00', NULL),
(29, 45, 7, 246, '2026-04-27 08:06:00', '2026-04-27 16:31:00', 1, 0, '2026-04-27 08:06:00', '2026-04-27 08:06:00', NULL),
(30, 46, 8, 352, '2026-04-28 10:04:00', '2026-04-28 15:26:00', 0, 0, '2026-04-28 10:04:00', '2026-04-28 10:04:00', NULL),
(31, 47, 8, 389, '2026-05-06 08:10:00', '2026-05-06 15:28:00', 1, 0, '2026-05-06 08:10:00', '2026-05-06 08:10:00', NULL),
(32, 51, 7, 232, '2026-04-27 10:01:00', '2026-04-27 16:38:00', 1, 0, '2026-04-27 10:01:00', '2026-04-27 10:01:00', NULL),
(33, 52, 8, 235, '2026-04-28 10:29:00', '2026-04-28 14:32:00', 1, 0, '2026-04-28 10:29:00', '2026-04-28 10:29:00', NULL),
(34, 53, 7, 369, '2026-05-06 09:08:00', '2026-05-06 15:37:00', 0, 0, '2026-05-06 09:08:00', '2026-05-06 09:08:00', NULL),
(35, 54, 8, 59, '2026-05-14 09:09:00', '2026-05-14 15:17:00', 1, 0, '2026-05-14 09:09:00', '2026-05-14 09:09:00', NULL),
(36, 55, 9, 69, '2026-05-15 08:18:00', '2026-05-15 14:50:00', 0, 0, '2026-05-15 08:18:00', '2026-05-15 08:18:00', NULL),
(37, 57, 8, 232, '2026-04-27 08:30:00', '2026-04-27 14:11:00', 0, 0, '2026-04-27 08:30:00', '2026-04-27 08:30:00', NULL),
(38, 58, 10, 141, '2026-04-28 09:09:00', '2026-04-28 14:57:00', 0, 0, '2026-04-28 09:09:00', '2026-04-28 09:09:00', NULL),
(39, 60, 10, 225, '2026-05-14 10:22:00', '2026-05-14 15:08:00', 1, 0, '2026-05-14 10:22:00', '2026-05-14 10:22:00', NULL),
(40, 61, 16, 619, '2026-04-27 10:12:00', '2026-04-27 16:51:00', 0, 0, '2026-04-27 10:12:00', '2026-04-27 10:12:00', NULL),
(41, 62, 12, 325, '2026-04-28 09:06:00', '2026-04-28 15:40:00', 1, 0, '2026-04-28 09:06:00', '2026-04-28 09:06:00', NULL),
(42, 64, 14, 101, '2026-05-14 08:21:00', '2026-05-14 16:02:00', 0, 0, '2026-05-14 08:21:00', '2026-05-14 08:21:00', NULL),
(43, 67, 11, 259, '2026-04-27 09:17:00', '2026-04-27 16:36:00', 0, 0, '2026-04-27 09:17:00', '2026-04-27 09:17:00', NULL),
(44, 68, 14, 225, '2026-04-28 09:30:00', '2026-04-28 15:18:00', 0, 0, '2026-04-28 09:30:00', '2026-04-28 09:30:00', NULL),
(45, 69, 16, 476, '2026-05-06 10:13:00', '2026-05-06 15:39:00', 0, 0, '2026-05-06 10:13:00', '2026-05-06 10:13:00', NULL),
(46, 70, 14, 238, '2026-05-14 09:26:00', '2026-05-14 15:22:00', 0, 0, '2026-05-14 09:26:00', '2026-05-14 09:26:00', NULL),
(47, 71, 15, 64, '2026-05-15 10:14:00', '2026-05-15 14:51:00', 1, 0, '2026-05-15 10:14:00', '2026-05-15 10:14:00', NULL),
(48, 73, 14, 647, '2026-04-27 08:26:00', '2026-04-27 16:01:00', 1, 0, '2026-04-27 08:26:00', '2026-04-27 08:26:00', NULL),
(49, 74, 15, 314, '2026-04-28 08:01:00', '2026-04-28 14:10:00', 1, 0, '2026-04-28 08:01:00', '2026-04-28 08:01:00', NULL),
(50, 75, 12, 307, '2026-05-06 10:11:00', '2026-05-06 14:15:00', 1, 0, '2026-05-06 10:11:00', '2026-05-06 10:11:00', NULL),
(51, 76, 14, 55, '2026-05-14 08:15:00', '2026-05-14 14:33:00', 1, 0, '2026-05-14 08:15:00', '2026-05-14 08:15:00', NULL),
(52, 77, 11, 31, '2026-05-15 09:05:00', '2026-05-15 16:58:00', 1, 0, '2026-05-15 09:05:00', '2026-05-15 09:05:00', NULL),
(53, 78, 11, 127, '2026-04-27 09:24:00', '2026-04-27 15:32:00', 1, 0, '2026-04-27 09:24:00', '2026-04-27 09:24:00', NULL),
(54, 79, 12, 546, '2026-04-28 08:23:00', '2026-04-28 16:06:00', 0, 0, '2026-04-28 08:23:00', '2026-04-28 08:23:00', NULL),
(55, 81, 12, 203, '2026-05-14 09:09:00', '2026-05-14 16:49:00', 1, 0, '2026-05-14 09:09:00', '2026-05-14 09:09:00', NULL),
(56, 84, 15, 126, '2026-04-27 10:29:00', '2026-04-27 16:39:00', 1, 0, '2026-04-27 10:29:00', '2026-04-27 10:29:00', NULL),
(57, 85, 16, 338, '2026-04-28 09:13:00', '2026-04-28 14:36:00', 1, 0, '2026-04-28 09:13:00', '2026-04-28 09:13:00', NULL),
(58, 86, 12, 230, '2026-05-06 10:14:00', '2026-05-06 16:45:00', 0, 0, '2026-05-06 10:14:00', '2026-05-06 10:14:00', NULL),
(59, 90, 16, 320, '2026-04-27 09:19:00', '2026-04-27 14:12:00', 0, 0, '2026-04-27 09:19:00', '2026-04-27 09:19:00', NULL),
(60, 91, 15, 457, '2026-04-28 10:27:00', '2026-04-28 14:29:00', 0, 0, '2026-04-28 10:27:00', '2026-04-28 10:27:00', NULL),
(61, 92, 14, 236, '2026-05-06 10:03:00', '2026-05-06 16:01:00', 1, 0, '2026-05-06 10:03:00', '2026-05-06 10:03:00', NULL),
(62, 93, 12, 202, '2026-05-14 09:17:00', '2026-05-14 15:29:00', 1, 0, '2026-05-14 09:17:00', '2026-05-14 09:17:00', NULL),
(63, 94, 15, 43, '2026-05-15 08:16:00', '2026-05-15 16:30:00', 1, 0, '2026-05-15 08:16:00', '2026-05-15 08:16:00', NULL),
(64, 96, 16, 312, '2026-04-27 09:14:00', '2026-04-27 16:19:00', 0, 0, '2026-04-27 09:14:00', '2026-04-27 09:14:00', NULL),
(65, 97, 16, 520, '2026-04-28 08:28:00', '2026-04-28 16:37:00', 0, 0, '2026-04-28 08:28:00', '2026-04-28 08:28:00', NULL),
(66, 98, 13, 427, '2026-05-06 09:22:00', '2026-05-06 16:24:00', 0, 0, '2026-05-06 09:22:00', '2026-05-06 09:22:00', NULL),
(67, 101, 13, 201, '2026-04-27 09:07:00', '2026-04-27 16:20:00', 1, 0, '2026-04-27 09:07:00', '2026-04-27 09:07:00', NULL),
(68, 102, 15, 588, '2026-04-28 10:27:00', '2026-04-28 16:17:00', 1, 0, '2026-04-28 10:27:00', '2026-04-28 10:27:00', NULL),
(69, 103, 13, 534, '2026-05-06 09:23:00', '2026-05-06 14:56:00', 1, 0, '2026-05-06 09:23:00', '2026-05-06 09:23:00', NULL),
(70, 104, 11, 104, '2026-05-14 08:25:00', '2026-05-14 14:59:00', 0, 0, '2026-05-14 08:25:00', '2026-05-14 08:25:00', NULL),
(71, 106, 15, 414, '2026-04-27 09:25:00', '2026-04-27 14:23:00', 1, 0, '2026-04-27 09:25:00', '2026-04-27 09:25:00', NULL),
(72, 107, 15, 203, '2026-04-28 09:13:00', '2026-04-28 14:18:00', 1, 0, '2026-04-28 09:13:00', '2026-04-28 09:13:00', NULL),
(73, 108, 14, 257, '2026-05-06 09:15:00', '2026-05-06 15:40:00', 1, 0, '2026-05-06 09:15:00', '2026-05-06 09:15:00', NULL),
(74, 110, 11, 410, '2026-04-27 08:18:00', '2026-04-27 15:30:00', 0, 0, '2026-04-27 08:18:00', '2026-04-27 08:18:00', NULL),
(75, 111, 15, 356, '2026-04-28 08:08:00', '2026-04-28 16:37:00', 1, 0, '2026-04-28 08:08:00', '2026-04-28 08:08:00', NULL),
(76, 112, 11, 362, '2026-05-06 10:27:00', '2026-05-06 14:41:00', 0, 0, '2026-05-06 10:27:00', '2026-05-06 10:27:00', NULL),
(77, 115, 12, 135, '2026-04-27 08:22:00', '2026-04-27 14:18:00', 1, 0, '2026-04-27 08:22:00', '2026-04-27 08:22:00', NULL),
(78, 116, 16, 654, '2026-04-28 09:07:00', '2026-04-28 16:17:00', 1, 0, '2026-04-28 09:07:00', '2026-04-28 09:07:00', NULL),
(79, 117, 15, 102, '2026-05-06 10:16:00', '2026-05-06 14:05:00', 0, 0, '2026-05-06 10:16:00', '2026-05-06 10:16:00', NULL),
(80, 118, 13, 133, '2026-05-14 10:22:00', '2026-05-14 14:22:00', 1, 0, '2026-05-14 10:22:00', '2026-05-14 10:22:00', NULL),
(81, 119, 15, 220, '2026-05-15 09:30:00', '2026-05-15 16:28:00', 1, 0, '2026-05-15 09:30:00', '2026-05-15 09:30:00', NULL),
(82, 121, 11, 451, '2026-04-27 09:00:00', '2026-04-27 14:09:00', 1, 0, '2026-04-27 09:00:00', '2026-04-27 09:00:00', NULL),
(83, 122, 15, 221, '2026-04-28 10:29:00', '2026-04-28 14:29:00', 0, 0, '2026-04-28 10:29:00', '2026-04-28 10:29:00', NULL),
(84, 123, 16, 136, '2026-05-06 10:01:00', '2026-05-06 16:47:00', 0, 0, '2026-05-06 10:01:00', '2026-05-06 10:01:00', NULL),
(85, 125, 12, 94, '2026-05-15 10:24:00', '2026-05-15 16:10:00', 1, 0, '2026-05-15 10:24:00', '2026-05-15 10:24:00', NULL),
(86, 126, 8, 461, '2026-04-27 09:15:00', '2026-04-27 16:45:00', 0, 0, '2026-04-27 09:15:00', '2026-04-27 09:15:00', NULL),
(87, 127, 20, 337, '2026-04-28 08:04:00', '2026-04-28 16:47:00', 0, 0, '2026-04-28 08:04:00', '2026-04-28 08:04:00', NULL),
(88, 128, 21, 178, '2026-05-06 08:20:00', '2026-05-06 14:26:00', 1, 0, '2026-05-06 08:20:00', '2026-05-06 08:20:00', NULL),
(89, 129, 21, 38, '2026-05-14 09:00:00', '2026-05-14 14:07:00', 1, 0, '2026-05-14 09:00:00', '2026-05-14 09:00:00', NULL),
(90, 130, 18, 276, '2026-04-27 08:20:00', '2026-04-27 15:39:00', 0, 0, '2026-04-27 08:20:00', '2026-04-27 08:20:00', NULL),
(91, 131, 8, 295, '2026-04-28 10:01:00', '2026-04-28 16:52:00', 0, 0, '2026-04-28 10:01:00', '2026-04-28 10:01:00', NULL),
(92, 132, 20, 247, '2026-05-06 08:25:00', '2026-05-06 16:05:00', 1, 0, '2026-05-06 08:25:00', '2026-05-06 08:25:00', NULL),
(93, 133, 17, 126, '2026-05-14 09:08:00', '2026-05-14 14:46:00', 0, 0, '2026-05-14 09:08:00', '2026-05-14 09:08:00', NULL),
(94, 136, 17, 377, '2026-04-27 10:20:00', '2026-04-27 15:54:00', 0, 0, '2026-04-27 10:20:00', '2026-04-27 10:20:00', NULL),
(95, 137, 19, 240, '2026-04-28 08:03:00', '2026-04-28 15:36:00', 0, 0, '2026-04-28 08:03:00', '2026-04-28 08:03:00', NULL),
(96, 138, 19, 439, '2026-05-06 08:25:00', '2026-05-06 15:58:00', 1, 0, '2026-05-06 08:25:00', '2026-05-06 08:25:00', NULL),
(97, 139, 20, 65, '2026-05-14 08:02:00', '2026-05-14 15:05:00', 1, 0, '2026-05-14 08:02:00', '2026-05-14 08:02:00', NULL),
(98, 140, 18, 348, '2026-05-15 08:19:00', '2026-05-15 15:16:00', 1, 0, '2026-05-15 08:19:00', '2026-05-15 08:19:00', NULL);


-- ------------------------------------------------------------
--  Table: `comments` (74 rows)
-- ------------------------------------------------------------
TRUNCATE TABLE `comments`;
INSERT INTO `comments` (`id`, `task_id`, `subtask_id`, `user_id`, `parent_id`, `content`, `mentions`, `attachments`, `is_resolved`, `edited_at`, `created_at`, `updated_at`) VALUES
(1, 1, NULL, 5, NULL, 'Butuh klarifikasi dari tim business terkait requirement.', NULL, NULL, 0, NULL, '2026-04-30 09:34:08', '2026-04-30 09:34:08'),
(2, 1, NULL, 5, NULL, 'Blocker: menunggu akses credentials dari pihak ketiga.', NULL, NULL, 0, NULL, '2026-05-22 10:26:21', '2026-05-22 10:26:21'),
(3, 2, NULL, 6, NULL, 'Bug minor ditemukan di edge case. Sedang diperbaiki.', NULL, NULL, 0, NULL, '2026-04-28 10:33:45', '2026-04-28 10:33:45'),
(4, 2, NULL, 5, NULL, 'Meeting sync dengan vendor dijadwalkan besok jam 10.', NULL, NULL, 0, NULL, '2026-05-20 10:03:20', '2026-05-20 10:03:20'),
(5, 2, NULL, 5, NULL, 'Integrasi dengan SAP sudah berhasil di sandbox.', NULL, NULL, 0, NULL, '2026-04-27 16:29:17', '2026-04-27 16:29:17'),
(6, 2, NULL, 4, 3, 'Sudah progress 46%. Estimasi selesai hari 2026-05-08.', NULL, NULL, 0, NULL, '2026-05-06 11:35:18', '2026-05-06 11:35:18'),
(7, 3, NULL, 6, NULL, 'Meeting sync dengan vendor dijadwalkan besok jam 10.', NULL, NULL, 0, NULL, '2026-05-06 09:23:26', '2026-05-06 09:23:26'),
(8, 3, NULL, 5, NULL, 'Butuh klarifikasi dari tim business terkait requirement.', NULL, NULL, 0, NULL, '2026-05-14 13:22:25', '2026-05-14 13:22:25'),
(9, 4, NULL, 2, NULL, 'Meeting sync dengan vendor dijadwalkan besok jam 10.', NULL, NULL, 0, NULL, '2026-05-15 14:05:29', '2026-05-15 14:05:29'),
(10, 4, NULL, 1, NULL, 'Deploy ke staging berhasil. Silakan di-test.', NULL, NULL, 0, NULL, '2026-05-15 08:51:36', '2026-05-15 08:51:36'),
(11, 4, NULL, 3, NULL, 'Unit test coverage sudah di atas 80%.', NULL, NULL, 0, NULL, '2026-04-27 15:48:38', '2026-04-27 15:48:38'),
(12, 4, NULL, 4, NULL, 'Sudah progress 39%. Estimasi selesai hari 2026-05-15.', NULL, NULL, 0, NULL, '2026-05-13 14:12:20', '2026-05-13 14:12:20'),
(13, 5, NULL, 4, NULL, 'Security review passed. No critical findings.', NULL, NULL, 0, NULL, '2026-05-05 11:36:56', '2026-05-05 11:36:56'),
(14, 5, NULL, 2, 13, 'Meeting sync dengan vendor dijadwalkan besok jam 10.', NULL, NULL, 0, NULL, '2026-05-01 09:27:45', '2026-05-01 09:27:45'),
(15, 6, NULL, 2, NULL, 'Bug minor ditemukan di edge case. Sedang diperbaiki.', NULL, NULL, 0, NULL, '2026-05-22 08:26:47', '2026-05-22 08:26:47'),
(16, 6, NULL, 8, 15, 'Meeting sync dengan vendor dijadwalkan besok jam 10.', NULL, NULL, 0, NULL, '2026-05-07 11:34:46', '2026-05-07 11:34:46'),
(17, 6, NULL, 2, NULL, 'Sudah progress 44%. Estimasi selesai hari 2026-04-30.', NULL, NULL, 0, NULL, '2026-04-28 11:43:04', '2026-04-28 11:43:04'),
(18, 7, NULL, 2, NULL, 'Performance test done. Response time < 200ms.', NULL, NULL, 0, NULL, '2026-05-04 10:19:11', '2026-05-04 10:19:11'),
(19, 7, NULL, 10, NULL, 'Sprint review kemarin feedback-nya positif dari stakeholder.', NULL, NULL, 0, NULL, '2026-05-05 14:51:48', '2026-05-05 14:51:48'),
(20, 7, NULL, 8, 18, 'API endpoint sudah ready untuk di-consume frontend.', NULL, NULL, 0, NULL, '2026-05-12 15:20:19', '2026-05-12 15:20:19'),
(21, 8, NULL, 1, NULL, 'Security review passed. No critical findings.', NULL, NULL, 0, NULL, '2026-05-19 10:14:16', '2026-05-19 10:14:16'),
(22, 8, NULL, 9, NULL, 'Performance test done. Response time < 200ms.', NULL, NULL, 0, NULL, '2026-05-18 08:05:00', '2026-05-18 08:05:00'),
(23, 8, NULL, 1, NULL, 'Deploy ke staging berhasil. Silakan di-test.', NULL, NULL, 0, NULL, '2026-05-22 09:07:59', '2026-05-22 09:07:59'),
(24, 9, NULL, 10, NULL, 'API endpoint sudah ready untuk di-consume frontend.', NULL, NULL, 0, NULL, '2026-05-07 16:33:03', '2026-05-07 16:33:03'),
(25, 9, NULL, 9, NULL, 'Perlu refactor module ini supaya lebih maintainable.', NULL, NULL, 0, NULL, '2026-04-30 13:20:57', '2026-04-30 13:20:57'),
(26, 9, NULL, 10, NULL, 'UI sudah sesuai mockup. Tinggal integration testing.', NULL, NULL, 0, NULL, '2026-05-22 11:18:32', '2026-05-22 11:18:32'),
(27, 9, NULL, 9, NULL, 'Butuh klarifikasi dari tim business terkait requirement.', NULL, NULL, 0, NULL, '2026-05-05 14:03:49', '2026-05-05 14:03:49'),
(28, 10, NULL, 9, NULL, 'API endpoint sudah ready untuk di-consume frontend.', NULL, NULL, 0, NULL, '2026-05-14 13:21:38', '2026-05-14 13:21:38'),
(29, 10, NULL, 9, 28, 'Integrasi dengan SAP sudah berhasil di sandbox.', NULL, NULL, 0, NULL, '2026-04-28 16:24:30', '2026-04-28 16:24:30'),
(30, 11, NULL, 9, NULL, 'Documentation sudah di-update di Confluence.', NULL, NULL, 0, NULL, '2026-05-18 10:00:08', '2026-05-18 10:00:08'),
(31, 11, NULL, 10, NULL, 'Unit test coverage sudah di atas 80%.', NULL, NULL, 0, NULL, '2026-05-20 13:24:27', '2026-05-20 13:24:27'),
(32, 11, NULL, 1, NULL, 'Performance test done. Response time < 200ms.', NULL, NULL, 0, NULL, '2026-05-20 15:48:32', '2026-05-20 15:48:32'),
(33, 12, NULL, 14, NULL, 'Sprint review kemarin feedback-nya positif dari stakeholder.', NULL, NULL, 0, NULL, '2026-04-28 10:10:07', '2026-04-28 10:10:07'),
(34, 12, NULL, 15, NULL, 'Deploy ke staging berhasil. Silakan di-test.', NULL, NULL, 0, NULL, '2026-05-05 16:33:13', '2026-05-05 16:33:13'),
(35, 13, NULL, 11, NULL, 'Perlu refactor module ini supaya lebih maintainable.', NULL, NULL, 0, NULL, '2026-05-12 11:40:49', '2026-05-12 11:40:49'),
(36, 13, NULL, 15, 35, 'Deploy ke staging berhasil. Silakan di-test.', NULL, NULL, 0, NULL, '2026-05-20 13:14:02', '2026-05-20 13:14:02'),
(37, 13, NULL, 1, 35, 'Security review passed. No critical findings.', NULL, NULL, 0, NULL, '2026-05-18 15:41:22', '2026-05-18 15:41:22'),
(38, 14, NULL, 16, NULL, 'UI sudah sesuai mockup. Tinggal integration testing.', NULL, NULL, 0, NULL, '2026-05-19 10:09:49', '2026-05-19 10:09:49'),
(39, 14, NULL, 13, NULL, 'API endpoint sudah ready untuk di-consume frontend.', NULL, NULL, 0, NULL, '2026-05-06 14:11:08', '2026-05-06 14:11:08'),
(40, 14, NULL, 14, NULL, 'Security review passed. No critical findings.', NULL, NULL, 0, NULL, '2026-04-29 10:40:33', '2026-04-29 10:40:33'),
(41, 15, NULL, 11, NULL, 'Security review passed. No critical findings.', NULL, NULL, 0, NULL, '2026-05-11 09:46:15', '2026-05-11 09:46:15'),
(42, 15, NULL, 16, NULL, 'Performance test done. Response time < 200ms.', NULL, NULL, 0, NULL, '2026-05-08 09:14:49', '2026-05-08 09:14:49'),
(43, 15, NULL, 14, NULL, 'API endpoint sudah ready untuk di-consume frontend.', NULL, NULL, 0, NULL, '2026-05-22 16:26:19', '2026-05-22 16:26:19'),
(44, 16, NULL, 16, NULL, 'Blocker: menunggu akses credentials dari pihak ketiga.', NULL, NULL, 0, NULL, '2026-05-07 16:03:37', '2026-05-07 16:03:37'),
(45, 16, NULL, 13, NULL, 'Security review passed. No critical findings.', NULL, NULL, 0, NULL, '2026-05-06 08:49:55', '2026-05-06 08:49:55'),
(46, 16, NULL, 14, 44, 'Bug minor ditemukan di edge case. Sedang diperbaiki.', NULL, NULL, 0, NULL, '2026-05-22 15:06:57', '2026-05-22 15:06:57'),
(47, 17, NULL, 14, NULL, 'Butuh klarifikasi dari tim business terkait requirement.', NULL, NULL, 0, NULL, '2026-05-21 10:57:38', '2026-05-21 10:57:38'),
(48, 17, NULL, 2, NULL, 'Unit test coverage sudah di atas 80%.', NULL, NULL, 0, NULL, '2026-05-06 09:24:35', '2026-05-06 09:24:35'),
(49, 17, NULL, 15, 47, 'Blocker: menunggu akses credentials dari pihak ketiga.', NULL, NULL, 0, NULL, '2026-05-11 09:32:23', '2026-05-11 09:32:23'),
(50, 17, NULL, 16, NULL, 'Sudah progress 67%. Estimasi selesai hari 2026-05-20.', NULL, NULL, 0, NULL, '2026-05-18 16:48:01', '2026-05-18 16:48:01'),
(51, 18, NULL, 12, NULL, 'API endpoint sudah ready untuk di-consume frontend.', NULL, NULL, 0, NULL, '2026-04-27 16:25:01', '2026-04-27 16:25:01'),
(52, 18, NULL, 11, NULL, 'API endpoint sudah ready untuk di-consume frontend.', NULL, NULL, 0, NULL, '2026-05-11 09:29:48', '2026-05-11 09:29:48'),
(53, 19, NULL, 12, NULL, 'Butuh klarifikasi dari tim business terkait requirement.', NULL, NULL, 0, NULL, '2026-05-12 10:13:12', '2026-05-12 10:13:12'),
(54, 19, NULL, 13, 53, 'Meeting sync dengan vendor dijadwalkan besok jam 10.', NULL, NULL, 0, NULL, '2026-04-30 08:49:04', '2026-04-30 08:49:04'),
(55, 19, NULL, 2, 53, 'Security review passed. No critical findings.', NULL, NULL, 0, NULL, '2026-05-08 13:41:45', '2026-05-08 13:41:45'),
(56, 20, NULL, 13, NULL, 'Blocker: menunggu akses credentials dari pihak ketiga.', NULL, NULL, 0, NULL, '2026-05-08 08:56:59', '2026-05-08 08:56:59'),
(57, 20, NULL, 14, NULL, 'Unit test coverage sudah di atas 80%.', NULL, NULL, 0, NULL, '2026-05-15 08:31:57', '2026-05-15 08:31:57'),
(58, 20, NULL, 13, 56, 'Unit test coverage sudah di atas 80%.', NULL, NULL, 0, NULL, '2026-05-15 15:47:50', '2026-05-15 15:47:50'),
(59, 20, NULL, 14, NULL, 'Performance test done. Response time < 200ms.', NULL, NULL, 0, NULL, '2026-04-27 14:35:05', '2026-04-27 14:35:05'),
(60, 21, NULL, 1, NULL, 'Perlu refactor module ini supaya lebih maintainable.', NULL, NULL, 0, NULL, '2026-05-20 11:01:38', '2026-05-20 11:01:38'),
(61, 21, NULL, 1, NULL, 'Unit test coverage sudah di atas 80%.', NULL, NULL, 0, NULL, '2026-05-11 10:21:17', '2026-05-11 10:21:17'),
(62, 21, NULL, 11, 60, 'Bug minor ditemukan di edge case. Sedang diperbaiki.', NULL, NULL, 0, NULL, '2026-05-21 16:00:49', '2026-05-21 16:00:49'),
(63, 22, NULL, 11, NULL, 'Meeting sync dengan vendor dijadwalkan besok jam 10.', NULL, NULL, 0, NULL, '2026-05-20 13:17:33', '2026-05-20 13:17:33'),
(64, 22, NULL, 2, NULL, 'Sprint review kemarin feedback-nya positif dari stakeholder.', NULL, NULL, 0, NULL, '2026-05-01 15:59:38', '2026-05-01 15:59:38'),
(65, 23, NULL, 12, NULL, 'Deploy ke staging berhasil. Silakan di-test.', NULL, NULL, 0, NULL, '2026-05-01 13:09:20', '2026-05-01 13:09:20'),
(66, 23, NULL, 14, 65, 'Documentation sudah di-update di Confluence.', NULL, NULL, 0, NULL, '2026-05-01 10:40:06', '2026-05-01 10:40:06'),
(67, 23, NULL, 13, NULL, 'Unit test coverage sudah di atas 80%.', NULL, NULL, 0, NULL, '2026-05-22 16:08:51', '2026-05-22 16:08:51'),
(68, 24, NULL, 1, NULL, 'UI sudah sesuai mockup. Tinggal integration testing.', NULL, NULL, 0, NULL, '2026-05-06 16:24:56', '2026-05-06 16:24:56'),
(69, 24, NULL, 18, 68, 'Sprint review kemarin feedback-nya positif dari stakeholder.', NULL, NULL, 0, NULL, '2026-05-15 11:32:49', '2026-05-15 11:32:49'),
(70, 24, NULL, 18, 68, 'UI sudah sesuai mockup. Tinggal integration testing.', NULL, NULL, 0, NULL, '2026-05-07 08:11:39', '2026-05-07 08:11:39'),
(71, 25, NULL, 2, NULL, 'API endpoint sudah ready untuk di-consume frontend.', NULL, NULL, 0, NULL, '2026-04-30 09:27:58', '2026-04-30 09:27:58'),
(72, 25, NULL, 1, 71, 'Deploy ke staging berhasil. Silakan di-test.', NULL, NULL, 0, NULL, '2026-04-27 13:20:47', '2026-04-27 13:20:47'),
(73, 26, NULL, 8, NULL, 'Unit test coverage sudah di atas 80%.', NULL, NULL, 0, NULL, '2026-05-04 10:05:55', '2026-05-04 10:05:55'),
(74, 26, NULL, 19, 73, 'Blocker: menunggu akses credentials dari pihak ketiga.', NULL, NULL, 0, NULL, '2026-05-18 09:31:56', '2026-05-18 09:31:56');


-- ------------------------------------------------------------
--  Table: `activities` (26 rows)
-- ------------------------------------------------------------
TRUNCATE TABLE `activities`;
INSERT INTO `activities` (`id`, `workspace_id`, `user_id`, `subject_type`, `subject_id`, `action`, `properties`, `changes`, `created_at`, `updated_at`) VALUES
(1, 1, 1, 'App\\Models\\Task', 1, 'created', '{"name":"Demand Forecasting Engine"}', NULL, '2026-04-27 08:16:00', '2026-04-27 08:18:00'),
(2, 1, 1, 'App\\Models\\Task', 2, 'created', '{"name":"Production Planning Module"}', NULL, '2026-04-27 08:14:00', '2026-04-27 08:07:00'),
(3, 1, 1, 'App\\Models\\Task', 3, 'created', '{"name":"Frame Number Registration System"}', NULL, '2026-04-27 08:19:00', '2026-04-27 08:08:00'),
(4, 1, 1, 'App\\Models\\Task', 4, 'created', '{"name":"Serial Number Scanner Integration"}', NULL, '2026-04-27 08:24:00', '2026-04-27 08:26:00'),
(5, 1, 1, 'App\\Models\\Task', 5, 'created', '{"name":"Promotion Allocation Engine"}', NULL, '2026-04-27 08:22:00', '2026-04-27 08:20:00'),
(6, 1, 1, 'App\\Models\\Task', 6, 'created', '{"name":"Automated MIRO Processing"}', NULL, '2026-04-27 08:05:00', '2026-04-27 08:19:00'),
(7, 1, 1, 'App\\Models\\Task', 7, 'created', '{"name":"Vendor Invoice Portal"}', NULL, '2026-04-27 08:24:00', '2026-04-27 08:26:00'),
(8, 1, 1, 'App\\Models\\Task', 8, 'created', '{"name":"Shipment Bidding Platform"}', NULL, '2026-04-27 08:13:00', '2026-04-27 08:14:00'),
(9, 1, 1, 'App\\Models\\Task', 9, 'created', '{"name":"OCR Invoice Extraction"}', NULL, '2026-04-27 08:23:00', '2026-04-27 08:18:00'),
(10, 1, 1, 'App\\Models\\Task', 10, 'created', '{"name":"Sales Performance Dashboard"}', NULL, '2026-04-27 08:22:00', '2026-04-27 08:17:00'),
(11, 1, 1, 'App\\Models\\Task', 11, 'created', '{"name":"AI Resume Screening Agent"}', NULL, '2026-04-27 08:07:00', '2026-04-27 08:14:00'),
(12, 1, 1, 'App\\Models\\Task', 12, 'created', '{"name":"Catalog UX Redesign"}', NULL, '2026-04-27 08:07:00', '2026-04-27 08:23:00'),
(13, 1, 1, 'App\\Models\\Task', 13, 'created', '{"name":"PAA Integration"}', NULL, '2026-04-27 08:14:00', '2026-04-27 08:26:00'),
(14, 1, 1, 'App\\Models\\Task', 14, 'created', '{"name":"Recommendation Engine"}', NULL, '2026-04-27 08:13:00', '2026-04-27 08:20:00'),
(15, 1, 1, 'App\\Models\\Task', 15, 'created', '{"name":"Upsell\\/Cross-sell Engine"}', NULL, '2026-04-27 08:22:00', '2026-04-27 08:14:00'),
(16, 1, 1, 'App\\Models\\Task', 16, 'created', '{"name":"Realtime Stock Sync"}', NULL, '2026-04-27 08:13:00', '2026-04-27 08:27:00'),
(17, 1, 1, 'App\\Models\\Task', 17, 'created', '{"name":"Bike Fitting Calculator"}', NULL, '2026-04-27 08:10:00', '2026-04-27 08:09:00'),
(18, 1, 1, 'App\\Models\\Task', 18, 'created', '{"name":"Service Booking System"}', NULL, '2026-04-27 08:11:00', '2026-04-27 08:22:00'),
(19, 1, 1, 'App\\Models\\Task', 19, 'created', '{"name":"Click & Collect Flow"}', NULL, '2026-04-27 08:29:00', '2026-04-27 08:16:00'),
(20, 1, 1, 'App\\Models\\Task', 20, 'created', '{"name":"AI Description Generator"}', NULL, '2026-04-27 08:15:00', '2026-04-27 08:17:00'),
(21, 1, 1, 'App\\Models\\Task', 21, 'created', '{"name":"Referral System Revamp"}', NULL, '2026-04-27 08:28:00', '2026-04-27 08:17:00'),
(22, 1, 1, 'App\\Models\\Task', 22, 'created', '{"name":"NPS Survey System"}', NULL, '2026-04-27 08:18:00', '2026-04-27 08:09:00'),
(23, 1, 1, 'App\\Models\\Task', 23, 'created', '{"name":"Test Ride Booking Platform"}', NULL, '2026-04-27 08:13:00', '2026-04-27 08:28:00'),
(24, 1, 1, 'App\\Models\\Task', 24, 'created', '{"name":"AI Chatbot Development"}', NULL, '2026-04-27 08:11:00', '2026-04-27 08:12:00'),
(25, 1, 1, 'App\\Models\\Task', 25, 'created', '{"name":"Search Autocorrect & Suggest"}', NULL, '2026-04-27 08:27:00', '2026-04-27 08:13:00'),
(26, 1, 1, 'App\\Models\\Task', 26, 'created', '{"name":"Dealer-Based Recommendation"}', NULL, '2026-04-27 08:09:00', '2026-04-27 08:08:00');


-- ------------------------------------------------------------
--  Table: `views` (8 rows)
-- ------------------------------------------------------------
TRUNCATE TABLE `views`;
INSERT INTO `views` (`id`, `project_id`, `space_id`, `user_id`, `name`, `type`, `filters`, `sorts`, `columns`, `settings`, `is_default`, `is_private`, `position`, `created_at`, `updated_at`) VALUES
(1, NULL, 1, 1, 'All Tasks', 'list', NULL, NULL, NULL, NULL, 1, 0, 0, '2026-04-25 09:00:00', '2026-04-25 09:00:00'),
(2, NULL, 1, 2, 'Board View', 'board', NULL, NULL, NULL, NULL, 0, 0, 1, '2026-04-25 09:00:00', '2026-04-25 09:00:00'),
(3, NULL, 2, 1, 'All Tasks', 'list', NULL, NULL, NULL, NULL, 1, 0, 0, '2026-04-25 09:00:00', '2026-04-25 09:00:00'),
(4, NULL, 2, 2, 'Board View', 'board', NULL, NULL, NULL, NULL, 0, 0, 1, '2026-04-25 09:00:00', '2026-04-25 09:00:00'),
(5, NULL, 3, 1, 'All Tasks', 'list', NULL, NULL, NULL, NULL, 1, 0, 0, '2026-04-25 09:00:00', '2026-04-25 09:00:00'),
(6, NULL, 3, 2, 'Board View', 'board', NULL, NULL, NULL, NULL, 0, 0, 1, '2026-04-25 09:00:00', '2026-04-25 09:00:00'),
(7, NULL, 4, 1, 'All Tasks', 'list', NULL, NULL, NULL, NULL, 1, 0, 0, '2026-04-25 09:00:00', '2026-04-25 09:00:00'),
(8, NULL, 4, 2, 'Board View', 'board', NULL, NULL, NULL, NULL, 0, 0, 1, '2026-04-25 09:00:00', '2026-04-25 09:00:00');


SET FOREIGN_KEY_CHECKS = 1;

-- End of file