-- ============================================================
--  TESTING DATA - PT XYZ (Manufacture Sepeda)
--  Generated : 2026-06-06 14:40:01
--  Period    : 2026-04-27 to 2026-05-22
--
--  Usage:
--    mysql -u USER -p DATABASE < database/testing-data.sql
--
--  Login credentials: any email with password "password"
--  Owner accounts: leo@example.com, gilbert@example.com
-- ============================================================

SET NAMES utf8mb4;
SET FOREIGN_KEY_CHECKS = 0;

-- ------------------------------------------------------------
--  Table: `users` (21 rows)
-- ------------------------------------------------------------
TRUNCATE TABLE `users`;
INSERT INTO `users` (`id`, `name`, `email`, `email_verified_at`, `password`, `hourly_rate`, `two_factor_secret`, `two_factor_recovery_codes`, `two_factor_confirmed_at`, `remember_token`, `profile_photo_path`, `last_notifications_read_at`, `created_at`, `updated_at`) VALUES
(1, 'Leo', 'leo@example.com', '2026-06-06 14:40:01', '$2y$12$LQv3c1yqBo9SkvXJgDOR7eGxnLsKp0kbT5mE1V6dOyWX1bLwCE4MG', 150000, NULL, NULL, NULL, NULL, NULL, NULL, '2026-04-25 08:00:00', '2026-04-25 08:00:00'),
(2, 'Gilbert', 'gilbert@example.com', '2026-06-06 14:40:01', '$2y$12$LQv3c1yqBo9SkvXJgDOR7eGxnLsKp0kbT5mE1V6dOyWX1bLwCE4MG', 150000, NULL, NULL, NULL, NULL, NULL, NULL, '2026-04-25 08:00:00', '2026-04-25 08:00:00'),
(3, 'Aji', 'aji@example.com', '2026-06-06 14:40:01', '$2y$12$LQv3c1yqBo9SkvXJgDOR7eGxnLsKp0kbT5mE1V6dOyWX1bLwCE4MG', 75000, NULL, NULL, NULL, NULL, NULL, NULL, '2026-04-25 08:00:00', '2026-04-25 08:00:00'),
(4, 'Mario', 'mario@example.com', '2026-06-06 14:40:01', '$2y$12$LQv3c1yqBo9SkvXJgDOR7eGxnLsKp0kbT5mE1V6dOyWX1bLwCE4MG', 75000, NULL, NULL, NULL, NULL, NULL, NULL, '2026-04-25 08:00:00', '2026-04-25 08:00:00'),
(5, 'Grace', 'grace@example.com', '2026-06-06 14:40:01', '$2y$12$LQv3c1yqBo9SkvXJgDOR7eGxnLsKp0kbT5mE1V6dOyWX1bLwCE4MG', 75000, NULL, NULL, NULL, NULL, NULL, NULL, '2026-04-25 08:00:00', '2026-04-25 08:00:00'),
(6, 'Alief', 'alief@example.com', '2026-06-06 14:40:01', '$2y$12$LQv3c1yqBo9SkvXJgDOR7eGxnLsKp0kbT5mE1V6dOyWX1bLwCE4MG', 75000, NULL, NULL, NULL, NULL, NULL, NULL, '2026-04-25 08:00:00', '2026-04-25 08:00:00'),
(7, 'Vincent', 'vincent@example.com', '2026-06-06 14:40:01', '$2y$12$LQv3c1yqBo9SkvXJgDOR7eGxnLsKp0kbT5mE1V6dOyWX1bLwCE4MG', 75000, NULL, NULL, NULL, NULL, NULL, NULL, '2026-04-25 08:00:00', '2026-04-25 08:00:00'),
(8, 'Stanley', 'stanley@example.com', '2026-06-06 14:40:01', '$2y$12$LQv3c1yqBo9SkvXJgDOR7eGxnLsKp0kbT5mE1V6dOyWX1bLwCE4MG', 75000, NULL, NULL, NULL, NULL, NULL, NULL, '2026-04-25 08:00:00', '2026-04-25 08:00:00'),
(9, 'Moses', 'moses@example.com', '2026-06-06 14:40:01', '$2y$12$LQv3c1yqBo9SkvXJgDOR7eGxnLsKp0kbT5mE1V6dOyWX1bLwCE4MG', 75000, NULL, NULL, NULL, NULL, NULL, NULL, '2026-04-25 08:00:00', '2026-04-25 08:00:00'),
(10, 'Stefanie', 'stefanie@example.com', '2026-06-06 14:40:01', '$2y$12$LQv3c1yqBo9SkvXJgDOR7eGxnLsKp0kbT5mE1V6dOyWX1bLwCE4MG', 75000, NULL, NULL, NULL, NULL, NULL, NULL, '2026-04-25 08:00:00', '2026-04-25 08:00:00'),
(11, 'Andry', 'andry@example.com', '2026-06-06 14:40:01', '$2y$12$LQv3c1yqBo9SkvXJgDOR7eGxnLsKp0kbT5mE1V6dOyWX1bLwCE4MG', 75000, NULL, NULL, NULL, NULL, NULL, NULL, '2026-04-25 08:00:00', '2026-04-25 08:00:00'),
(12, 'Gita', 'gita@example.com', '2026-06-06 14:40:01', '$2y$12$LQv3c1yqBo9SkvXJgDOR7eGxnLsKp0kbT5mE1V6dOyWX1bLwCE4MG', 75000, NULL, NULL, NULL, NULL, NULL, NULL, '2026-04-25 08:00:00', '2026-04-25 08:00:00'),
(13, 'Justin', 'justin@example.com', '2026-06-06 14:40:01', '$2y$12$LQv3c1yqBo9SkvXJgDOR7eGxnLsKp0kbT5mE1V6dOyWX1bLwCE4MG', 75000, NULL, NULL, NULL, NULL, NULL, NULL, '2026-04-25 08:00:00', '2026-04-25 08:00:00'),
(14, 'Charlie', 'charlie@example.com', '2026-06-06 14:40:01', '$2y$12$LQv3c1yqBo9SkvXJgDOR7eGxnLsKp0kbT5mE1V6dOyWX1bLwCE4MG', 75000, NULL, NULL, NULL, NULL, NULL, NULL, '2026-04-25 08:00:00', '2026-04-25 08:00:00'),
(15, 'Frans', 'frans@example.com', '2026-06-06 14:40:01', '$2y$12$LQv3c1yqBo9SkvXJgDOR7eGxnLsKp0kbT5mE1V6dOyWX1bLwCE4MG', 75000, NULL, NULL, NULL, NULL, NULL, NULL, '2026-04-25 08:00:00', '2026-04-25 08:00:00'),
(16, 'Audi', 'audi@example.com', '2026-06-06 14:40:01', '$2y$12$LQv3c1yqBo9SkvXJgDOR7eGxnLsKp0kbT5mE1V6dOyWX1bLwCE4MG', 75000, NULL, NULL, NULL, NULL, NULL, NULL, '2026-04-25 08:00:00', '2026-04-25 08:00:00'),
(17, 'Mira', 'mira@example.com', '2026-06-06 14:40:01', '$2y$12$LQv3c1yqBo9SkvXJgDOR7eGxnLsKp0kbT5mE1V6dOyWX1bLwCE4MG', 75000, NULL, NULL, NULL, NULL, NULL, NULL, '2026-04-25 08:00:00', '2026-04-25 08:00:00'),
(18, 'Clarissa', 'clarissa@example.com', '2026-06-06 14:40:01', '$2y$12$LQv3c1yqBo9SkvXJgDOR7eGxnLsKp0kbT5mE1V6dOyWX1bLwCE4MG', 75000, NULL, NULL, NULL, NULL, NULL, NULL, '2026-04-25 08:00:00', '2026-04-25 08:00:00'),
(19, 'Danny', 'danny@example.com', '2026-06-06 14:40:01', '$2y$12$LQv3c1yqBo9SkvXJgDOR7eGxnLsKp0kbT5mE1V6dOyWX1bLwCE4MG', 75000, NULL, NULL, NULL, NULL, NULL, NULL, '2026-04-25 08:00:00', '2026-04-25 08:00:00'),
(20, 'Nicko', 'nicko@example.com', '2026-06-06 14:40:01', '$2y$12$LQv3c1yqBo9SkvXJgDOR7eGxnLsKp0kbT5mE1V6dOyWX1bLwCE4MG', 75000, NULL, NULL, NULL, NULL, NULL, NULL, '2026-04-25 08:00:00', '2026-04-25 08:00:00'),
(21, 'Amel', 'amel@example.com', '2026-06-06 14:40:01', '$2y$12$LQv3c1yqBo9SkvXJgDOR7eGxnLsKp0kbT5mE1V6dOyWX1bLwCE4MG', 75000, NULL, NULL, NULL, NULL, NULL, NULL, '2026-04-25 08:00:00', '2026-04-25 08:00:00');


-- ------------------------------------------------------------
--  Table: `workspaces` (1 rows)
-- ------------------------------------------------------------
TRUNCATE TABLE `workspaces`;
INSERT INTO `workspaces` (`id`, `name`, `slug`, `color`, `is_personal`, `created_at`, `updated_at`, `deleted_at`) VALUES
(1, 'MIS Department', 'mis-department', '#6366F1', 0, '2026-04-25 08:00:00', '2026-04-25 08:00:00', NULL);


-- ------------------------------------------------------------
--  Table: `workspace_members` (21 rows)
-- ------------------------------------------------------------
TRUNCATE TABLE `workspace_members`;
INSERT INTO `workspace_members` (`id`, `workspace_id`, `user_id`, `role`, `created_at`, `updated_at`) VALUES
(1, 1, 1, 'owner', '2026-04-25 08:00:00', '2026-04-25 08:00:00'),
(2, 1, 2, 'owner', '2026-04-25 08:00:00', '2026-04-25 08:00:00'),
(3, 1, 3, 'member', '2026-04-25 08:00:00', '2026-04-25 08:00:00'),
(4, 1, 4, 'member', '2026-04-25 08:00:00', '2026-04-25 08:00:00'),
(5, 1, 5, 'member', '2026-04-25 08:00:00', '2026-04-25 08:00:00'),
(6, 1, 6, 'member', '2026-04-25 08:00:00', '2026-04-25 08:00:00'),
(7, 1, 7, 'member', '2026-04-25 08:00:00', '2026-04-25 08:00:00'),
(8, 1, 8, 'member', '2026-04-25 08:00:00', '2026-04-25 08:00:00'),
(9, 1, 9, 'member', '2026-04-25 08:00:00', '2026-04-25 08:00:00'),
(10, 1, 10, 'member', '2026-04-25 08:00:00', '2026-04-25 08:00:00'),
(11, 1, 11, 'member', '2026-04-25 08:00:00', '2026-04-25 08:00:00'),
(12, 1, 12, 'member', '2026-04-25 08:00:00', '2026-04-25 08:00:00'),
(13, 1, 13, 'member', '2026-04-25 08:00:00', '2026-04-25 08:00:00'),
(14, 1, 14, 'member', '2026-04-25 08:00:00', '2026-04-25 08:00:00'),
(15, 1, 15, 'member', '2026-04-25 08:00:00', '2026-04-25 08:00:00'),
(16, 1, 16, 'member', '2026-04-25 08:00:00', '2026-04-25 08:00:00'),
(17, 1, 17, 'member', '2026-04-25 08:00:00', '2026-04-25 08:00:00'),
(18, 1, 18, 'member', '2026-04-25 08:00:00', '2026-04-25 08:00:00'),
(19, 1, 19, 'member', '2026-04-25 08:00:00', '2026-04-25 08:00:00'),
(20, 1, 20, 'member', '2026-04-25 08:00:00', '2026-04-25 08:00:00'),
(21, 1, 21, 'member', '2026-04-25 08:00:00', '2026-04-25 08:00:00');


-- ------------------------------------------------------------
--  Table: `spaces` (4 rows)
-- ------------------------------------------------------------
TRUNCATE TABLE `spaces`;
INSERT INTO `spaces` (`id`, `workspace_id`, `name`, `slug`, `color`, `position`, `created_by`, `created_at`, `updated_at`, `deleted_at`) VALUES
(1, 1, 'Manufacture', 'manufacture', '#F97316', 0, 1, '2026-04-25 08:00:00', '2026-04-25 08:00:00', NULL),
(2, 1, 'B2B', 'b2b', '#3B82F6', 1, 1, '2026-04-25 08:00:00', '2026-04-25 08:00:00', NULL),
(3, 1, 'B2C', 'b2c', '#10B981', 2, 1, '2026-04-25 08:00:00', '2026-04-25 08:00:00', NULL),
(4, 1, 'Data', 'data', '#8B5CF6', 3, 1, '2026-04-25 08:00:00', '2026-04-25 08:00:00', NULL);


-- ------------------------------------------------------------
--  Table: `space_members` (28 rows)
-- ------------------------------------------------------------
TRUNCATE TABLE `space_members`;
INSERT INTO `space_members` (`id`, `space_id`, `user_id`, `role`, `created_at`, `updated_at`) VALUES
(1, 1, 1, 'admin', '2026-04-25 08:00:00', '2026-04-25 08:00:00'),
(2, 1, 2, 'admin', '2026-04-25 08:00:00', '2026-04-25 08:00:00'),
(3, 1, 3, 'member', '2026-04-25 08:00:00', '2026-04-25 08:00:00'),
(4, 1, 4, 'member', '2026-04-25 08:00:00', '2026-04-25 08:00:00'),
(5, 1, 5, 'member', '2026-04-25 08:00:00', '2026-04-25 08:00:00'),
(6, 1, 6, 'member', '2026-04-25 08:00:00', '2026-04-25 08:00:00'),
(7, 2, 1, 'admin', '2026-04-25 08:00:00', '2026-04-25 08:00:00'),
(8, 2, 2, 'admin', '2026-04-25 08:00:00', '2026-04-25 08:00:00'),
(9, 2, 7, 'member', '2026-04-25 08:00:00', '2026-04-25 08:00:00'),
(10, 2, 8, 'member', '2026-04-25 08:00:00', '2026-04-25 08:00:00'),
(11, 2, 9, 'member', '2026-04-25 08:00:00', '2026-04-25 08:00:00'),
(12, 2, 10, 'member', '2026-04-25 08:00:00', '2026-04-25 08:00:00'),
(13, 3, 1, 'admin', '2026-04-25 08:00:00', '2026-04-25 08:00:00'),
(14, 3, 2, 'admin', '2026-04-25 08:00:00', '2026-04-25 08:00:00'),
(15, 3, 11, 'member', '2026-04-25 08:00:00', '2026-04-25 08:00:00'),
(16, 3, 12, 'member', '2026-04-25 08:00:00', '2026-04-25 08:00:00'),
(17, 3, 13, 'member', '2026-04-25 08:00:00', '2026-04-25 08:00:00'),
(18, 3, 14, 'member', '2026-04-25 08:00:00', '2026-04-25 08:00:00'),
(19, 3, 15, 'member', '2026-04-25 08:00:00', '2026-04-25 08:00:00'),
(20, 3, 16, 'member', '2026-04-25 08:00:00', '2026-04-25 08:00:00'),
(21, 4, 1, 'admin', '2026-04-25 08:00:00', '2026-04-25 08:00:00'),
(22, 4, 2, 'admin', '2026-04-25 08:00:00', '2026-04-25 08:00:00'),
(23, 4, 17, 'member', '2026-04-25 08:00:00', '2026-04-25 08:00:00'),
(24, 4, 18, 'member', '2026-04-25 08:00:00', '2026-04-25 08:00:00'),
(25, 4, 8, 'member', '2026-04-25 08:00:00', '2026-04-25 08:00:00'),
(26, 4, 19, 'member', '2026-04-25 08:00:00', '2026-04-25 08:00:00'),
(27, 4, 20, 'member', '2026-04-25 08:00:00', '2026-04-25 08:00:00'),
(28, 4, 21, 'member', '2026-04-25 08:00:00', '2026-04-25 08:00:00');


-- ------------------------------------------------------------
--  Table: `statuses` (20 rows)
-- ------------------------------------------------------------
TRUNCATE TABLE `statuses`;
INSERT INTO `statuses` (`id`, `space_id`, `name`, `slug`, `color`, `type`, `applies_to`, `position`, `is_default`, `is_closed`, `created_at`, `updated_at`) VALUES
(1, 1, 'Backlog', 'backlog', '#6B7280', 'open', 'both', 0, 0, 0, '2026-04-25 08:00:00', '2026-04-25 08:00:00'),
(2, 1, 'To Do', 'to-do', '#3B82F6', 'open', 'both', 1, 1, 0, '2026-04-25 08:00:00', '2026-04-25 08:00:00'),
(3, 1, 'In Progress', 'in-progress', '#F59E0B', 'in_progress', 'both', 2, 0, 0, '2026-04-25 08:00:00', '2026-04-25 08:00:00'),
(4, 1, 'Review', 'review', '#8B5CF6', 'review', 'both', 3, 0, 0, '2026-04-25 08:00:00', '2026-04-25 08:00:00'),
(5, 1, 'Done', 'done', '#10B981', 'closed', 'both', 4, 0, 1, '2026-04-25 08:00:00', '2026-04-25 08:00:00'),
(6, 2, 'Backlog', 'backlog', '#6B7280', 'open', 'both', 0, 0, 0, '2026-04-25 08:00:00', '2026-04-25 08:00:00'),
(7, 2, 'To Do', 'to-do', '#3B82F6', 'open', 'both', 1, 1, 0, '2026-04-25 08:00:00', '2026-04-25 08:00:00'),
(8, 2, 'In Progress', 'in-progress', '#F59E0B', 'in_progress', 'both', 2, 0, 0, '2026-04-25 08:00:00', '2026-04-25 08:00:00'),
(9, 2, 'Review', 'review', '#8B5CF6', 'review', 'both', 3, 0, 0, '2026-04-25 08:00:00', '2026-04-25 08:00:00'),
(10, 2, 'Done', 'done', '#10B981', 'closed', 'both', 4, 0, 1, '2026-04-25 08:00:00', '2026-04-25 08:00:00'),
(11, 3, 'Backlog', 'backlog', '#6B7280', 'open', 'both', 0, 0, 0, '2026-04-25 08:00:00', '2026-04-25 08:00:00'),
(12, 3, 'To Do', 'to-do', '#3B82F6', 'open', 'both', 1, 1, 0, '2026-04-25 08:00:00', '2026-04-25 08:00:00'),
(13, 3, 'In Progress', 'in-progress', '#F59E0B', 'in_progress', 'both', 2, 0, 0, '2026-04-25 08:00:00', '2026-04-25 08:00:00'),
(14, 3, 'Review', 'review', '#8B5CF6', 'review', 'both', 3, 0, 0, '2026-04-25 08:00:00', '2026-04-25 08:00:00'),
(15, 3, 'Done', 'done', '#10B981', 'closed', 'both', 4, 0, 1, '2026-04-25 08:00:00', '2026-04-25 08:00:00'),
(16, 4, 'Backlog', 'backlog', '#6B7280', 'open', 'both', 0, 0, 0, '2026-04-25 08:00:00', '2026-04-25 08:00:00'),
(17, 4, 'To Do', 'to-do', '#3B82F6', 'open', 'both', 1, 1, 0, '2026-04-25 08:00:00', '2026-04-25 08:00:00'),
(18, 4, 'In Progress', 'in-progress', '#F59E0B', 'in_progress', 'both', 2, 0, 0, '2026-04-25 08:00:00', '2026-04-25 08:00:00'),
(19, 4, 'Review', 'review', '#8B5CF6', 'review', 'both', 3, 0, 0, '2026-04-25 08:00:00', '2026-04-25 08:00:00'),
(20, 4, 'Done', 'done', '#10B981', 'closed', 'both', 4, 0, 1, '2026-04-25 08:00:00', '2026-04-25 08:00:00');


-- ------------------------------------------------------------
--  Table: `labels` (10 rows)
-- ------------------------------------------------------------
TRUNCATE TABLE `labels`;
INSERT INTO `labels` (`id`, `workspace_id`, `space_id`, `name`, `color`, `description`, `created_at`, `updated_at`) VALUES
(1, 1, NULL, 'Bug', '#EF4444', NULL, '2026-04-25 08:00:00', '2026-04-25 08:00:00'),
(2, 1, NULL, 'Feature', '#3B82F6', NULL, '2026-04-25 08:00:00', '2026-04-25 08:00:00'),
(3, 1, NULL, 'Enhancement', '#10B981', NULL, '2026-04-25 08:00:00', '2026-04-25 08:00:00'),
(4, 1, NULL, 'Documentation', '#6B7280', NULL, '2026-04-25 08:00:00', '2026-04-25 08:00:00'),
(5, 1, NULL, 'UI/UX', '#8B5CF6', NULL, '2026-04-25 08:00:00', '2026-04-25 08:00:00'),
(6, 1, NULL, 'Refactor', '#F59E0B', NULL, '2026-04-25 08:00:00', '2026-04-25 08:00:00'),
(7, 1, NULL, 'Security', '#DC2626', NULL, '2026-04-25 08:00:00', '2026-04-25 08:00:00'),
(8, 1, NULL, 'Performance', '#0EA5E9', NULL, '2026-04-25 08:00:00', '2026-04-25 08:00:00'),
(9, 1, NULL, 'API', '#14B8A6', NULL, '2026-04-25 08:00:00', '2026-04-25 08:00:00'),
(10, 1, NULL, 'AI/ML', '#A855F7', NULL, '2026-04-25 08:00:00', '2026-04-25 08:00:00');


-- ------------------------------------------------------------
--  Table: `folders` (9 rows)
-- ------------------------------------------------------------
TRUNCATE TABLE `folders`;
INSERT INTO `folders` (`id`, `space_id`, `parent_id`, `name`, `slug`, `description`, `color`, `is_hidden`, `position`, `created_by`, `created_at`, `updated_at`, `deleted_at`) VALUES
(1, 1, NULL, 'Product Monitoring', 'product-monitoring', NULL, '#EF4444', 0, 0, 1, '2026-04-25 08:00:00', '2026-04-25 08:00:00', NULL),
(2, 1, NULL, 'Planning & Stock', 'planning-stock', NULL, '#F97316', 0, 1, 1, '2026-04-25 08:00:00', '2026-04-25 08:00:00', NULL),
(3, 2, NULL, 'Finance & Invoicing', 'finance-invoicing', NULL, '#3B82F6', 0, 0, 1, '2026-04-25 08:00:00', '2026-04-25 08:00:00', NULL),
(4, 2, NULL, 'Operations', 'operations', NULL, '#0EA5E9', 0, 1, 1, '2026-04-25 08:00:00', '2026-04-25 08:00:00', NULL),
(5, 3, NULL, 'E-Commerce', 'e-commerce', NULL, '#10B981', 0, 0, 1, '2026-04-25 08:00:00', '2026-04-25 08:00:00', NULL),
(6, 3, NULL, 'Bike Services', 'bike-services', NULL, '#14B8A6', 0, 1, 1, '2026-04-25 08:00:00', '2026-04-25 08:00:00', NULL),
(7, 3, NULL, 'Customer Engagement', 'customer-engagement', NULL, '#8B5CF6', 0, 2, 1, '2026-04-25 08:00:00', '2026-04-25 08:00:00', NULL),
(8, 4, NULL, 'AI & ML', 'ai-ml', NULL, '#A855F7', 0, 0, 1, '2026-04-25 08:00:00', '2026-04-25 08:00:00', NULL),
(9, 4, NULL, 'Catalog Intelligence', 'catalog-intelligence', NULL, '#6366F1', 0, 1, 1, '2026-04-25 08:00:00', '2026-04-25 08:00:00', NULL);


-- ------------------------------------------------------------
--  Table: `projects` (23 rows)
-- ------------------------------------------------------------
TRUNCATE TABLE `projects`;
INSERT INTO `projects` (`id`, `space_id`, `folder_id`, `status_id`, `name`, `slug`, `description`, `color`, `icon`, `is_archived`, `position`, `settings`, `created_by`, `created_at`, `updated_at`, `deleted_at`) VALUES
(1, 1, 2, 4, 'MRP Forecast Simulation', 'mrp-forecast-simulation', NULL, NULL, NULL, 0, 0, NULL, 1, '2026-04-25 09:00:00', '2026-04-25 09:00:00', NULL),
(2, 1, 1, 4, 'Product Monitor - Frame Number Management', 'product-monitor-frame-number-management', NULL, NULL, NULL, 0, 0, NULL, 1, '2026-04-25 09:00:00', '2026-04-25 09:00:00', NULL),
(3, 1, 1, 2, 'Product Monitor - Scan Bike Part Serial Number', 'product-monitor-scan-bike-part-serial-number', NULL, NULL, NULL, 0, 1, NULL, 1, '2026-04-25 09:00:00', '2026-04-25 09:00:00', NULL),
(4, 1, 2, 2, 'Promotion Stock Management', 'promotion-stock-management', NULL, NULL, NULL, 0, 1, NULL, 1, '2026-04-25 09:00:00', '2026-04-25 09:00:00', NULL),
(5, 2, 3, 8, 'Vendor Invoicing and Automatic MIRO', 'vendor-invoicing-and-automatic-miro', NULL, NULL, NULL, 0, 0, NULL, 1, '2026-04-25 09:00:00', '2026-04-25 09:00:00', NULL),
(6, 2, 4, 8, 'Booking & Bidding Shipment for Vendor Freight Forwarder', 'booking-bidding-shipment-for-vendor-freight-forwarder', NULL, NULL, NULL, 0, 0, NULL, 1, '2026-04-25 09:00:00', '2026-04-25 09:00:00', NULL),
(7, 2, 3, 8, 'Invoice Process Automation', 'invoice-process-automation', NULL, NULL, NULL, 0, 1, NULL, 1, '2026-04-25 09:00:00', '2026-04-25 09:00:00', NULL),
(8, 2, 4, 9, 'Sales Reps Dashboard', 'sales-reps-dashboard', NULL, NULL, NULL, 0, 1, NULL, 1, '2026-04-25 09:00:00', '2026-04-25 09:00:00', NULL),
(9, 2, 4, 8, 'Applicant Recruitment Agentic AI', 'applicant-recruitment-agentic-ai', NULL, NULL, NULL, 0, 2, NULL, 1, '2026-04-25 09:00:00', '2026-04-25 09:00:00', NULL),
(10, 3, 5, 14, 'Bike & PAA Catalog Journey Revamp', 'bike-paa-catalog-journey-revamp', NULL, NULL, NULL, 0, 0, NULL, 1, '2026-04-25 09:00:00', '2026-04-25 09:00:00', NULL),
(11, 3, 5, 11, 'AI E-Commerce Product Recommendation', 'ai-e-commerce-product-recommendation', NULL, NULL, NULL, 0, 1, NULL, 1, '2026-04-25 09:00:00', '2026-04-25 09:00:00', NULL),
(12, 3, 5, 13, 'AI Up-selling, Cross-selling, Re-selling', 'ai-up-selling-cross-selling-re-selling', NULL, NULL, NULL, 0, 2, NULL, 1, '2026-04-25 09:00:00', '2026-04-25 09:00:00', NULL),
(13, 3, 5, 13, 'B2C x POS x Marketplace - Realtime Stock Integration', 'b2c-x-pos-x-marketplace-realtime-stock-integration', NULL, NULL, NULL, 0, 3, NULL, 1, '2026-04-25 09:00:00', '2026-04-25 09:00:00', NULL),
(14, 3, 6, 13, 'Bike Fitting Integration', 'bike-fitting-integration', NULL, NULL, NULL, 0, 0, NULL, 1, '2026-04-25 09:00:00', '2026-04-25 09:00:00', NULL),
(15, 3, 6, 12, 'Bike Service Booking', 'bike-service-booking', NULL, NULL, NULL, 0, 1, NULL, 1, '2026-04-25 09:00:00', '2026-04-25 09:00:00', NULL),
(16, 3, 6, 14, 'Click & Collect', 'click-collect', NULL, NULL, NULL, 0, 2, NULL, 1, '2026-04-25 09:00:00', '2026-04-25 09:00:00', NULL),
(17, 3, 5, 13, 'E-commerce Product Description Generation', 'e-commerce-product-description-generation', NULL, NULL, NULL, 0, 4, NULL, 1, '2026-04-25 09:00:00', '2026-04-25 09:00:00', NULL),
(18, 3, 7, 12, 'Membership - Referral Program & Remake', 'membership-referral-program-remake', NULL, NULL, NULL, 0, 0, NULL, 1, '2026-04-25 09:00:00', '2026-04-25 09:00:00', NULL),
(19, 3, 7, 12, 'Net Promoter Score', 'net-promoter-score', NULL, NULL, NULL, 0, 1, NULL, 1, '2026-04-25 09:00:00', '2026-04-25 09:00:00', NULL),
(20, 3, 6, 12, 'Test Ride Booking', 'test-ride-booking', NULL, NULL, NULL, 0, 3, NULL, 1, '2026-04-25 09:00:00', '2026-04-25 09:00:00', NULL),
(21, 4, 8, 17, 'AI Customer Service', 'ai-customer-service', NULL, NULL, NULL, 0, 0, NULL, 1, '2026-04-25 09:00:00', '2026-04-25 09:00:00', NULL),
(22, 4, 9, 17, 'Catalog Search Correction & Suggestion', 'catalog-search-correction-suggestion', NULL, NULL, NULL, 0, 0, NULL, 1, '2026-04-25 09:00:00', '2026-04-25 09:00:00', NULL),
(23, 4, 9, 17, 'Catalog Bike Recommendation based on Dealer', 'catalog-bike-recommendation-based-on-dealer', NULL, NULL, NULL, 0, 1, NULL, 1, '2026-04-25 09:00:00', '2026-04-25 09:00:00', NULL);


-- ------------------------------------------------------------
--  Table: `project_members` (153 rows)
-- ------------------------------------------------------------
TRUNCATE TABLE `project_members`;
INSERT INTO `project_members` (`id`, `project_id`, `user_id`, `role`, `created_at`, `updated_at`) VALUES
(1, 1, 1, 'project_owner', '2026-04-25 09:00:00', '2026-04-25 09:00:00'),
(2, 1, 6, 'project_manager', '2026-04-25 09:00:00', '2026-04-25 09:00:00'),
(3, 1, 3, 'development_team', '2026-04-25 09:00:00', '2026-04-25 09:00:00'),
(4, 1, 4, 'development_team', '2026-04-25 09:00:00', '2026-04-25 09:00:00'),
(5, 1, 5, 'development_team', '2026-04-25 09:00:00', '2026-04-25 09:00:00'),
(6, 1, 2, 'project_manager', '2026-04-25 09:00:00', '2026-04-25 09:00:00'),
(7, 2, 1, 'project_owner', '2026-04-25 09:00:00', '2026-04-25 09:00:00'),
(8, 2, 4, 'project_manager', '2026-04-25 09:00:00', '2026-04-25 09:00:00'),
(9, 2, 3, 'development_team', '2026-04-25 09:00:00', '2026-04-25 09:00:00'),
(10, 2, 5, 'development_team', '2026-04-25 09:00:00', '2026-04-25 09:00:00'),
(11, 2, 6, 'development_team', '2026-04-25 09:00:00', '2026-04-25 09:00:00'),
(12, 3, 1, 'project_owner', '2026-04-25 09:00:00', '2026-04-25 09:00:00'),
(13, 3, 3, 'project_manager', '2026-04-25 09:00:00', '2026-04-25 09:00:00'),
(14, 3, 4, 'development_team', '2026-04-25 09:00:00', '2026-04-25 09:00:00'),
(15, 3, 5, 'development_team', '2026-04-25 09:00:00', '2026-04-25 09:00:00'),
(16, 3, 6, 'development_team', '2026-04-25 09:00:00', '2026-04-25 09:00:00'),
(17, 4, 1, 'project_owner', '2026-04-25 09:00:00', '2026-04-25 09:00:00'),
(18, 4, 4, 'project_manager', '2026-04-25 09:00:00', '2026-04-25 09:00:00'),
(19, 4, 3, 'development_team', '2026-04-25 09:00:00', '2026-04-25 09:00:00'),
(20, 4, 5, 'development_team', '2026-04-25 09:00:00', '2026-04-25 09:00:00'),
(21, 4, 6, 'development_team', '2026-04-25 09:00:00', '2026-04-25 09:00:00'),
(22, 5, 1, 'project_owner', '2026-04-25 09:00:00', '2026-04-25 09:00:00'),
(23, 5, 8, 'project_manager', '2026-04-25 09:00:00', '2026-04-25 09:00:00'),
(24, 5, 7, 'development_team', '2026-04-25 09:00:00', '2026-04-25 09:00:00'),
(25, 5, 9, 'development_team', '2026-04-25 09:00:00', '2026-04-25 09:00:00'),
(26, 5, 10, 'development_team', '2026-04-25 09:00:00', '2026-04-25 09:00:00'),
(27, 6, 1, 'project_owner', '2026-04-25 09:00:00', '2026-04-25 09:00:00'),
(28, 6, 8, 'project_manager', '2026-04-25 09:00:00', '2026-04-25 09:00:00'),
(29, 6, 7, 'development_team', '2026-04-25 09:00:00', '2026-04-25 09:00:00'),
(30, 6, 9, 'development_team', '2026-04-25 09:00:00', '2026-04-25 09:00:00'),
(31, 6, 10, 'development_team', '2026-04-25 09:00:00', '2026-04-25 09:00:00'),
(32, 7, 1, 'project_owner', '2026-04-25 09:00:00', '2026-04-25 09:00:00'),
(33, 7, 7, 'project_manager', '2026-04-25 09:00:00', '2026-04-25 09:00:00'),
(34, 7, 8, 'development_team', '2026-04-25 09:00:00', '2026-04-25 09:00:00'),
(35, 7, 9, 'development_team', '2026-04-25 09:00:00', '2026-04-25 09:00:00'),
(36, 7, 10, 'development_team', '2026-04-25 09:00:00', '2026-04-25 09:00:00'),
(37, 7, 2, 'project_manager', '2026-04-25 09:00:00', '2026-04-25 09:00:00'),
(38, 8, 1, 'project_owner', '2026-04-25 09:00:00', '2026-04-25 09:00:00'),
(39, 8, 10, 'project_manager', '2026-04-25 09:00:00', '2026-04-25 09:00:00'),
(40, 8, 7, 'development_team', '2026-04-25 09:00:00', '2026-04-25 09:00:00'),
(41, 8, 8, 'development_team', '2026-04-25 09:00:00', '2026-04-25 09:00:00'),
(42, 8, 9, 'development_team', '2026-04-25 09:00:00', '2026-04-25 09:00:00'),
(43, 8, 2, 'project_manager', '2026-04-25 09:00:00', '2026-04-25 09:00:00'),
(44, 9, 1, 'project_owner', '2026-04-25 09:00:00', '2026-04-25 09:00:00'),
(45, 9, 8, 'project_manager', '2026-04-25 09:00:00', '2026-04-25 09:00:00'),
(46, 9, 7, 'development_team', '2026-04-25 09:00:00', '2026-04-25 09:00:00'),
(47, 9, 9, 'development_team', '2026-04-25 09:00:00', '2026-04-25 09:00:00'),
(48, 9, 10, 'development_team', '2026-04-25 09:00:00', '2026-04-25 09:00:00'),
(49, 9, 2, 'project_manager', '2026-04-25 09:00:00', '2026-04-25 09:00:00'),
(50, 10, 1, 'project_owner', '2026-04-25 09:00:00', '2026-04-25 09:00:00'),
(51, 10, 16, 'project_manager', '2026-04-25 09:00:00', '2026-04-25 09:00:00'),
(52, 10, 11, 'development_team', '2026-04-25 09:00:00', '2026-04-25 09:00:00'),
(53, 10, 12, 'development_team', '2026-04-25 09:00:00', '2026-04-25 09:00:00'),
(54, 10, 13, 'development_team', '2026-04-25 09:00:00', '2026-04-25 09:00:00'),
(55, 10, 14, 'development_team', '2026-04-25 09:00:00', '2026-04-25 09:00:00'),
(56, 10, 15, 'development_team', '2026-04-25 09:00:00', '2026-04-25 09:00:00'),
(57, 11, 1, 'project_owner', '2026-04-25 09:00:00', '2026-04-25 09:00:00'),
(58, 11, 12, 'project_manager', '2026-04-25 09:00:00', '2026-04-25 09:00:00'),
(59, 11, 11, 'development_team', '2026-04-25 09:00:00', '2026-04-25 09:00:00'),
(60, 11, 13, 'development_team', '2026-04-25 09:00:00', '2026-04-25 09:00:00'),
(61, 11, 14, 'development_team', '2026-04-25 09:00:00', '2026-04-25 09:00:00'),
(62, 11, 15, 'development_team', '2026-04-25 09:00:00', '2026-04-25 09:00:00'),
(63, 11, 16, 'development_team', '2026-04-25 09:00:00', '2026-04-25 09:00:00'),
(64, 12, 1, 'project_owner', '2026-04-25 09:00:00', '2026-04-25 09:00:00'),
(65, 12, 13, 'project_manager', '2026-04-25 09:00:00', '2026-04-25 09:00:00'),
(66, 12, 11, 'development_team', '2026-04-25 09:00:00', '2026-04-25 09:00:00'),
(67, 12, 12, 'development_team', '2026-04-25 09:00:00', '2026-04-25 09:00:00'),
(68, 12, 14, 'development_team', '2026-04-25 09:00:00', '2026-04-25 09:00:00'),
(69, 12, 15, 'development_team', '2026-04-25 09:00:00', '2026-04-25 09:00:00'),
(70, 12, 16, 'development_team', '2026-04-25 09:00:00', '2026-04-25 09:00:00'),
(71, 12, 2, 'project_manager', '2026-04-25 09:00:00', '2026-04-25 09:00:00'),
(72, 13, 1, 'project_owner', '2026-04-25 09:00:00', '2026-04-25 09:00:00'),
(73, 13, 15, 'project_manager', '2026-04-25 09:00:00', '2026-04-25 09:00:00'),
(74, 13, 11, 'development_team', '2026-04-25 09:00:00', '2026-04-25 09:00:00'),
(75, 13, 12, 'development_team', '2026-04-25 09:00:00', '2026-04-25 09:00:00'),
(76, 13, 13, 'development_team', '2026-04-25 09:00:00', '2026-04-25 09:00:00'),
(77, 13, 14, 'development_team', '2026-04-25 09:00:00', '2026-04-25 09:00:00'),
(78, 13, 16, 'development_team', '2026-04-25 09:00:00', '2026-04-25 09:00:00'),
(79, 14, 1, 'project_owner', '2026-04-25 09:00:00', '2026-04-25 09:00:00'),
(80, 14, 16, 'project_manager', '2026-04-25 09:00:00', '2026-04-25 09:00:00'),
(81, 14, 11, 'development_team', '2026-04-25 09:00:00', '2026-04-25 09:00:00'),
(82, 14, 12, 'development_team', '2026-04-25 09:00:00', '2026-04-25 09:00:00'),
(83, 14, 13, 'development_team', '2026-04-25 09:00:00', '2026-04-25 09:00:00'),
(84, 14, 14, 'development_team', '2026-04-25 09:00:00', '2026-04-25 09:00:00'),
(85, 14, 15, 'development_team', '2026-04-25 09:00:00', '2026-04-25 09:00:00'),
(86, 15, 1, 'project_owner', '2026-04-25 09:00:00', '2026-04-25 09:00:00'),
(87, 15, 13, 'project_manager', '2026-04-25 09:00:00', '2026-04-25 09:00:00'),
(88, 15, 11, 'development_team', '2026-04-25 09:00:00', '2026-04-25 09:00:00'),
(89, 15, 12, 'development_team', '2026-04-25 09:00:00', '2026-04-25 09:00:00'),
(90, 15, 14, 'development_team', '2026-04-25 09:00:00', '2026-04-25 09:00:00'),
(91, 15, 15, 'development_team', '2026-04-25 09:00:00', '2026-04-25 09:00:00'),
(92, 15, 16, 'development_team', '2026-04-25 09:00:00', '2026-04-25 09:00:00'),
(93, 16, 1, 'project_owner', '2026-04-25 09:00:00', '2026-04-25 09:00:00'),
(94, 16, 13, 'project_manager', '2026-04-25 09:00:00', '2026-04-25 09:00:00'),
(95, 16, 11, 'development_team', '2026-04-25 09:00:00', '2026-04-25 09:00:00'),
(96, 16, 12, 'development_team', '2026-04-25 09:00:00', '2026-04-25 09:00:00'),
(97, 16, 14, 'development_team', '2026-04-25 09:00:00', '2026-04-25 09:00:00'),
(98, 16, 15, 'development_team', '2026-04-25 09:00:00', '2026-04-25 09:00:00'),
(99, 16, 16, 'development_team', '2026-04-25 09:00:00', '2026-04-25 09:00:00'),
(100, 16, 2, 'project_manager', '2026-04-25 09:00:00', '2026-04-25 09:00:00'),
(101, 17, 1, 'project_owner', '2026-04-25 09:00:00', '2026-04-25 09:00:00'),
(102, 17, 13, 'project_manager', '2026-04-25 09:00:00', '2026-04-25 09:00:00'),
(103, 17, 11, 'development_team', '2026-04-25 09:00:00', '2026-04-25 09:00:00'),
(104, 17, 12, 'development_team', '2026-04-25 09:00:00', '2026-04-25 09:00:00'),
(105, 17, 14, 'development_team', '2026-04-25 09:00:00', '2026-04-25 09:00:00'),
(106, 17, 15, 'development_team', '2026-04-25 09:00:00', '2026-04-25 09:00:00'),
(107, 17, 16, 'development_team', '2026-04-25 09:00:00', '2026-04-25 09:00:00'),
(108, 17, 2, 'project_manager', '2026-04-25 09:00:00', '2026-04-25 09:00:00'),
(109, 18, 1, 'project_owner', '2026-04-25 09:00:00', '2026-04-25 09:00:00'),
(110, 18, 14, 'project_manager', '2026-04-25 09:00:00', '2026-04-25 09:00:00'),
(111, 18, 11, 'development_team', '2026-04-25 09:00:00', '2026-04-25 09:00:00'),
(112, 18, 12, 'development_team', '2026-04-25 09:00:00', '2026-04-25 09:00:00'),
(113, 18, 13, 'development_team', '2026-04-25 09:00:00', '2026-04-25 09:00:00'),
(114, 18, 15, 'development_team', '2026-04-25 09:00:00', '2026-04-25 09:00:00'),
(115, 18, 16, 'development_team', '2026-04-25 09:00:00', '2026-04-25 09:00:00'),
(116, 18, 2, 'project_manager', '2026-04-25 09:00:00', '2026-04-25 09:00:00'),
(117, 19, 1, 'project_owner', '2026-04-25 09:00:00', '2026-04-25 09:00:00'),
(118, 19, 15, 'project_manager', '2026-04-25 09:00:00', '2026-04-25 09:00:00'),
(119, 19, 11, 'development_team', '2026-04-25 09:00:00', '2026-04-25 09:00:00'),
(120, 19, 12, 'development_team', '2026-04-25 09:00:00', '2026-04-25 09:00:00'),
(121, 19, 13, 'development_team', '2026-04-25 09:00:00', '2026-04-25 09:00:00'),
(122, 19, 14, 'development_team', '2026-04-25 09:00:00', '2026-04-25 09:00:00'),
(123, 19, 16, 'development_team', '2026-04-25 09:00:00', '2026-04-25 09:00:00'),
(124, 19, 2, 'project_manager', '2026-04-25 09:00:00', '2026-04-25 09:00:00'),
(125, 20, 1, 'project_owner', '2026-04-25 09:00:00', '2026-04-25 09:00:00'),
(126, 20, 14, 'project_manager', '2026-04-25 09:00:00', '2026-04-25 09:00:00'),
(127, 20, 11, 'development_team', '2026-04-25 09:00:00', '2026-04-25 09:00:00'),
(128, 20, 12, 'development_team', '2026-04-25 09:00:00', '2026-04-25 09:00:00'),
(129, 20, 13, 'development_team', '2026-04-25 09:00:00', '2026-04-25 09:00:00'),
(130, 20, 15, 'development_team', '2026-04-25 09:00:00', '2026-04-25 09:00:00'),
(131, 20, 16, 'development_team', '2026-04-25 09:00:00', '2026-04-25 09:00:00'),
(132, 21, 1, 'project_owner', '2026-04-25 09:00:00', '2026-04-25 09:00:00'),
(133, 21, 17, 'project_manager', '2026-04-25 09:00:00', '2026-04-25 09:00:00'),
(134, 21, 18, 'development_team', '2026-04-25 09:00:00', '2026-04-25 09:00:00'),
(135, 21, 8, 'development_team', '2026-04-25 09:00:00', '2026-04-25 09:00:00'),
(136, 21, 19, 'development_team', '2026-04-25 09:00:00', '2026-04-25 09:00:00'),
(137, 21, 20, 'development_team', '2026-04-25 09:00:00', '2026-04-25 09:00:00'),
(138, 21, 21, 'development_team', '2026-04-25 09:00:00', '2026-04-25 09:00:00'),
(139, 22, 1, 'project_owner', '2026-04-25 09:00:00', '2026-04-25 09:00:00'),
(140, 22, 8, 'project_manager', '2026-04-25 09:00:00', '2026-04-25 09:00:00'),
(141, 22, 17, 'development_team', '2026-04-25 09:00:00', '2026-04-25 09:00:00'),
(142, 22, 18, 'development_team', '2026-04-25 09:00:00', '2026-04-25 09:00:00'),
(143, 22, 19, 'development_team', '2026-04-25 09:00:00', '2026-04-25 09:00:00'),
(144, 22, 20, 'development_team', '2026-04-25 09:00:00', '2026-04-25 09:00:00'),
(145, 22, 21, 'development_team', '2026-04-25 09:00:00', '2026-04-25 09:00:00'),
(146, 22, 2, 'project_manager', '2026-04-25 09:00:00', '2026-04-25 09:00:00'),
(147, 23, 1, 'project_owner', '2026-04-25 09:00:00', '2026-04-25 09:00:00'),
(148, 23, 19, 'project_manager', '2026-04-25 09:00:00', '2026-04-25 09:00:00'),
(149, 23, 17, 'development_team', '2026-04-25 09:00:00', '2026-04-25 09:00:00'),
(150, 23, 18, 'development_team', '2026-04-25 09:00:00', '2026-04-25 09:00:00'),
(151, 23, 8, 'development_team', '2026-04-25 09:00:00', '2026-04-25 09:00:00'),
(152, 23, 20, 'development_team', '2026-04-25 09:00:00', '2026-04-25 09:00:00'),
(153, 23, 21, 'development_team', '2026-04-25 09:00:00', '2026-04-25 09:00:00');


-- ------------------------------------------------------------
--  Table: `sprints` (92 rows)
-- ------------------------------------------------------------
TRUNCATE TABLE `sprints`;
INSERT INTO `sprints` (`id`, `space_id`, `project_id`, `name`, `goal`, `start_date`, `end_date`, `is_active`, `position`, `created_at`, `updated_at`) VALUES
(1, 1, 1, 'Sprint 1 - MRP Forecast Simulation', 'Setup fondasi dan analisis kebutuhan proyek', '2026-04-27', '2026-05-03', 0, 0, '2026-04-25 09:00:00', '2026-04-25 09:00:00'),
(2, 1, 1, 'Sprint 2 - MRP Forecast Simulation', 'Implementasi fitur core dan integrasi API', '2026-05-04', '2026-05-10', 0, 1, '2026-04-25 09:00:00', '2026-04-25 09:00:00'),
(3, 1, 1, 'Sprint 3 - MRP Forecast Simulation', 'Pengembangan UI/UX dan testing', '2026-05-11', '2026-05-17', 1, 2, '2026-04-25 09:00:00', '2026-04-25 09:00:00'),
(4, 1, 1, 'Sprint 4 - MRP Forecast Simulation', 'Finalisasi, review, dan deployment preparation', '2026-05-18', '2026-05-22', 0, 3, '2026-04-25 09:00:00', '2026-04-25 09:00:00'),
(5, 1, 2, 'Sprint 1 - Product Monitor - Frame Number', 'Setup fondasi dan analisis kebutuhan proyek', '2026-04-27', '2026-05-03', 0, 0, '2026-04-25 09:00:00', '2026-04-25 09:00:00'),
(6, 1, 2, 'Sprint 2 - Product Monitor - Frame Number', 'Implementasi fitur core dan integrasi API', '2026-05-04', '2026-05-10', 0, 1, '2026-04-25 09:00:00', '2026-04-25 09:00:00'),
(7, 1, 2, 'Sprint 3 - Product Monitor - Frame Number', 'Pengembangan UI/UX dan testing', '2026-05-11', '2026-05-17', 1, 2, '2026-04-25 09:00:00', '2026-04-25 09:00:00'),
(8, 1, 2, 'Sprint 4 - Product Monitor - Frame Number', 'Finalisasi, review, dan deployment preparation', '2026-05-18', '2026-05-22', 0, 3, '2026-04-25 09:00:00', '2026-04-25 09:00:00'),
(9, 1, 3, 'Sprint 1 - Product Monitor - Scan Bike Pa', 'Setup fondasi dan analisis kebutuhan proyek', '2026-04-27', '2026-05-03', 0, 0, '2026-04-25 09:00:00', '2026-04-25 09:00:00'),
(10, 1, 3, 'Sprint 2 - Product Monitor - Scan Bike Pa', 'Implementasi fitur core dan integrasi API', '2026-05-04', '2026-05-10', 0, 1, '2026-04-25 09:00:00', '2026-04-25 09:00:00'),
(11, 1, 3, 'Sprint 3 - Product Monitor - Scan Bike Pa', 'Pengembangan UI/UX dan testing', '2026-05-11', '2026-05-17', 1, 2, '2026-04-25 09:00:00', '2026-04-25 09:00:00'),
(12, 1, 3, 'Sprint 4 - Product Monitor - Scan Bike Pa', 'Finalisasi, review, dan deployment preparation', '2026-05-18', '2026-05-22', 0, 3, '2026-04-25 09:00:00', '2026-04-25 09:00:00'),
(13, 1, 4, 'Sprint 1 - Promotion Stock Management', 'Setup fondasi dan analisis kebutuhan proyek', '2026-04-27', '2026-05-03', 0, 0, '2026-04-25 09:00:00', '2026-04-25 09:00:00'),
(14, 1, 4, 'Sprint 2 - Promotion Stock Management', 'Implementasi fitur core dan integrasi API', '2026-05-04', '2026-05-10', 0, 1, '2026-04-25 09:00:00', '2026-04-25 09:00:00'),
(15, 1, 4, 'Sprint 3 - Promotion Stock Management', 'Pengembangan UI/UX dan testing', '2026-05-11', '2026-05-17', 1, 2, '2026-04-25 09:00:00', '2026-04-25 09:00:00'),
(16, 1, 4, 'Sprint 4 - Promotion Stock Management', 'Finalisasi, review, dan deployment preparation', '2026-05-18', '2026-05-22', 0, 3, '2026-04-25 09:00:00', '2026-04-25 09:00:00'),
(17, 2, 5, 'Sprint 1 - Vendor Invoicing and Automatic', 'Setup fondasi dan analisis kebutuhan proyek', '2026-04-27', '2026-05-03', 0, 0, '2026-04-25 09:00:00', '2026-04-25 09:00:00'),
(18, 2, 5, 'Sprint 2 - Vendor Invoicing and Automatic', 'Implementasi fitur core dan integrasi API', '2026-05-04', '2026-05-10', 0, 1, '2026-04-25 09:00:00', '2026-04-25 09:00:00'),
(19, 2, 5, 'Sprint 3 - Vendor Invoicing and Automatic', 'Pengembangan UI/UX dan testing', '2026-05-11', '2026-05-17', 1, 2, '2026-04-25 09:00:00', '2026-04-25 09:00:00'),
(20, 2, 5, 'Sprint 4 - Vendor Invoicing and Automatic', 'Finalisasi, review, dan deployment preparation', '2026-05-18', '2026-05-22', 0, 3, '2026-04-25 09:00:00', '2026-04-25 09:00:00'),
(21, 2, 6, 'Sprint 1 - Booking & Bidding Shipment for', 'Setup fondasi dan analisis kebutuhan proyek', '2026-04-27', '2026-05-03', 0, 0, '2026-04-25 09:00:00', '2026-04-25 09:00:00'),
(22, 2, 6, 'Sprint 2 - Booking & Bidding Shipment for', 'Implementasi fitur core dan integrasi API', '2026-05-04', '2026-05-10', 0, 1, '2026-04-25 09:00:00', '2026-04-25 09:00:00'),
(23, 2, 6, 'Sprint 3 - Booking & Bidding Shipment for', 'Pengembangan UI/UX dan testing', '2026-05-11', '2026-05-17', 1, 2, '2026-04-25 09:00:00', '2026-04-25 09:00:00'),
(24, 2, 6, 'Sprint 4 - Booking & Bidding Shipment for', 'Finalisasi, review, dan deployment preparation', '2026-05-18', '2026-05-22', 0, 3, '2026-04-25 09:00:00', '2026-04-25 09:00:00'),
(25, 2, 7, 'Sprint 1 - Invoice Process Automation', 'Setup fondasi dan analisis kebutuhan proyek', '2026-04-27', '2026-05-03', 0, 0, '2026-04-25 09:00:00', '2026-04-25 09:00:00'),
(26, 2, 7, 'Sprint 2 - Invoice Process Automation', 'Implementasi fitur core dan integrasi API', '2026-05-04', '2026-05-10', 0, 1, '2026-04-25 09:00:00', '2026-04-25 09:00:00'),
(27, 2, 7, 'Sprint 3 - Invoice Process Automation', 'Pengembangan UI/UX dan testing', '2026-05-11', '2026-05-17', 1, 2, '2026-04-25 09:00:00', '2026-04-25 09:00:00'),
(28, 2, 7, 'Sprint 4 - Invoice Process Automation', 'Finalisasi, review, dan deployment preparation', '2026-05-18', '2026-05-22', 0, 3, '2026-04-25 09:00:00', '2026-04-25 09:00:00'),
(29, 2, 8, 'Sprint 1 - Sales Reps Dashboard', 'Setup fondasi dan analisis kebutuhan proyek', '2026-04-27', '2026-05-03', 0, 0, '2026-04-25 09:00:00', '2026-04-25 09:00:00'),
(30, 2, 8, 'Sprint 2 - Sales Reps Dashboard', 'Implementasi fitur core dan integrasi API', '2026-05-04', '2026-05-10', 0, 1, '2026-04-25 09:00:00', '2026-04-25 09:00:00'),
(31, 2, 8, 'Sprint 3 - Sales Reps Dashboard', 'Pengembangan UI/UX dan testing', '2026-05-11', '2026-05-17', 1, 2, '2026-04-25 09:00:00', '2026-04-25 09:00:00'),
(32, 2, 8, 'Sprint 4 - Sales Reps Dashboard', 'Finalisasi, review, dan deployment preparation', '2026-05-18', '2026-05-22', 0, 3, '2026-04-25 09:00:00', '2026-04-25 09:00:00'),
(33, 2, 9, 'Sprint 1 - Applicant Recruitment Agentic ', 'Setup fondasi dan analisis kebutuhan proyek', '2026-04-27', '2026-05-03', 0, 0, '2026-04-25 09:00:00', '2026-04-25 09:00:00'),
(34, 2, 9, 'Sprint 2 - Applicant Recruitment Agentic ', 'Implementasi fitur core dan integrasi API', '2026-05-04', '2026-05-10', 0, 1, '2026-04-25 09:00:00', '2026-04-25 09:00:00'),
(35, 2, 9, 'Sprint 3 - Applicant Recruitment Agentic ', 'Pengembangan UI/UX dan testing', '2026-05-11', '2026-05-17', 1, 2, '2026-04-25 09:00:00', '2026-04-25 09:00:00'),
(36, 2, 9, 'Sprint 4 - Applicant Recruitment Agentic ', 'Finalisasi, review, dan deployment preparation', '2026-05-18', '2026-05-22', 0, 3, '2026-04-25 09:00:00', '2026-04-25 09:00:00'),
(37, 3, 10, 'Sprint 1 - Bike & PAA Catalog Journey Rev', 'Setup fondasi dan analisis kebutuhan proyek', '2026-04-27', '2026-05-03', 0, 0, '2026-04-25 09:00:00', '2026-04-25 09:00:00'),
(38, 3, 10, 'Sprint 2 - Bike & PAA Catalog Journey Rev', 'Implementasi fitur core dan integrasi API', '2026-05-04', '2026-05-10', 0, 1, '2026-04-25 09:00:00', '2026-04-25 09:00:00'),
(39, 3, 10, 'Sprint 3 - Bike & PAA Catalog Journey Rev', 'Pengembangan UI/UX dan testing', '2026-05-11', '2026-05-17', 1, 2, '2026-04-25 09:00:00', '2026-04-25 09:00:00'),
(40, 3, 10, 'Sprint 4 - Bike & PAA Catalog Journey Rev', 'Finalisasi, review, dan deployment preparation', '2026-05-18', '2026-05-22', 0, 3, '2026-04-25 09:00:00', '2026-04-25 09:00:00'),
(41, 3, 11, 'Sprint 1 - AI E-Commerce Product Recommen', 'Setup fondasi dan analisis kebutuhan proyek', '2026-04-27', '2026-05-03', 0, 0, '2026-04-25 09:00:00', '2026-04-25 09:00:00'),
(42, 3, 11, 'Sprint 2 - AI E-Commerce Product Recommen', 'Implementasi fitur core dan integrasi API', '2026-05-04', '2026-05-10', 0, 1, '2026-04-25 09:00:00', '2026-04-25 09:00:00'),
(43, 3, 11, 'Sprint 3 - AI E-Commerce Product Recommen', 'Pengembangan UI/UX dan testing', '2026-05-11', '2026-05-17', 1, 2, '2026-04-25 09:00:00', '2026-04-25 09:00:00'),
(44, 3, 11, 'Sprint 4 - AI E-Commerce Product Recommen', 'Finalisasi, review, dan deployment preparation', '2026-05-18', '2026-05-22', 0, 3, '2026-04-25 09:00:00', '2026-04-25 09:00:00'),
(45, 3, 12, 'Sprint 1 - AI Up-selling, Cross-selling, ', 'Setup fondasi dan analisis kebutuhan proyek', '2026-04-27', '2026-05-03', 0, 0, '2026-04-25 09:00:00', '2026-04-25 09:00:00'),
(46, 3, 12, 'Sprint 2 - AI Up-selling, Cross-selling, ', 'Implementasi fitur core dan integrasi API', '2026-05-04', '2026-05-10', 0, 1, '2026-04-25 09:00:00', '2026-04-25 09:00:00'),
(47, 3, 12, 'Sprint 3 - AI Up-selling, Cross-selling, ', 'Pengembangan UI/UX dan testing', '2026-05-11', '2026-05-17', 1, 2, '2026-04-25 09:00:00', '2026-04-25 09:00:00'),
(48, 3, 12, 'Sprint 4 - AI Up-selling, Cross-selling, ', 'Finalisasi, review, dan deployment preparation', '2026-05-18', '2026-05-22', 0, 3, '2026-04-25 09:00:00', '2026-04-25 09:00:00'),
(49, 3, 13, 'Sprint 1 - B2C x POS x Marketplace - Real', 'Setup fondasi dan analisis kebutuhan proyek', '2026-04-27', '2026-05-03', 0, 0, '2026-04-25 09:00:00', '2026-04-25 09:00:00'),
(50, 3, 13, 'Sprint 2 - B2C x POS x Marketplace - Real', 'Implementasi fitur core dan integrasi API', '2026-05-04', '2026-05-10', 0, 1, '2026-04-25 09:00:00', '2026-04-25 09:00:00'),
(51, 3, 13, 'Sprint 3 - B2C x POS x Marketplace - Real', 'Pengembangan UI/UX dan testing', '2026-05-11', '2026-05-17', 1, 2, '2026-04-25 09:00:00', '2026-04-25 09:00:00'),
(52, 3, 13, 'Sprint 4 - B2C x POS x Marketplace - Real', 'Finalisasi, review, dan deployment preparation', '2026-05-18', '2026-05-22', 0, 3, '2026-04-25 09:00:00', '2026-04-25 09:00:00'),
(53, 3, 14, 'Sprint 1 - Bike Fitting Integration', 'Setup fondasi dan analisis kebutuhan proyek', '2026-04-27', '2026-05-03', 0, 0, '2026-04-25 09:00:00', '2026-04-25 09:00:00'),
(54, 3, 14, 'Sprint 2 - Bike Fitting Integration', 'Implementasi fitur core dan integrasi API', '2026-05-04', '2026-05-10', 0, 1, '2026-04-25 09:00:00', '2026-04-25 09:00:00'),
(55, 3, 14, 'Sprint 3 - Bike Fitting Integration', 'Pengembangan UI/UX dan testing', '2026-05-11', '2026-05-17', 1, 2, '2026-04-25 09:00:00', '2026-04-25 09:00:00'),
(56, 3, 14, 'Sprint 4 - Bike Fitting Integration', 'Finalisasi, review, dan deployment preparation', '2026-05-18', '2026-05-22', 0, 3, '2026-04-25 09:00:00', '2026-04-25 09:00:00'),
(57, 3, 15, 'Sprint 1 - Bike Service Booking', 'Setup fondasi dan analisis kebutuhan proyek', '2026-04-27', '2026-05-03', 0, 0, '2026-04-25 09:00:00', '2026-04-25 09:00:00'),
(58, 3, 15, 'Sprint 2 - Bike Service Booking', 'Implementasi fitur core dan integrasi API', '2026-05-04', '2026-05-10', 0, 1, '2026-04-25 09:00:00', '2026-04-25 09:00:00'),
(59, 3, 15, 'Sprint 3 - Bike Service Booking', 'Pengembangan UI/UX dan testing', '2026-05-11', '2026-05-17', 1, 2, '2026-04-25 09:00:00', '2026-04-25 09:00:00'),
(60, 3, 15, 'Sprint 4 - Bike Service Booking', 'Finalisasi, review, dan deployment preparation', '2026-05-18', '2026-05-22', 0, 3, '2026-04-25 09:00:00', '2026-04-25 09:00:00'),
(61, 3, 16, 'Sprint 1 - Click & Collect', 'Setup fondasi dan analisis kebutuhan proyek', '2026-04-27', '2026-05-03', 0, 0, '2026-04-25 09:00:00', '2026-04-25 09:00:00'),
(62, 3, 16, 'Sprint 2 - Click & Collect', 'Implementasi fitur core dan integrasi API', '2026-05-04', '2026-05-10', 0, 1, '2026-04-25 09:00:00', '2026-04-25 09:00:00'),
(63, 3, 16, 'Sprint 3 - Click & Collect', 'Pengembangan UI/UX dan testing', '2026-05-11', '2026-05-17', 1, 2, '2026-04-25 09:00:00', '2026-04-25 09:00:00'),
(64, 3, 16, 'Sprint 4 - Click & Collect', 'Finalisasi, review, dan deployment preparation', '2026-05-18', '2026-05-22', 0, 3, '2026-04-25 09:00:00', '2026-04-25 09:00:00'),
(65, 3, 17, 'Sprint 1 - E-commerce Product Description', 'Setup fondasi dan analisis kebutuhan proyek', '2026-04-27', '2026-05-03', 0, 0, '2026-04-25 09:00:00', '2026-04-25 09:00:00'),
(66, 3, 17, 'Sprint 2 - E-commerce Product Description', 'Implementasi fitur core dan integrasi API', '2026-05-04', '2026-05-10', 0, 1, '2026-04-25 09:00:00', '2026-04-25 09:00:00'),
(67, 3, 17, 'Sprint 3 - E-commerce Product Description', 'Pengembangan UI/UX dan testing', '2026-05-11', '2026-05-17', 1, 2, '2026-04-25 09:00:00', '2026-04-25 09:00:00'),
(68, 3, 17, 'Sprint 4 - E-commerce Product Description', 'Finalisasi, review, dan deployment preparation', '2026-05-18', '2026-05-22', 0, 3, '2026-04-25 09:00:00', '2026-04-25 09:00:00'),
(69, 3, 18, 'Sprint 1 - Membership - Referral Program ', 'Setup fondasi dan analisis kebutuhan proyek', '2026-04-27', '2026-05-03', 0, 0, '2026-04-25 09:00:00', '2026-04-25 09:00:00'),
(70, 3, 18, 'Sprint 2 - Membership - Referral Program ', 'Implementasi fitur core dan integrasi API', '2026-05-04', '2026-05-10', 0, 1, '2026-04-25 09:00:00', '2026-04-25 09:00:00'),
(71, 3, 18, 'Sprint 3 - Membership - Referral Program ', 'Pengembangan UI/UX dan testing', '2026-05-11', '2026-05-17', 1, 2, '2026-04-25 09:00:00', '2026-04-25 09:00:00'),
(72, 3, 18, 'Sprint 4 - Membership - Referral Program ', 'Finalisasi, review, dan deployment preparation', '2026-05-18', '2026-05-22', 0, 3, '2026-04-25 09:00:00', '2026-04-25 09:00:00'),
(73, 3, 19, 'Sprint 1 - Net Promoter Score', 'Setup fondasi dan analisis kebutuhan proyek', '2026-04-27', '2026-05-03', 0, 0, '2026-04-25 09:00:00', '2026-04-25 09:00:00'),
(74, 3, 19, 'Sprint 2 - Net Promoter Score', 'Implementasi fitur core dan integrasi API', '2026-05-04', '2026-05-10', 0, 1, '2026-04-25 09:00:00', '2026-04-25 09:00:00'),
(75, 3, 19, 'Sprint 3 - Net Promoter Score', 'Pengembangan UI/UX dan testing', '2026-05-11', '2026-05-17', 1, 2, '2026-04-25 09:00:00', '2026-04-25 09:00:00'),
(76, 3, 19, 'Sprint 4 - Net Promoter Score', 'Finalisasi, review, dan deployment preparation', '2026-05-18', '2026-05-22', 0, 3, '2026-04-25 09:00:00', '2026-04-25 09:00:00'),
(77, 3, 20, 'Sprint 1 - Test Ride Booking', 'Setup fondasi dan analisis kebutuhan proyek', '2026-04-27', '2026-05-03', 0, 0, '2026-04-25 09:00:00', '2026-04-25 09:00:00'),
(78, 3, 20, 'Sprint 2 - Test Ride Booking', 'Implementasi fitur core dan integrasi API', '2026-05-04', '2026-05-10', 0, 1, '2026-04-25 09:00:00', '2026-04-25 09:00:00'),
(79, 3, 20, 'Sprint 3 - Test Ride Booking', 'Pengembangan UI/UX dan testing', '2026-05-11', '2026-05-17', 1, 2, '2026-04-25 09:00:00', '2026-04-25 09:00:00'),
(80, 3, 20, 'Sprint 4 - Test Ride Booking', 'Finalisasi, review, dan deployment preparation', '2026-05-18', '2026-05-22', 0, 3, '2026-04-25 09:00:00', '2026-04-25 09:00:00'),
(81, 4, 21, 'Sprint 1 - AI Customer Service', 'Setup fondasi dan analisis kebutuhan proyek', '2026-04-27', '2026-05-03', 0, 0, '2026-04-25 09:00:00', '2026-04-25 09:00:00'),
(82, 4, 21, 'Sprint 2 - AI Customer Service', 'Implementasi fitur core dan integrasi API', '2026-05-04', '2026-05-10', 0, 1, '2026-04-25 09:00:00', '2026-04-25 09:00:00'),
(83, 4, 21, 'Sprint 3 - AI Customer Service', 'Pengembangan UI/UX dan testing', '2026-05-11', '2026-05-17', 1, 2, '2026-04-25 09:00:00', '2026-04-25 09:00:00'),
(84, 4, 21, 'Sprint 4 - AI Customer Service', 'Finalisasi, review, dan deployment preparation', '2026-05-18', '2026-05-22', 0, 3, '2026-04-25 09:00:00', '2026-04-25 09:00:00'),
(85, 4, 22, 'Sprint 1 - Catalog Search Correction & Su', 'Setup fondasi dan analisis kebutuhan proyek', '2026-04-27', '2026-05-03', 0, 0, '2026-04-25 09:00:00', '2026-04-25 09:00:00'),
(86, 4, 22, 'Sprint 2 - Catalog Search Correction & Su', 'Implementasi fitur core dan integrasi API', '2026-05-04', '2026-05-10', 0, 1, '2026-04-25 09:00:00', '2026-04-25 09:00:00'),
(87, 4, 22, 'Sprint 3 - Catalog Search Correction & Su', 'Pengembangan UI/UX dan testing', '2026-05-11', '2026-05-17', 1, 2, '2026-04-25 09:00:00', '2026-04-25 09:00:00'),
(88, 4, 22, 'Sprint 4 - Catalog Search Correction & Su', 'Finalisasi, review, dan deployment preparation', '2026-05-18', '2026-05-22', 0, 3, '2026-04-25 09:00:00', '2026-04-25 09:00:00'),
(89, 4, 23, 'Sprint 1 - Catalog Bike Recommendation ba', 'Setup fondasi dan analisis kebutuhan proyek', '2026-04-27', '2026-05-03', 0, 0, '2026-04-25 09:00:00', '2026-04-25 09:00:00'),
(90, 4, 23, 'Sprint 2 - Catalog Bike Recommendation ba', 'Implementasi fitur core dan integrasi API', '2026-05-04', '2026-05-10', 0, 1, '2026-04-25 09:00:00', '2026-04-25 09:00:00'),
(91, 4, 23, 'Sprint 3 - Catalog Bike Recommendation ba', 'Pengembangan UI/UX dan testing', '2026-05-11', '2026-05-17', 1, 2, '2026-04-25 09:00:00', '2026-04-25 09:00:00'),
(92, 4, 23, 'Sprint 4 - Catalog Bike Recommendation ba', 'Finalisasi, review, dan deployment preparation', '2026-05-18', '2026-05-22', 0, 3, '2026-04-25 09:00:00', '2026-04-25 09:00:00');


-- ------------------------------------------------------------
--  Table: `tasks` (26 rows)
-- ------------------------------------------------------------
TRUNCATE TABLE `tasks`;
INSERT INTO `tasks` (`id`, `task_id`, `project_id`, `status_id`, `priority_level`, `name`, `description`, `start_date`, `due_date`, `time_estimate`, `position`, `is_archived`, `created_by`, `created_at`, `updated_at`, `deleted_at`) VALUES
(1, 'MIS-1', 1, 5, 1, 'Demand Forecasting Engine', 'Engine untuk forecasting demand:\n- Data historis penjualan\n- Machine learning model\n- Parameter konfigurasi\n- Visualisasi hasil prediksi', '2026-05-01', '2026-05-21', 1920, 0, 0, 2, '2026-04-27 08:30:00', '2026-04-27 08:30:00', NULL),
(2, 'MIS-2', 1, 2, 3, 'Production Planning Module', 'Modul perencanaan produksi:\n- Kapasitas mesin\n- BOM (Bill of Materials)\n- Scheduling optimasi\n- Alert kekurangan material', '2026-04-29', '2026-05-22', 1200, 1, 0, 2, '2026-04-27 08:30:00', '2026-04-27 08:30:00', NULL),
(3, 'MIS-3', 2, 2, 3, 'Frame Number Registration System', 'Sistem registrasi nomor rangka:\n- Input manual & scan\n- Validasi format\n- Database tracking\n- History log perubahan', '2026-04-30', '2026-05-13', 1200, 0, 0, 2, '2026-04-27 08:30:00', '2026-04-27 08:30:00', NULL),
(4, 'MIS-4', 3, 4, 3, 'Serial Number Scanner Integration', 'Integrasi scanner:\n- Barcode reader API\n- QR code support\n- Batch scanning\n- Real-time validation', '2026-04-27', '2026-05-12', 960, 0, 0, 1, '2026-04-27 08:30:00', '2026-04-27 08:30:00', NULL),
(5, 'MIS-5', 4, 4, 3, 'Promotion Allocation Engine', 'Engine alokasi promosi:\n- Stok khusus promo\n- Auto-reserve\n- Expiry management\n- Dashboard monitoring stok promo', '2026-04-30', '2026-05-12', 1440, 0, 0, 1, '2026-04-27 08:30:00', '2026-04-27 08:30:00', NULL),
(6, 'MIS-6', 5, 8, 1, 'Automated MIRO Processing', 'Proses MIRO otomatis:\n- Invoice matching\n- 3-way match (PO, GR, Invoice)\n- Auto-posting SAP\n- Exception handling', '2026-04-30', '2026-05-20', 1200, 0, 0, 1, '2026-04-27 08:30:00', '2026-04-27 08:30:00', NULL),
(7, 'MIS-7', 5, 10, 1, 'Vendor Invoice Portal', 'Portal vendor:\n- Upload invoice\n- Status tracking\n- Document management\n- Notifikasi otomatis', '2026-04-28', '2026-05-14', 1920, 1, 0, 2, '2026-04-27 08:30:00', '2026-04-27 08:30:00', NULL),
(8, 'MIS-8', 6, 10, 2, 'Shipment Bidding Platform', 'Platform bidding pengiriman:\n- Vendor registration\n- Bidding flow\n- Auto-award rules\n- Rate comparison', '2026-04-29', '2026-05-21', 2400, 0, 0, 2, '2026-04-27 08:30:00', '2026-04-27 08:30:00', NULL),
(9, 'MIS-9', 7, 7, 2, 'OCR Invoice Extraction', 'Ekstraksi data invoice:\n- OCR processing\n- Template matching\n- Data validation\n- Auto-fill form', '2026-04-27', '2026-05-21', 1200, 0, 0, 1, '2026-04-27 08:30:00', '2026-04-27 08:30:00', NULL),
(10, 'MIS-10', 8, 10, 3, 'Sales Performance Dashboard', 'Dashboard performa sales:\n- KPI metrics\n- Territory mapping\n- Pipeline tracking\n- Leaderboard', '2026-04-29', '2026-05-18', 960, 0, 0, 2, '2026-04-27 08:30:00', '2026-04-27 08:30:00', NULL),
(11, 'MIS-11', 9, 10, 2, 'AI Resume Screening Agent', 'Agent AI untuk screening:\n- Resume parsing\n- Skill matching\n- Scoring algorithm\n- Shortlist recommendation', '2026-04-27', '2026-05-14', 1920, 0, 0, 1, '2026-04-27 08:30:00', '2026-04-27 08:30:00', NULL),
(12, 'MIS-12', 10, 13, 3, 'Catalog UX Redesign', 'Redesign pengalaman katalog:\n- New navigation flow\n- Product comparison\n- Filtering enhancement\n- Mobile responsive', '2026-04-27', '2026-05-13', 2400, 0, 0, 2, '2026-04-27 08:30:00', '2026-04-27 08:30:00', NULL),
(13, 'MIS-13', 10, 15, 3, 'PAA Integration', 'Parts & Accessories integration:\n- Cross-sell suggestions\n- Compatibility checker\n- Bundle pricing\n- Inventory sync', '2026-04-30', '2026-05-13', 1200, 1, 0, 2, '2026-04-27 08:30:00', '2026-04-27 08:30:00', NULL),
(14, 'MIS-14', 11, 15, 2, 'Recommendation Engine', 'Engine rekomendasi produk:\n- Collaborative filtering\n- Content-based filtering\n- Hybrid approach\n- A/B testing framework', '2026-04-27', '2026-05-19', 1200, 0, 0, 2, '2026-04-27 08:30:00', '2026-04-27 08:30:00', NULL),
(15, 'MIS-15', 12, 15, 2, 'Upsell/Cross-sell Engine', 'Engine upsell & cross-sell:\n- Rule-based suggestions\n- ML-based predictions\n- Cart analysis\n- Email trigger', '2026-04-27', '2026-05-19', 1920, 0, 0, 1, '2026-04-27 08:30:00', '2026-04-27 08:30:00', NULL),
(16, 'MIS-16', 13, 13, 3, 'Realtime Stock Sync', 'Sinkronisasi stok real-time:\n- Multi-channel inventory\n- Event-driven updates\n- Conflict resolution\n- Dashboard monitoring', '2026-04-28', '2026-05-14', 1440, 0, 0, 1, '2026-04-27 08:30:00', '2026-04-27 08:30:00', NULL),
(17, 'MIS-17', 14, 13, 2, 'Bike Fitting Calculator', 'Kalkulator bike fitting:\n- Body measurement input\n- Size recommendation\n- Frame geometry matching\n- Adjustment suggestions', '2026-04-28', '2026-05-11', 2400, 0, 0, 1, '2026-04-27 08:30:00', '2026-04-27 08:30:00', NULL),
(18, 'MIS-18', 15, 12, 3, 'Service Booking System', 'Sistem booking servis:\n- Calendar slot management\n- Mechanic assignment\n- Service package selection\n- Reminder notification', '2026-05-01', '2026-05-11', 2400, 0, 0, 1, '2026-04-27 08:30:00', '2026-04-27 08:30:00', NULL),
(19, 'MIS-19', 16, 14, 3, 'Click & Collect Flow', 'Alur click & collect:\n- Store availability check\n- Pickup slot booking\n- QR code generation\n- Status notification', '2026-04-27', '2026-05-13', 1200, 0, 0, 1, '2026-04-27 08:30:00', '2026-04-27 08:30:00', NULL),
(20, 'MIS-20', 17, 12, 1, 'AI Description Generator', 'Generator deskripsi produk:\n- GPT integration\n- Template management\n- Multi-language\n- SEO optimization', '2026-04-28', '2026-05-12', 1200, 0, 0, 1, '2026-04-27 08:30:00', '2026-04-27 08:30:00', NULL),
(21, 'MIS-21', 18, 15, 3, 'Referral System Revamp', 'Revamp sistem referral:\n- Reward tier system\n- Tracking dashboard\n- Payout automation\n- Fraud detection', '2026-04-30', '2026-05-20', 1200, 0, 0, 1, '2026-04-27 08:30:00', '2026-04-27 08:30:00', NULL),
(22, 'MIS-22', 19, 15, 1, 'NPS Survey System', 'Sistem survey NPS:\n- Email/SMS trigger\n- Response collection\n- Score calculation\n- Trend analysis dashboard', '2026-04-30', '2026-05-11', 960, 0, 0, 1, '2026-04-27 08:30:00', '2026-04-27 08:30:00', NULL),
(23, 'MIS-23', 20, 13, 2, 'Test Ride Booking Platform', 'Platform booking test ride:\n- Bike availability\n- Location selection\n- Slot management\n- Post-ride feedback', '2026-04-27', '2026-05-13', 1440, 0, 0, 2, '2026-04-27 08:30:00', '2026-04-27 08:30:00', NULL),
(24, 'MIS-24', 21, 19, 3, 'AI Chatbot Development', 'Pengembangan chatbot AI:\n- NLP training\n- Intent recognition\n- Knowledge base\n- Escalation to human', '2026-04-27', '2026-05-11', 960, 0, 0, 1, '2026-04-27 08:30:00', '2026-04-27 08:30:00', NULL),
(25, 'MIS-25', 22, 18, 2, 'Search Autocorrect & Suggest', 'Koreksi & saran pencarian:\n- Typo correction\n- Did-you-mean\n- Popular searches\n- Synonym mapping', '2026-05-01', '2026-05-11', 960, 0, 0, 1, '2026-04-27 08:30:00', '2026-04-27 08:30:00', NULL),
(26, 'MIS-26', 23, 20, 3, 'Dealer-Based Recommendation', 'Rekomendasi berdasarkan dealer:\n- Dealer profiling\n- Regional preferences\n- Stock optimization\n- Sales prediction', '2026-04-29', '2026-05-19', 1440, 0, 0, 2, '2026-04-27 08:30:00', '2026-04-27 08:30:00', NULL);


-- ------------------------------------------------------------
--  Table: `task_assignees` (50 rows)
-- ------------------------------------------------------------
TRUNCATE TABLE `task_assignees`;
INSERT INTO `task_assignees` (`id`, `task_id`, `user_id`, `assigned_by`) VALUES
(1, 1, 3, 2),
(2, 1, 4, 2),
(3, 2, 3, 2),
(4, 2, 4, 2),
(5, 2, 5, 2),
(6, 3, 4, 2),
(7, 3, 6, 2),
(8, 4, 5, 1),
(9, 5, 5, 1),
(10, 6, 8, 1),
(11, 7, 7, 2),
(12, 7, 8, 2),
(13, 7, 9, 2),
(14, 8, 7, 2),
(15, 9, 7, 1),
(16, 9, 8, 1),
(17, 9, 10, 1),
(18, 10, 8, 2),
(19, 10, 9, 2),
(20, 10, 10, 2),
(21, 11, 8, 1),
(22, 12, 11, 2),
(23, 12, 12, 2),
(24, 12, 16, 2),
(25, 13, 11, 2),
(26, 14, 12, 2),
(27, 14, 16, 2),
(28, 15, 12, 1),
(29, 15, 14, 1),
(30, 16, 12, 1),
(31, 16, 14, 1),
(32, 16, 16, 1),
(33, 17, 11, 1),
(34, 17, 14, 1),
(35, 18, 11, 1),
(36, 18, 14, 1),
(37, 19, 15, 1),
(38, 19, 16, 1),
(39, 20, 14, 1),
(40, 20, 16, 1),
(41, 21, 14, 1),
(42, 21, 16, 1),
(43, 22, 12, 1),
(44, 22, 15, 1),
(45, 23, 14, 2),
(46, 24, 19, 1),
(47, 25, 17, 1),
(48, 25, 19, 1),
(49, 26, 18, 2),
(50, 26, 8, 2);


-- ------------------------------------------------------------
--  Table: `task_labels` (49 rows)
-- ------------------------------------------------------------
TRUNCATE TABLE `task_labels`;
INSERT INTO `task_labels` (`id`, `task_id`, `label_id`, `created_at`, `updated_at`) VALUES
(1, 1, 2, '2026-04-27 08:30:00', '2026-04-27 08:30:00'),
(2, 1, 10, '2026-04-27 08:30:00', '2026-04-27 08:30:00'),
(3, 2, 2, '2026-04-27 08:30:00', '2026-04-27 08:30:00'),
(4, 3, 2, '2026-04-27 08:30:00', '2026-04-27 08:30:00'),
(5, 3, 7, '2026-04-27 08:30:00', '2026-04-27 08:30:00'),
(6, 4, 2, '2026-04-27 08:30:00', '2026-04-27 08:30:00'),
(7, 4, 9, '2026-04-27 08:30:00', '2026-04-27 08:30:00'),
(8, 5, 2, '2026-04-27 08:30:00', '2026-04-27 08:30:00'),
(9, 6, 2, '2026-04-27 08:30:00', '2026-04-27 08:30:00'),
(10, 6, 9, '2026-04-27 08:30:00', '2026-04-27 08:30:00'),
(11, 7, 2, '2026-04-27 08:30:00', '2026-04-27 08:30:00'),
(12, 7, 5, '2026-04-27 08:30:00', '2026-04-27 08:30:00'),
(13, 8, 2, '2026-04-27 08:30:00', '2026-04-27 08:30:00'),
(14, 9, 2, '2026-04-27 08:30:00', '2026-04-27 08:30:00'),
(15, 9, 10, '2026-04-27 08:30:00', '2026-04-27 08:30:00'),
(16, 10, 2, '2026-04-27 08:30:00', '2026-04-27 08:30:00'),
(17, 10, 5, '2026-04-27 08:30:00', '2026-04-27 08:30:00'),
(18, 11, 2, '2026-04-27 08:30:00', '2026-04-27 08:30:00'),
(19, 11, 10, '2026-04-27 08:30:00', '2026-04-27 08:30:00'),
(20, 12, 2, '2026-04-27 08:30:00', '2026-04-27 08:30:00'),
(21, 12, 5, '2026-04-27 08:30:00', '2026-04-27 08:30:00'),
(22, 13, 2, '2026-04-27 08:30:00', '2026-04-27 08:30:00'),
(23, 13, 9, '2026-04-27 08:30:00', '2026-04-27 08:30:00'),
(24, 14, 2, '2026-04-27 08:30:00', '2026-04-27 08:30:00'),
(25, 14, 10, '2026-04-27 08:30:00', '2026-04-27 08:30:00'),
(26, 15, 2, '2026-04-27 08:30:00', '2026-04-27 08:30:00'),
(27, 15, 10, '2026-04-27 08:30:00', '2026-04-27 08:30:00'),
(28, 16, 2, '2026-04-27 08:30:00', '2026-04-27 08:30:00'),
(29, 16, 9, '2026-04-27 08:30:00', '2026-04-27 08:30:00'),
(30, 16, 8, '2026-04-27 08:30:00', '2026-04-27 08:30:00'),
(31, 17, 2, '2026-04-27 08:30:00', '2026-04-27 08:30:00'),
(32, 17, 5, '2026-04-27 08:30:00', '2026-04-27 08:30:00'),
(33, 18, 2, '2026-04-27 08:30:00', '2026-04-27 08:30:00'),
(34, 19, 2, '2026-04-27 08:30:00', '2026-04-27 08:30:00'),
(35, 19, 5, '2026-04-27 08:30:00', '2026-04-27 08:30:00'),
(36, 20, 2, '2026-04-27 08:30:00', '2026-04-27 08:30:00'),
(37, 20, 10, '2026-04-27 08:30:00', '2026-04-27 08:30:00'),
(38, 21, 2, '2026-04-27 08:30:00', '2026-04-27 08:30:00'),
(39, 21, 3, '2026-04-27 08:30:00', '2026-04-27 08:30:00'),
(40, 22, 2, '2026-04-27 08:30:00', '2026-04-27 08:30:00'),
(41, 22, 5, '2026-04-27 08:30:00', '2026-04-27 08:30:00'),
(42, 23, 2, '2026-04-27 08:30:00', '2026-04-27 08:30:00'),
(43, 24, 2, '2026-04-27 08:30:00', '2026-04-27 08:30:00'),
(44, 24, 10, '2026-04-27 08:30:00', '2026-04-27 08:30:00'),
(45, 25, 2, '2026-04-27 08:30:00', '2026-04-27 08:30:00'),
(46, 25, 10, '2026-04-27 08:30:00', '2026-04-27 08:30:00'),
(47, 25, 8, '2026-04-27 08:30:00', '2026-04-27 08:30:00'),
(48, 26, 2, '2026-04-27 08:30:00', '2026-04-27 08:30:00'),
(49, 26, 10, '2026-04-27 08:30:00', '2026-04-27 08:30:00');


-- ------------------------------------------------------------
--  Table: `subtasks` (130 rows)
-- ------------------------------------------------------------
TRUNCATE TABLE `subtasks`;
INSERT INTO `subtasks` (`id`, `subtask_id`, `task_id`, `parent_id`, `depth`, `sprint_id`, `status_id`, `priority_level`, `name`, `description`, `start_date`, `due_date`, `baseline_start_date`, `baseline_due_date`, `completed_at`, `time_estimate`, `optimistic_estimate`, `most_likely_estimate`, `pessimistic_estimate`, `time_spent`, `progress`, `position`, `created_by`, `completed_by`, `created_at`, `updated_at`, `deleted_at`) VALUES
(1, 'MIS-1-1', 1, NULL, 0, 1, 5, 1, 'Integrasi external service', NULL, '2026-04-27 08:00:00', '2026-04-28 17:00:00', '2026-04-27 08:00:00', '2026-04-28 17:00:00', '2026-04-28 16:11:00', 300, 210, 300, 450, 306, 100, 0, 6, 6, '2026-04-27 08:00:00', '2026-04-28 16:11:00', NULL),
(2, 'MIS-1-2', 1, NULL, 0, 1, 5, 3, 'Deployment & monitoring setup', NULL, '2026-04-28 08:00:00', '2026-04-30 17:00:00', '2026-04-28 08:00:00', '2026-04-30 17:00:00', '2026-04-30 15:39:00', 300, 210, 300, 450, 354, 100, 1, 3, 3, '2026-04-28 08:00:00', '2026-04-30 15:39:00', NULL),
(3, 'MIS-1-3', 1, NULL, 0, 2, 5, 4, 'Analisis kebutuhan & dokumentasi', NULL, '2026-05-06 08:00:00', '2026-05-08 17:00:00', '2026-05-06 08:00:00', '2026-05-08 17:00:00', '2026-05-08 16:12:00', 480, 336, 480, 720, 616, 100, 2, 4, 4, '2026-05-06 08:00:00', '2026-05-08 16:12:00', NULL),
(4, 'MIS-1-4', 1, NULL, 0, 3, 3, 3, 'Code review & refactoring', NULL, '2026-05-14 08:00:00', '2026-05-15 17:00:00', '2026-05-14 08:00:00', '2026-05-15 17:00:00', NULL, 240, 168, 240, 360, 231, 39, 3, 5, NULL, '2026-05-14 08:00:00', '2026-05-14 08:00:00', NULL),
(5, 'MIS-1-5', 1, NULL, 0, 3, 3, 2, 'Implementasi API endpoint', NULL, '2026-05-15 08:00:00', '2026-05-15 17:00:00', '2026-05-15 08:00:00', '2026-05-15 17:00:00', NULL, 120, 84, 120, 180, 71, 52, 4, 6, NULL, '2026-05-15 08:00:00', '2026-05-15 08:00:00', NULL),
(6, 'MIS-1-6', 1, NULL, 0, 4, 1, 2, 'Unit testing & integration test', NULL, '2026-05-18 08:00:00', '2026-05-19 17:00:00', '2026-05-18 08:00:00', '2026-05-19 17:00:00', NULL, 360, 251, 360, 540, 0, 0, 5, 5, NULL, '2026-05-18 08:00:00', '2026-05-18 08:00:00', NULL),
(7, 'MIS-2-1', 2, NULL, 0, 1, 5, 4, 'Performance testing & tuning', NULL, '2026-04-27 08:00:00', '2026-04-29 17:00:00', '2026-04-27 08:00:00', '2026-04-29 17:00:00', '2026-04-29 14:48:00', 240, 168, 240, 360, 271, 100, 0, 6, 6, '2026-04-27 08:00:00', '2026-04-29 14:48:00', NULL),
(8, 'MIS-2-2', 2, NULL, 0, 1, 5, 3, 'Setup project & boilerplate', NULL, '2026-04-28 08:00:00', '2026-04-30 17:00:00', '2026-04-28 08:00:00', '2026-04-30 17:00:00', '2026-04-30 16:52:00', 180, 125, 180, 270, 248, 100, 1, 4, 4, '2026-04-28 08:00:00', '2026-04-30 16:52:00', NULL),
(9, 'MIS-2-3', 2, NULL, 0, 2, 5, 3, 'Code review & refactoring', NULL, '2026-05-06 08:00:00', '2026-05-08 17:00:00', '2026-05-06 08:00:00', '2026-05-08 17:00:00', '2026-05-08 15:31:00', 180, 125, 180, 270, 229, 100, 2, 3, 3, '2026-05-06 08:00:00', '2026-05-08 15:31:00', NULL),
(10, 'MIS-2-4', 2, NULL, 0, 3, 3, 2, 'Security audit & hardening', NULL, '2026-05-14 08:00:00', '2026-05-15 17:00:00', '2026-05-14 08:00:00', '2026-05-15 17:00:00', NULL, 240, 168, 240, 360, 75, 68, 3, 5, NULL, '2026-05-14 08:00:00', '2026-05-14 08:00:00', NULL),
(11, 'MIS-2-5', 2, NULL, 0, 3, 3, 2, 'Desain database schema & ERD', NULL, '2026-05-15 08:00:00', '2026-05-15 17:00:00', '2026-05-15 08:00:00', '2026-05-15 17:00:00', NULL, 480, 336, 480, 720, 291, 68, 4, 5, NULL, '2026-05-15 08:00:00', '2026-05-15 08:00:00', NULL),
(12, 'MIS-3-1', 3, NULL, 0, 5, 5, 2, 'Desain database schema & ERD', NULL, '2026-04-27 08:00:00', '2026-04-28 17:00:00', '2026-04-27 08:00:00', '2026-04-28 17:00:00', '2026-04-28 16:20:00', 180, 125, 180, 270, 163, 100, 0, 6, 6, '2026-04-27 08:00:00', '2026-04-28 16:20:00', NULL),
(13, 'MIS-3-2', 3, NULL, 0, 5, 5, 4, 'Analisis kebutuhan & dokumentasi', NULL, '2026-04-28 08:00:00', '2026-04-29 17:00:00', '2026-04-28 08:00:00', '2026-04-29 17:00:00', '2026-04-29 16:13:00', 120, 84, 120, 180, 145, 100, 1, 4, 4, '2026-04-28 08:00:00', '2026-04-29 16:13:00', NULL),
(14, 'MIS-3-3', 3, NULL, 0, 6, 4, 2, 'Dokumentasi teknis & user guide', NULL, '2026-05-06 08:00:00', '2026-05-08 17:00:00', '2026-05-06 08:00:00', '2026-05-08 17:00:00', NULL, 120, 84, 120, 180, 0, 85, 2, 5, NULL, '2026-05-06 08:00:00', '2026-05-06 08:00:00', NULL),
(15, 'MIS-3-4', 3, NULL, 0, 7, 3, 2, 'Setup project & boilerplate', NULL, '2026-05-14 08:00:00', '2026-05-15 17:00:00', '2026-05-14 08:00:00', '2026-05-15 17:00:00', NULL, 480, 336, 480, 720, 81, 38, 3, 6, NULL, '2026-05-14 08:00:00', '2026-05-14 08:00:00', NULL),
(16, 'MIS-3-5', 3, NULL, 0, 7, 3, 1, 'Integrasi external service', NULL, '2026-05-15 08:00:00', '2026-05-15 17:00:00', '2026-05-15 08:00:00', '2026-05-15 17:00:00', NULL, 300, 210, 300, 450, 126, 38, 4, 4, NULL, '2026-05-15 08:00:00', '2026-05-15 08:00:00', NULL),
(17, 'MIS-3-6', 3, NULL, 0, 8, 2, 4, 'Implementasi API endpoint', NULL, '2026-05-18 08:00:00', '2026-05-19 17:00:00', '2026-05-18 08:00:00', '2026-05-19 17:00:00', NULL, 360, 251, 360, 540, 0, 0, 5, 6, NULL, '2026-05-18 08:00:00', '2026-05-18 08:00:00', NULL),
(18, 'MIS-4-1', 4, NULL, 0, 9, 5, 2, 'Integrasi external service', NULL, '2026-04-27 08:00:00', '2026-04-28 17:00:00', '2026-04-27 08:00:00', '2026-04-28 17:00:00', '2026-04-28 14:45:00', 240, 168, 240, 360, 328, 100, 0, 5, 5, '2026-04-27 08:00:00', '2026-04-28 14:45:00', NULL),
(19, 'MIS-4-2', 4, NULL, 0, 9, 5, 1, 'Deployment & monitoring setup', NULL, '2026-04-28 08:00:00', '2026-04-29 17:00:00', '2026-04-28 08:00:00', '2026-04-29 17:00:00', '2026-04-29 16:54:00', 120, 84, 120, 180, 102, 100, 1, 5, 5, '2026-04-28 08:00:00', '2026-04-29 16:54:00', NULL),
(20, 'MIS-4-3', 4, NULL, 0, 10, 5, 3, 'Unit testing & integration test', NULL, '2026-05-06 08:00:00', '2026-05-07 17:00:00', '2026-05-06 08:00:00', '2026-05-07 17:00:00', '2026-05-07 14:01:00', 180, 125, 180, 270, 198, 100, 2, 4, 4, '2026-05-06 08:00:00', '2026-05-07 14:01:00', NULL),
(21, 'MIS-4-4', 4, NULL, 0, 11, 3, 3, 'Dokumentasi teknis & user guide', NULL, '2026-05-14 08:00:00', '2026-05-15 17:00:00', '2026-05-14 08:00:00', '2026-05-15 17:00:00', NULL, 180, 125, 180, 270, 156, 32, 3, 3, NULL, '2026-05-14 08:00:00', '2026-05-14 08:00:00', NULL),
(22, 'MIS-4-5', 4, NULL, 0, 11, 3, 4, 'Desain database schema & ERD', NULL, '2026-05-15 08:00:00', '2026-05-15 17:00:00', '2026-05-15 08:00:00', '2026-05-15 17:00:00', NULL, 180, 125, 180, 270, 154, 58, 4, 3, NULL, '2026-05-15 08:00:00', '2026-05-15 08:00:00', NULL),
(23, 'MIS-5-1', 5, NULL, 0, 13, 5, 2, 'Analisis kebutuhan & dokumentasi', NULL, '2026-04-27 08:00:00', '2026-04-29 17:00:00', '2026-04-27 08:00:00', '2026-04-29 17:00:00', '2026-04-29 14:30:00', 180, 125, 180, 270, 268, 100, 0, 4, 4, '2026-04-27 08:00:00', '2026-04-29 14:30:00', NULL),
(24, 'MIS-5-2', 5, NULL, 0, 13, 5, 3, 'Desain database schema & ERD', NULL, '2026-04-28 08:00:00', '2026-04-29 17:00:00', '2026-04-28 08:00:00', '2026-04-29 17:00:00', '2026-04-29 14:53:00', 180, 125, 180, 270, 136, 100, 1, 6, 6, '2026-04-28 08:00:00', '2026-04-29 14:53:00', NULL),
(25, 'MIS-5-3', 5, NULL, 0, 14, 5, 3, 'Bug fixing & optimization', NULL, '2026-05-06 08:00:00', '2026-05-08 17:00:00', '2026-05-06 08:00:00', '2026-05-08 17:00:00', '2026-05-08 14:16:00', 240, 168, 240, 360, 192, 100, 2, 5, 5, '2026-05-06 08:00:00', '2026-05-08 14:16:00', NULL),
(26, 'MIS-5-4', 5, NULL, 0, 15, 2, 1, 'Dokumentasi teknis & user guide', NULL, '2026-05-14 08:00:00', '2026-05-15 17:00:00', '2026-05-14 08:00:00', '2026-05-15 17:00:00', NULL, 120, 84, 120, 180, 0, 0, 3, 6, NULL, '2026-05-14 08:00:00', '2026-05-14 08:00:00', NULL),
(27, 'MIS-6-1', 6, NULL, 0, 17, 10, 3, 'Setup project & boilerplate', NULL, '2026-04-27 08:00:00', '2026-04-29 17:00:00', '2026-04-27 08:00:00', '2026-04-29 17:00:00', '2026-04-29 14:55:00', 120, 84, 120, 180, 143, 100, 0, 9, 9, '2026-04-27 08:00:00', '2026-04-29 14:55:00', NULL),
(28, 'MIS-6-2', 6, NULL, 0, 17, 10, 2, 'Deployment & monitoring setup', NULL, '2026-04-28 08:00:00', '2026-04-29 17:00:00', '2026-04-28 08:00:00', '2026-04-29 17:00:00', '2026-04-29 15:45:00', 120, 84, 120, 180, 166, 100, 1, 10, 10, '2026-04-28 08:00:00', '2026-04-29 15:45:00', NULL),
(29, 'MIS-6-3', 6, NULL, 0, 18, 10, 4, 'Security audit & hardening', NULL, '2026-05-06 08:00:00', '2026-05-07 17:00:00', '2026-05-06 08:00:00', '2026-05-07 17:00:00', '2026-05-07 14:42:00', 480, 336, 480, 720, 402, 100, 2, 8, 8, '2026-05-06 08:00:00', '2026-05-07 14:42:00', NULL),
(30, 'MIS-6-4', 6, NULL, 0, 19, 8, 2, 'Code review & refactoring', NULL, '2026-05-14 08:00:00', '2026-05-15 17:00:00', '2026-05-14 08:00:00', '2026-05-15 17:00:00', NULL, 300, 210, 300, 450, 293, 44, 3, 10, NULL, '2026-05-14 08:00:00', '2026-05-14 08:00:00', NULL),
(31, 'MIS-6-5', 6, NULL, 0, 19, 8, 4, 'Performance testing & tuning', NULL, '2026-05-15 08:00:00', '2026-05-15 17:00:00', '2026-05-15 08:00:00', '2026-05-15 17:00:00', NULL, 480, 336, 480, 720, 174, 64, 4, 7, NULL, '2026-05-15 08:00:00', '2026-05-15 08:00:00', NULL),
(32, 'MIS-7-1', 7, NULL, 0, 17, 10, 3, 'Performance testing & tuning', NULL, '2026-04-27 08:00:00', '2026-04-28 17:00:00', '2026-04-27 08:00:00', '2026-04-28 17:00:00', '2026-04-28 16:16:00', 360, 251, 360, 540, 266, 100, 0, 10, 10, '2026-04-27 08:00:00', '2026-04-28 16:16:00', NULL),
(33, 'MIS-7-2', 7, NULL, 0, 17, 10, 2, 'Integrasi external service', NULL, '2026-04-28 08:00:00', '2026-04-30 17:00:00', '2026-04-28 08:00:00', '2026-04-30 17:00:00', '2026-04-30 16:52:00', 120, 84, 120, 180, 88, 100, 1, 9, 9, '2026-04-28 08:00:00', '2026-04-30 16:52:00', NULL),
(34, 'MIS-7-3', 7, NULL, 0, 18, 10, 1, 'Desain database schema & ERD', NULL, '2026-05-06 08:00:00', '2026-05-07 17:00:00', '2026-05-06 08:00:00', '2026-05-07 17:00:00', '2026-05-07 16:54:00', 300, 210, 300, 450, 241, 100, 2, 8, 8, '2026-05-06 08:00:00', '2026-05-07 16:54:00', NULL),
(35, 'MIS-7-4', 7, NULL, 0, 19, 8, 1, 'Dokumentasi teknis & user guide', NULL, '2026-05-14 08:00:00', '2026-05-15 17:00:00', '2026-05-14 08:00:00', '2026-05-15 17:00:00', NULL, 360, 251, 360, 540, 223, 45, 3, 7, NULL, '2026-05-14 08:00:00', '2026-05-14 08:00:00', NULL),
(36, 'MIS-8-1', 8, NULL, 0, 21, 10, 3, 'Implementasi API endpoint', NULL, '2026-04-27 08:00:00', '2026-04-29 17:00:00', '2026-04-27 08:00:00', '2026-04-29 17:00:00', '2026-04-29 16:40:00', 360, 251, 360, 540, 436, 100, 0, 7, 7, '2026-04-27 08:00:00', '2026-04-29 16:40:00', NULL),
(37, 'MIS-8-2', 8, NULL, 0, 21, 10, 3, 'Bug fixing & optimization', NULL, '2026-04-28 08:00:00', '2026-04-29 17:00:00', '2026-04-28 08:00:00', '2026-04-29 17:00:00', '2026-04-29 14:15:00', 480, 336, 480, 720, 486, 100, 1, 8, 8, '2026-04-28 08:00:00', '2026-04-29 14:15:00', NULL),
(38, 'MIS-8-3', 8, NULL, 0, 22, 10, 4, 'Analisis kebutuhan & dokumentasi', NULL, '2026-05-06 08:00:00', '2026-05-07 17:00:00', '2026-05-06 08:00:00', '2026-05-07 17:00:00', '2026-05-07 14:55:00', 300, 210, 300, 450, 296, 100, 2, 8, 8, '2026-05-06 08:00:00', '2026-05-07 14:55:00', NULL),
(39, 'MIS-8-4', 8, NULL, 0, 23, 8, 2, 'Security audit & hardening', NULL, '2026-05-14 08:00:00', '2026-05-15 17:00:00', '2026-05-14 08:00:00', '2026-05-15 17:00:00', NULL, 480, 336, 480, 720, 103, 24, 3, 10, NULL, '2026-05-14 08:00:00', '2026-05-14 08:00:00', NULL),
(40, 'MIS-8-5', 8, NULL, 0, 23, 8, 4, 'Deployment & monitoring setup', NULL, '2026-05-15 08:00:00', '2026-05-15 17:00:00', '2026-05-15 08:00:00', '2026-05-15 17:00:00', NULL, 240, 168, 240, 360, 193, 43, 4, 8, NULL, '2026-05-15 08:00:00', '2026-05-15 08:00:00', NULL),
(41, 'MIS-9-1', 9, NULL, 0, 25, 10, 2, 'Pengembangan UI komponen', NULL, '2026-04-27 08:00:00', '2026-04-29 17:00:00', '2026-04-27 08:00:00', '2026-04-29 17:00:00', '2026-04-29 16:11:00', 480, 336, 480, 720, 565, 100, 0, 10, 10, '2026-04-27 08:00:00', '2026-04-29 16:11:00', NULL),
(42, 'MIS-9-2', 9, NULL, 0, 25, 10, 4, 'Analisis kebutuhan & dokumentasi', NULL, '2026-04-28 08:00:00', '2026-04-30 17:00:00', '2026-04-28 08:00:00', '2026-04-30 17:00:00', '2026-04-30 16:49:00', 300, 210, 300, 450, 366, 100, 1, 8, 8, '2026-04-28 08:00:00', '2026-04-30 16:49:00', NULL),
(43, 'MIS-9-3', 9, NULL, 0, 26, 10, 3, 'Code review & refactoring', NULL, '2026-05-06 08:00:00', '2026-05-07 17:00:00', '2026-05-06 08:00:00', '2026-05-07 17:00:00', '2026-05-07 15:40:00', 120, 84, 120, 180, 180, 100, 2, 9, 9, '2026-05-06 08:00:00', '2026-05-07 15:40:00', NULL),
(44, 'MIS-9-4', 9, NULL, 0, 27, 9, 3, 'Implementasi API endpoint', NULL, '2026-05-14 08:00:00', '2026-05-15 17:00:00', '2026-05-14 08:00:00', '2026-05-15 17:00:00', NULL, 120, 84, 120, 180, 0, 95, 3, 7, NULL, '2026-05-14 08:00:00', '2026-05-14 08:00:00', NULL),
(45, 'MIS-9-5', 9, NULL, 0, 27, 9, 2, 'UAT preparation & support', NULL, '2026-05-15 08:00:00', '2026-05-15 17:00:00', '2026-05-15 08:00:00', '2026-05-15 17:00:00', NULL, 120, 84, 120, 180, 0, 90, 4, 9, NULL, '2026-05-15 08:00:00', '2026-05-15 08:00:00', NULL),
(46, 'MIS-9-6', 9, NULL, 0, 28, 6, 4, 'Bug fixing & optimization', NULL, '2026-05-18 08:00:00', '2026-05-19 17:00:00', '2026-05-18 08:00:00', '2026-05-19 17:00:00', NULL, 300, 210, 300, 450, 0, 0, 5, 8, NULL, '2026-05-18 08:00:00', '2026-05-18 08:00:00', NULL),
(47, 'MIS-10-1', 10, NULL, 0, 29, 10, 3, 'Analisis kebutuhan & dokumentasi', NULL, '2026-04-27 08:00:00', '2026-04-29 17:00:00', '2026-04-27 08:00:00', '2026-04-29 17:00:00', '2026-04-29 15:20:00', 300, 210, 300, 450, 323, 100, 0, 7, 7, '2026-04-27 08:00:00', '2026-04-29 15:20:00', NULL),
(48, 'MIS-10-2', 10, NULL, 0, 29, 10, 2, 'Implementasi API endpoint', NULL, '2026-04-28 08:00:00', '2026-04-29 17:00:00', '2026-04-28 08:00:00', '2026-04-29 17:00:00', '2026-04-29 16:00:00', 360, 251, 360, 540, 530, 100, 1, 8, 8, '2026-04-28 08:00:00', '2026-04-29 16:00:00', NULL),
(49, 'MIS-10-3', 10, NULL, 0, 30, 10, 3, 'Code review & refactoring', NULL, '2026-05-06 08:00:00', '2026-05-08 17:00:00', '2026-05-06 08:00:00', '2026-05-08 17:00:00', '2026-05-08 14:37:00', 240, 168, 240, 360, 217, 100, 2, 7, 7, '2026-05-06 08:00:00', '2026-05-08 14:37:00', NULL),
(50, 'MIS-10-4', 10, NULL, 0, 31, 8, 3, 'Pengembangan UI komponen', NULL, '2026-05-14 08:00:00', '2026-05-15 17:00:00', '2026-05-14 08:00:00', '2026-05-15 17:00:00', NULL, 180, 125, 180, 270, 32, 42, 3, 9, NULL, '2026-05-14 08:00:00', '2026-05-14 08:00:00', NULL),
(51, 'MIS-11-1', 11, NULL, 0, 33, 10, 3, 'Pengembangan UI komponen', NULL, '2026-04-27 08:00:00', '2026-04-28 17:00:00', '2026-04-27 08:00:00', '2026-04-28 17:00:00', '2026-04-28 14:19:00', 360, 251, 360, 540, 422, 100, 0, 7, 7, '2026-04-27 08:00:00', '2026-04-28 14:19:00', NULL),
(52, 'MIS-11-2', 11, NULL, 0, 33, 10, 2, 'Code review & refactoring', NULL, '2026-04-28 08:00:00', '2026-04-30 17:00:00', '2026-04-28 08:00:00', '2026-04-30 17:00:00', '2026-04-30 16:45:00', 480, 336, 480, 720, 664, 100, 1, 9, 9, '2026-04-28 08:00:00', '2026-04-30 16:45:00', NULL),
(53, 'MIS-11-3', 11, NULL, 0, 34, 10, 3, 'Bug fixing & optimization', NULL, '2026-05-06 08:00:00', '2026-05-08 17:00:00', '2026-05-06 08:00:00', '2026-05-08 17:00:00', '2026-05-08 16:27:00', 480, 336, 480, 720, 701, 100, 2, 7, 7, '2026-05-06 08:00:00', '2026-05-08 16:27:00', NULL),
(54, 'MIS-11-4', 11, NULL, 0, 35, 8, 2, 'Security audit & hardening', NULL, '2026-05-14 08:00:00', '2026-05-15 17:00:00', '2026-05-14 08:00:00', '2026-05-15 17:00:00', NULL, 120, 84, 120, 180, 90, 29, 3, 10, NULL, '2026-05-14 08:00:00', '2026-05-14 08:00:00', NULL),
(55, 'MIS-11-5', 11, NULL, 0, 35, 8, 3, 'Setup project & boilerplate', NULL, '2026-05-15 08:00:00', '2026-05-15 17:00:00', '2026-05-15 08:00:00', '2026-05-15 17:00:00', NULL, 240, 168, 240, 360, 199, 65, 4, 7, NULL, '2026-05-15 08:00:00', '2026-05-15 08:00:00', NULL),
(56, 'MIS-12-1', 12, NULL, 0, 37, 15, 2, 'Setup project & boilerplate', NULL, '2026-04-27 08:00:00', '2026-04-29 17:00:00', '2026-04-27 08:00:00', '2026-04-29 17:00:00', '2026-04-29 16:11:00', 240, 168, 240, 360, 310, 100, 0, 15, 15, '2026-04-27 08:00:00', '2026-04-29 16:11:00', NULL),
(57, 'MIS-12-2', 12, NULL, 0, 37, 15, 3, 'Deployment & monitoring setup', NULL, '2026-04-28 08:00:00', '2026-04-29 17:00:00', '2026-04-28 08:00:00', '2026-04-29 17:00:00', '2026-04-29 15:41:00', 120, 84, 120, 180, 163, 100, 1, 11, 11, '2026-04-28 08:00:00', '2026-04-29 15:41:00', NULL),
(58, 'MIS-12-3', 12, NULL, 0, 38, 15, 1, 'Pengembangan UI komponen', NULL, '2026-05-06 08:00:00', '2026-05-07 17:00:00', '2026-05-06 08:00:00', '2026-05-07 17:00:00', '2026-05-07 14:53:00', 120, 84, 120, 180, 171, 100, 2, 16, 16, '2026-05-06 08:00:00', '2026-05-07 14:53:00', NULL),
(59, 'MIS-12-4', 12, NULL, 0, 39, 14, 3, 'Desain database schema & ERD', NULL, '2026-05-14 08:00:00', '2026-05-15 17:00:00', '2026-05-14 08:00:00', '2026-05-15 17:00:00', NULL, 180, 125, 180, 270, 0, 81, 3, 16, NULL, '2026-05-14 08:00:00', '2026-05-14 08:00:00', NULL),
(60, 'MIS-12-5', 12, NULL, 0, 39, 13, 2, 'Implementasi API endpoint', NULL, '2026-05-15 08:00:00', '2026-05-15 17:00:00', '2026-05-15 08:00:00', '2026-05-15 17:00:00', NULL, 480, 336, 480, 720, 39, 46, 4, 15, NULL, '2026-05-15 08:00:00', '2026-05-15 08:00:00', NULL),
(61, 'MIS-12-6', 12, NULL, 0, 40, 11, 1, 'Security audit & hardening', NULL, '2026-05-18 08:00:00', '2026-05-19 17:00:00', '2026-05-18 08:00:00', '2026-05-19 17:00:00', NULL, 120, 84, 120, 180, 0, 0, 5, 15, NULL, '2026-05-18 08:00:00', '2026-05-18 08:00:00', NULL),
(62, 'MIS-13-1', 13, NULL, 0, 37, 15, 2, 'Performance testing & tuning', NULL, '2026-04-27 08:00:00', '2026-04-29 17:00:00', '2026-04-27 08:00:00', '2026-04-29 17:00:00', '2026-04-29 15:30:00', 180, 125, 180, 270, 213, 100, 0, 14, 14, '2026-04-27 08:00:00', '2026-04-29 15:30:00', NULL),
(63, 'MIS-13-2', 13, NULL, 0, 37, 15, 3, 'Security audit & hardening', NULL, '2026-04-28 08:00:00', '2026-04-30 17:00:00', '2026-04-28 08:00:00', '2026-04-30 17:00:00', '2026-04-30 16:53:00', 240, 168, 240, 360, 213, 100, 1, 13, 13, '2026-04-28 08:00:00', '2026-04-30 16:53:00', NULL),
(64, 'MIS-13-3', 13, NULL, 0, 38, 14, 3, 'UAT preparation & support', NULL, '2026-05-06 08:00:00', '2026-05-07 17:00:00', '2026-05-06 08:00:00', '2026-05-07 17:00:00', NULL, 480, 336, 480, 720, 0, 95, 2, 14, NULL, '2026-05-06 08:00:00', '2026-05-06 08:00:00', NULL),
(65, 'MIS-13-4', 13, NULL, 0, 39, 14, 1, 'Setup project & boilerplate', NULL, '2026-05-14 08:00:00', '2026-05-15 17:00:00', '2026-05-14 08:00:00', '2026-05-15 17:00:00', NULL, 180, 125, 180, 270, 0, 94, 3, 15, NULL, '2026-05-14 08:00:00', '2026-05-14 08:00:00', NULL),
(66, 'MIS-13-5', 13, NULL, 0, 39, 12, 3, 'Deployment & monitoring setup', NULL, '2026-05-15 08:00:00', '2026-05-15 17:00:00', '2026-05-15 08:00:00', '2026-05-15 17:00:00', NULL, 300, 210, 300, 450, 0, 0, 4, 15, NULL, '2026-05-15 08:00:00', '2026-05-15 08:00:00', NULL),
(67, 'MIS-14-1', 14, NULL, 0, 41, 15, 2, 'Analisis kebutuhan & dokumentasi', NULL, '2026-04-27 08:00:00', '2026-04-28 17:00:00', '2026-04-27 08:00:00', '2026-04-28 17:00:00', '2026-04-28 15:09:00', 360, 251, 360, 540, 524, 100, 0, 11, 11, '2026-04-27 08:00:00', '2026-04-28 15:09:00', NULL),
(68, 'MIS-14-2', 14, NULL, 0, 41, 15, 3, 'Code review & refactoring', NULL, '2026-04-28 08:00:00', '2026-04-30 17:00:00', '2026-04-28 08:00:00', '2026-04-30 17:00:00', '2026-04-30 15:22:00', 360, 251, 360, 540, 455, 100, 1, 11, 11, '2026-04-28 08:00:00', '2026-04-30 15:22:00', NULL),
(69, 'MIS-14-3', 14, NULL, 0, 42, 15, 4, 'Setup project & boilerplate', NULL, '2026-05-06 08:00:00', '2026-05-07 17:00:00', '2026-05-06 08:00:00', '2026-05-07 17:00:00', '2026-05-07 15:48:00', 120, 84, 120, 180, 129, 100, 2, 11, 11, '2026-05-06 08:00:00', '2026-05-07 15:48:00', NULL),
(70, 'MIS-14-4', 14, NULL, 0, 43, 14, 1, 'Deployment & monitoring setup', NULL, '2026-05-14 08:00:00', '2026-05-15 17:00:00', '2026-05-14 08:00:00', '2026-05-15 17:00:00', NULL, 180, 125, 180, 270, 0, 88, 3, 15, NULL, '2026-05-14 08:00:00', '2026-05-14 08:00:00', NULL),
(71, 'MIS-14-5', 14, NULL, 0, 43, 14, 3, 'Unit testing & integration test', NULL, '2026-05-15 08:00:00', '2026-05-15 17:00:00', '2026-05-15 08:00:00', '2026-05-15 17:00:00', NULL, 240, 168, 240, 360, 0, 83, 4, 15, NULL, '2026-05-15 08:00:00', '2026-05-15 08:00:00', NULL),
(72, 'MIS-14-6', 14, NULL, 0, 44, 11, 4, 'Integrasi external service', NULL, '2026-05-18 08:00:00', '2026-05-20 17:00:00', '2026-05-18 08:00:00', '2026-05-20 17:00:00', NULL, 120, 84, 120, 180, 0, 0, 5, 16, NULL, '2026-05-18 08:00:00', '2026-05-18 08:00:00', NULL),
(73, 'MIS-15-1', 15, NULL, 0, 45, 15, 1, 'UAT preparation & support', NULL, '2026-04-27 08:00:00', '2026-04-29 17:00:00', '2026-04-27 08:00:00', '2026-04-29 17:00:00', '2026-04-29 15:09:00', 240, 168, 240, 360, 288, 100, 0, 16, 16, '2026-04-27 08:00:00', '2026-04-29 15:09:00', NULL),
(74, 'MIS-15-2', 15, NULL, 0, 45, 15, 3, 'Deployment & monitoring setup', NULL, '2026-04-28 08:00:00', '2026-04-30 17:00:00', '2026-04-28 08:00:00', '2026-04-30 17:00:00', '2026-04-30 16:06:00', 300, 210, 300, 450, 236, 100, 1, 14, 14, '2026-04-28 08:00:00', '2026-04-30 16:06:00', NULL),
(75, 'MIS-15-3', 15, NULL, 0, 46, 15, 3, 'Dokumentasi teknis & user guide', NULL, '2026-05-06 08:00:00', '2026-05-07 17:00:00', '2026-05-06 08:00:00', '2026-05-07 17:00:00', '2026-05-07 16:14:00', 120, 84, 120, 180, 84, 100, 2, 14, 14, '2026-05-06 08:00:00', '2026-05-07 16:14:00', NULL),
(76, 'MIS-15-4', 15, NULL, 0, 47, 13, 1, 'Code review & refactoring', NULL, '2026-05-14 08:00:00', '2026-05-15 17:00:00', '2026-05-14 08:00:00', '2026-05-15 17:00:00', NULL, 360, 251, 360, 540, 275, 22, 3, 16, NULL, '2026-05-14 08:00:00', '2026-05-14 08:00:00', NULL),
(77, 'MIS-16-1', 16, NULL, 0, 49, 15, 1, 'Unit testing & integration test', NULL, '2026-04-27 08:00:00', '2026-04-29 17:00:00', '2026-04-27 08:00:00', '2026-04-29 17:00:00', '2026-04-29 14:42:00', 300, 210, 300, 450, 364, 100, 0, 15, 15, '2026-04-27 08:00:00', '2026-04-29 14:42:00', NULL),
(78, 'MIS-16-2', 16, NULL, 0, 49, 15, 4, 'Integrasi external service', NULL, '2026-04-28 08:00:00', '2026-04-29 17:00:00', '2026-04-28 08:00:00', '2026-04-29 17:00:00', '2026-04-29 16:43:00', 300, 210, 300, 450, 233, 100, 1, 15, 15, '2026-04-28 08:00:00', '2026-04-29 16:43:00', NULL),
(79, 'MIS-16-3', 16, NULL, 0, 50, 15, 3, 'Setup project & boilerplate', NULL, '2026-05-06 08:00:00', '2026-05-07 17:00:00', '2026-05-06 08:00:00', '2026-05-07 17:00:00', '2026-05-07 15:05:00', 180, 125, 180, 270, 182, 100, 2, 16, 16, '2026-05-06 08:00:00', '2026-05-07 15:05:00', NULL),
(80, 'MIS-16-4', 16, NULL, 0, 51, 13, 2, 'Analisis kebutuhan & dokumentasi', NULL, '2026-05-14 08:00:00', '2026-05-15 17:00:00', '2026-05-14 08:00:00', '2026-05-15 17:00:00', NULL, 300, 210, 300, 450, 161, 24, 3, 12, NULL, '2026-05-14 08:00:00', '2026-05-14 08:00:00', NULL),
(81, 'MIS-17-1', 17, NULL, 0, 53, 15, 2, 'Analisis kebutuhan & dokumentasi', NULL, '2026-04-27 08:00:00', '2026-04-28 17:00:00', '2026-04-27 08:00:00', '2026-04-28 17:00:00', '2026-04-28 16:27:00', 300, 210, 300, 450, 285, 100, 0, 11, 11, '2026-04-27 08:00:00', '2026-04-28 16:27:00', NULL),
(82, 'MIS-17-2', 17, NULL, 0, 53, 15, 4, 'Dokumentasi teknis & user guide', NULL, '2026-04-28 08:00:00', '2026-04-29 17:00:00', '2026-04-28 08:00:00', '2026-04-29 17:00:00', '2026-04-29 15:54:00', 120, 84, 120, 180, 90, 100, 1, 16, 16, '2026-04-28 08:00:00', '2026-04-29 15:54:00', NULL),
(83, 'MIS-17-3', 17, NULL, 0, 54, 14, 2, 'UAT preparation & support', NULL, '2026-05-06 08:00:00', '2026-05-08 17:00:00', '2026-05-06 08:00:00', '2026-05-08 17:00:00', NULL, 480, 336, 480, 720, 0, 90, 2, 15, NULL, '2026-05-06 08:00:00', '2026-05-06 08:00:00', NULL),
(84, 'MIS-17-4', 17, NULL, 0, 55, 14, 3, 'Deployment & monitoring setup', NULL, '2026-05-14 08:00:00', '2026-05-15 17:00:00', '2026-05-14 08:00:00', '2026-05-15 17:00:00', NULL, 360, 251, 360, 540, 0, 85, 3, 15, NULL, '2026-05-14 08:00:00', '2026-05-14 08:00:00', NULL),
(85, 'MIS-18-1', 18, NULL, 0, 57, 15, 4, 'Desain database schema & ERD', NULL, '2026-04-27 08:00:00', '2026-04-29 17:00:00', '2026-04-27 08:00:00', '2026-04-29 17:00:00', '2026-04-29 16:57:00', 240, 168, 240, 360, 256, 100, 0, 12, 12, '2026-04-27 08:00:00', '2026-04-29 16:57:00', NULL),
(86, 'MIS-18-2', 18, NULL, 0, 57, 15, 3, 'Pengembangan UI komponen', NULL, '2026-04-28 08:00:00', '2026-04-29 17:00:00', '2026-04-28 08:00:00', '2026-04-29 17:00:00', '2026-04-29 15:07:00', 480, 336, 480, 720, 503, 100, 1, 13, 13, '2026-04-28 08:00:00', '2026-04-29 15:07:00', NULL),
(87, 'MIS-18-3', 18, NULL, 0, 58, 15, 4, 'Code review & refactoring', NULL, '2026-05-06 08:00:00', '2026-05-08 17:00:00', '2026-05-06 08:00:00', '2026-05-08 17:00:00', '2026-05-08 15:03:00', 480, 336, 480, 720, 703, 100, 2, 13, 13, '2026-05-06 08:00:00', '2026-05-08 15:03:00', NULL),
(88, 'MIS-18-4', 18, NULL, 0, 59, 13, 2, 'UAT preparation & support', NULL, '2026-05-14 08:00:00', '2026-05-15 17:00:00', '2026-05-14 08:00:00', '2026-05-15 17:00:00', NULL, 300, 210, 300, 450, 76, 36, 3, 14, NULL, '2026-05-14 08:00:00', '2026-05-14 08:00:00', NULL),
(89, 'MIS-18-5', 18, NULL, 0, 59, 13, 3, 'Bug fixing & optimization', NULL, '2026-05-15 08:00:00', '2026-05-15 17:00:00', '2026-05-15 08:00:00', '2026-05-15 17:00:00', NULL, 480, 336, 480, 720, 387, 68, 4, 13, NULL, '2026-05-15 08:00:00', '2026-05-15 08:00:00', NULL),
(90, 'MIS-18-6', 18, NULL, 0, 60, 11, 2, 'Unit testing & integration test', NULL, '2026-05-18 08:00:00', '2026-05-19 17:00:00', '2026-05-18 08:00:00', '2026-05-19 17:00:00', NULL, 180, 125, 180, 270, 0, 0, 5, 11, NULL, '2026-05-18 08:00:00', '2026-05-18 08:00:00', NULL),
(91, 'MIS-19-1', 19, NULL, 0, 61, 15, 2, 'Analisis kebutuhan & dokumentasi', NULL, '2026-04-27 08:00:00', '2026-04-29 17:00:00', '2026-04-27 08:00:00', '2026-04-29 17:00:00', '2026-04-29 16:13:00', 360, 251, 360, 540, 491, 100, 0, 12, 12, '2026-04-27 08:00:00', '2026-04-29 16:13:00', NULL),
(92, 'MIS-19-2', 19, NULL, 0, 61, 15, 3, 'Security audit & hardening', NULL, '2026-04-28 08:00:00', '2026-04-29 17:00:00', '2026-04-28 08:00:00', '2026-04-29 17:00:00', '2026-04-29 16:56:00', 240, 168, 240, 360, 266, 100, 1, 12, 12, '2026-04-28 08:00:00', '2026-04-29 16:56:00', NULL),
(93, 'MIS-19-3', 19, NULL, 0, 62, 14, 2, 'UAT preparation & support', NULL, '2026-05-06 08:00:00', '2026-05-07 17:00:00', '2026-05-06 08:00:00', '2026-05-07 17:00:00', NULL, 480, 336, 480, 720, 0, 87, 2, 11, NULL, '2026-05-06 08:00:00', '2026-05-06 08:00:00', NULL),
(94, 'MIS-19-4', 19, NULL, 0, 63, 13, 3, 'Setup project & boilerplate', NULL, '2026-05-14 08:00:00', '2026-05-15 17:00:00', '2026-05-14 08:00:00', '2026-05-15 17:00:00', NULL, 300, 210, 300, 450, 117, 52, 3, 15, NULL, '2026-05-14 08:00:00', '2026-05-14 08:00:00', NULL),
(95, 'MIS-20-1', 20, NULL, 0, 65, 15, 4, 'Bug fixing & optimization', NULL, '2026-04-27 08:00:00', '2026-04-29 17:00:00', '2026-04-27 08:00:00', '2026-04-29 17:00:00', '2026-04-29 15:07:00', 300, 210, 300, 450, 332, 100, 0, 16, 16, '2026-04-27 08:00:00', '2026-04-29 15:07:00', NULL),
(96, 'MIS-20-2', 20, NULL, 0, 65, 15, 2, 'Implementasi API endpoint', NULL, '2026-04-28 08:00:00', '2026-04-30 17:00:00', '2026-04-28 08:00:00', '2026-04-30 17:00:00', '2026-04-30 14:26:00', 120, 84, 120, 180, 155, 100, 1, 15, 15, '2026-04-28 08:00:00', '2026-04-30 14:26:00', NULL),
(97, 'MIS-20-3', 20, NULL, 0, 66, 14, 2, 'UAT preparation & support', NULL, '2026-05-06 08:00:00', '2026-05-08 17:00:00', '2026-05-06 08:00:00', '2026-05-08 17:00:00', NULL, 240, 168, 240, 360, 0, 88, 2, 16, NULL, '2026-05-06 08:00:00', '2026-05-06 08:00:00', NULL),
(98, 'MIS-20-4', 20, NULL, 0, 67, 13, 3, 'Integrasi external service', NULL, '2026-05-14 08:00:00', '2026-05-15 17:00:00', '2026-05-14 08:00:00', '2026-05-15 17:00:00', NULL, 360, 251, 360, 540, 235, 54, 3, 13, NULL, '2026-05-14 08:00:00', '2026-05-14 08:00:00', NULL),
(99, 'MIS-20-5', 20, NULL, 0, 67, 13, 4, 'Performance testing & tuning', NULL, '2026-05-15 08:00:00', '2026-05-15 17:00:00', '2026-05-15 08:00:00', '2026-05-15 17:00:00', NULL, 180, 125, 180, 270, 143, 70, 4, 12, NULL, '2026-05-15 08:00:00', '2026-05-15 08:00:00', NULL),
(100, 'MIS-20-6', 20, NULL, 0, 68, 11, 2, 'Dokumentasi teknis & user guide', NULL, '2026-05-18 08:00:00', '2026-05-19 17:00:00', '2026-05-18 08:00:00', '2026-05-19 17:00:00', NULL, 360, 251, 360, 540, 0, 0, 5, 11, NULL, '2026-05-18 08:00:00', '2026-05-18 08:00:00', NULL),
(101, 'MIS-21-1', 21, NULL, 0, 69, 15, 3, 'Dokumentasi teknis & user guide', NULL, '2026-04-27 08:00:00', '2026-04-29 17:00:00', '2026-04-27 08:00:00', '2026-04-29 17:00:00', '2026-04-29 16:59:00', 480, 336, 480, 720, 385, 100, 0, 16, 16, '2026-04-27 08:00:00', '2026-04-29 16:59:00', NULL),
(102, 'MIS-21-2', 21, NULL, 0, 69, 15, 3, 'Setup project & boilerplate', NULL, '2026-04-28 08:00:00', '2026-04-29 17:00:00', '2026-04-28 08:00:00', '2026-04-29 17:00:00', '2026-04-29 14:25:00', 480, 336, 480, 720, 484, 100, 1, 16, 16, '2026-04-28 08:00:00', '2026-04-29 14:25:00', NULL),
(103, 'MIS-21-3', 21, NULL, 0, 70, 14, 1, 'UAT preparation & support', NULL, '2026-05-06 08:00:00', '2026-05-08 17:00:00', '2026-05-06 08:00:00', '2026-05-08 17:00:00', NULL, 300, 210, 300, 450, 0, 89, 2, 15, NULL, '2026-05-06 08:00:00', '2026-05-06 08:00:00', NULL),
(104, 'MIS-21-4', 21, NULL, 0, 71, 12, 3, 'Performance testing & tuning', NULL, '2026-05-14 08:00:00', '2026-05-15 17:00:00', '2026-05-14 08:00:00', '2026-05-15 17:00:00', NULL, 240, 168, 240, 360, 0, 0, 3, 16, NULL, '2026-05-14 08:00:00', '2026-05-14 08:00:00', NULL),
(105, 'MIS-21-5', 21, NULL, 0, 71, 12, 3, 'Pengembangan UI komponen', NULL, '2026-05-15 08:00:00', '2026-05-15 17:00:00', '2026-05-15 08:00:00', '2026-05-15 17:00:00', NULL, 480, 336, 480, 720, 0, 0, 4, 13, NULL, '2026-05-15 08:00:00', '2026-05-15 08:00:00', NULL),
(106, 'MIS-21-6', 21, NULL, 0, 72, 12, 3, 'Desain database schema & ERD', NULL, '2026-05-18 08:00:00', '2026-05-19 17:00:00', '2026-05-18 08:00:00', '2026-05-19 17:00:00', NULL, 300, 210, 300, 450, 0, 0, 5, 11, NULL, '2026-05-18 08:00:00', '2026-05-18 08:00:00', NULL),
(107, 'MIS-22-1', 22, NULL, 0, 73, 15, 4, 'Security audit & hardening', NULL, '2026-04-27 08:00:00', '2026-04-29 17:00:00', '2026-04-27 08:00:00', '2026-04-29 17:00:00', '2026-04-29 14:36:00', 300, 210, 300, 450, 437, 100, 0, 14, 14, '2026-04-27 08:00:00', '2026-04-29 14:36:00', NULL),
(108, 'MIS-22-2', 22, NULL, 0, 73, 15, 1, 'Setup project & boilerplate', NULL, '2026-04-28 08:00:00', '2026-04-29 17:00:00', '2026-04-28 08:00:00', '2026-04-29 17:00:00', '2026-04-29 14:24:00', 180, 125, 180, 270, 268, 100, 1, 13, 13, '2026-04-28 08:00:00', '2026-04-29 14:24:00', NULL),
(109, 'MIS-22-3', 22, NULL, 0, 74, 15, 1, 'Analisis kebutuhan & dokumentasi', NULL, '2026-05-06 08:00:00', '2026-05-07 17:00:00', '2026-05-06 08:00:00', '2026-05-07 17:00:00', '2026-05-07 16:09:00', 360, 251, 360, 540, 435, 100, 2, 15, 15, '2026-05-06 08:00:00', '2026-05-07 16:09:00', NULL),
(110, 'MIS-22-4', 22, NULL, 0, 75, 13, 2, 'Performance testing & tuning', NULL, '2026-05-14 08:00:00', '2026-05-15 17:00:00', '2026-05-14 08:00:00', '2026-05-15 17:00:00', NULL, 360, 251, 360, 540, 262, 51, 3, 14, NULL, '2026-05-14 08:00:00', '2026-05-14 08:00:00', NULL),
(111, 'MIS-23-1', 23, NULL, 0, 77, 15, 4, 'Pengembangan UI komponen', NULL, '2026-04-27 08:00:00', '2026-04-29 17:00:00', '2026-04-27 08:00:00', '2026-04-29 17:00:00', '2026-04-29 14:36:00', 480, 336, 480, 720, 601, 100, 0, 15, 15, '2026-04-27 08:00:00', '2026-04-29 14:36:00', NULL),
(112, 'MIS-23-2', 23, NULL, 0, 77, 15, 1, 'Code review & refactoring', NULL, '2026-04-28 08:00:00', '2026-04-29 17:00:00', '2026-04-28 08:00:00', '2026-04-29 17:00:00', '2026-04-29 15:39:00', 240, 168, 240, 360, 180, 100, 1, 13, 13, '2026-04-28 08:00:00', '2026-04-29 15:39:00', NULL),
(113, 'MIS-23-3', 23, NULL, 0, 78, 15, 4, 'Setup project & boilerplate', NULL, '2026-05-06 08:00:00', '2026-05-07 17:00:00', '2026-05-06 08:00:00', '2026-05-07 17:00:00', '2026-05-07 15:28:00', 120, 84, 120, 180, 112, 100, 2, 14, 14, '2026-05-06 08:00:00', '2026-05-07 15:28:00', NULL),
(114, 'MIS-23-4', 23, NULL, 0, 79, 14, 3, 'Implementasi API endpoint', NULL, '2026-05-14 08:00:00', '2026-05-15 17:00:00', '2026-05-14 08:00:00', '2026-05-15 17:00:00', NULL, 180, 125, 180, 270, 0, 86, 3, 13, NULL, '2026-05-14 08:00:00', '2026-05-14 08:00:00', NULL),
(115, 'MIS-23-5', 23, NULL, 0, 79, 13, 2, 'Security audit & hardening', NULL, '2026-05-15 08:00:00', '2026-05-15 17:00:00', '2026-05-15 08:00:00', '2026-05-15 17:00:00', NULL, 360, 251, 360, 540, 291, 65, 4, 13, NULL, '2026-05-15 08:00:00', '2026-05-15 08:00:00', NULL),
(116, 'MIS-23-6', 23, NULL, 0, 80, 12, 2, 'Bug fixing & optimization', NULL, '2026-05-18 08:00:00', '2026-05-20 17:00:00', '2026-05-18 08:00:00', '2026-05-20 17:00:00', NULL, 360, 251, 360, 540, 0, 0, 5, 14, NULL, '2026-05-18 08:00:00', '2026-05-18 08:00:00', NULL),
(117, 'MIS-24-1', 24, NULL, 0, 81, 20, 3, 'Unit testing & integration test', NULL, '2026-04-27 08:00:00', '2026-04-29 17:00:00', '2026-04-27 08:00:00', '2026-04-29 17:00:00', '2026-04-29 15:39:00', 480, 336, 480, 720, 475, 100, 0, 19, 19, '2026-04-27 08:00:00', '2026-04-29 15:39:00', NULL),
(118, 'MIS-24-2', 24, NULL, 0, 81, 20, 3, 'Code review & refactoring', NULL, '2026-04-28 08:00:00', '2026-04-30 17:00:00', '2026-04-28 08:00:00', '2026-04-30 17:00:00', '2026-04-30 15:25:00', 120, 84, 120, 180, 136, 100, 1, 18, 18, '2026-04-28 08:00:00', '2026-04-30 15:25:00', NULL),
(119, 'MIS-24-3', 24, NULL, 0, 82, 20, 3, 'Dokumentasi teknis & user guide', NULL, '2026-05-06 08:00:00', '2026-05-07 17:00:00', '2026-05-06 08:00:00', '2026-05-07 17:00:00', '2026-05-07 15:39:00', 480, 336, 480, 720, 407, 100, 2, 8, 8, '2026-05-06 08:00:00', '2026-05-07 15:39:00', NULL),
(120, 'MIS-24-4', 24, NULL, 0, 83, 17, 3, 'Integrasi external service', NULL, '2026-05-14 08:00:00', '2026-05-15 17:00:00', '2026-05-14 08:00:00', '2026-05-15 17:00:00', NULL, 300, 210, 300, 450, 0, 0, 3, 19, NULL, '2026-05-14 08:00:00', '2026-05-14 08:00:00', NULL),
(121, 'MIS-24-5', 24, NULL, 0, 83, 18, 1, 'Deployment & monitoring setup', NULL, '2026-05-15 08:00:00', '2026-05-15 17:00:00', '2026-05-15 08:00:00', '2026-05-15 17:00:00', NULL, 180, 125, 180, 270, 172, 55, 4, 20, NULL, '2026-05-15 08:00:00', '2026-05-15 08:00:00', NULL),
(122, 'MIS-24-6', 24, NULL, 0, 84, 16, 2, 'Pengembangan UI komponen', NULL, '2026-05-18 08:00:00', '2026-05-19 17:00:00', '2026-05-18 08:00:00', '2026-05-19 17:00:00', NULL, 180, 125, 180, 270, 0, 0, 5, 18, NULL, '2026-05-18 08:00:00', '2026-05-18 08:00:00', NULL),
(123, 'MIS-25-1', 25, NULL, 0, 85, 20, 4, 'Dokumentasi teknis & user guide', NULL, '2026-04-27 08:00:00', '2026-04-28 17:00:00', '2026-04-27 08:00:00', '2026-04-28 17:00:00', '2026-04-28 16:33:00', 120, 84, 120, 180, 128, 100, 0, 17, 17, '2026-04-27 08:00:00', '2026-04-28 16:33:00', NULL),
(124, 'MIS-25-2', 25, NULL, 0, 85, 20, 1, 'Analisis kebutuhan & dokumentasi', NULL, '2026-04-28 08:00:00', '2026-04-30 17:00:00', '2026-04-28 08:00:00', '2026-04-30 17:00:00', '2026-04-30 16:30:00', 480, 336, 480, 720, 688, 100, 1, 21, 21, '2026-04-28 08:00:00', '2026-04-30 16:30:00', NULL),
(125, 'MIS-25-3', 25, NULL, 0, 86, 20, 4, 'UAT preparation & support', NULL, '2026-05-06 08:00:00', '2026-05-08 17:00:00', '2026-05-06 08:00:00', '2026-05-08 17:00:00', '2026-05-08 16:34:00', 360, 251, 360, 540, 317, 100, 2, 8, 8, '2026-05-06 08:00:00', '2026-05-08 16:34:00', NULL),
(126, 'MIS-25-4', 25, NULL, 0, 87, 19, 1, 'Setup project & boilerplate', NULL, '2026-05-14 08:00:00', '2026-05-15 17:00:00', '2026-05-14 08:00:00', '2026-05-15 17:00:00', NULL, 360, 251, 360, 540, 0, 86, 3, 17, NULL, '2026-05-14 08:00:00', '2026-05-14 08:00:00', NULL),
(127, 'MIS-26-1', 26, NULL, 0, 89, 20, 4, 'Security audit & hardening', NULL, '2026-04-27 08:00:00', '2026-04-29 17:00:00', '2026-04-27 08:00:00', '2026-04-29 17:00:00', '2026-04-29 16:38:00', 180, 125, 180, 270, 258, 100, 0, 19, 19, '2026-04-27 08:00:00', '2026-04-29 16:38:00', NULL),
(128, 'MIS-26-2', 26, NULL, 0, 89, 20, 1, 'Setup project & boilerplate', NULL, '2026-04-28 08:00:00', '2026-04-30 17:00:00', '2026-04-28 08:00:00', '2026-04-30 17:00:00', '2026-04-30 16:51:00', 300, 210, 300, 450, 210, 100, 1, 19, 19, '2026-04-28 08:00:00', '2026-04-30 16:51:00', NULL),
(129, 'MIS-26-3', 26, NULL, 0, 90, 20, 2, 'Integrasi external service', NULL, '2026-05-06 08:00:00', '2026-05-07 17:00:00', '2026-05-06 08:00:00', '2026-05-07 17:00:00', '2026-05-07 16:01:00', 120, 84, 120, 180, 136, 100, 2, 21, 21, '2026-05-06 08:00:00', '2026-05-07 16:01:00', NULL),
(130, 'MIS-26-4', 26, NULL, 0, 91, 17, 2, 'UAT preparation & support', NULL, '2026-05-14 08:00:00', '2026-05-15 17:00:00', '2026-05-14 08:00:00', '2026-05-15 17:00:00', NULL, 180, 125, 180, 270, 0, 0, 3, 21, NULL, '2026-05-14 08:00:00', '2026-05-14 08:00:00', NULL);


-- ------------------------------------------------------------
--  Table: `subtask_assignees` (130 rows)
-- ------------------------------------------------------------
TRUNCATE TABLE `subtask_assignees`;
INSERT INTO `subtask_assignees` (`id`, `subtask_id`, `user_id`, `assigned_by`) VALUES
(1, 1, 6, 1),
(2, 2, 3, 1),
(3, 3, 4, 1),
(4, 4, 5, 1),
(5, 5, 6, 1),
(6, 6, 5, 1),
(7, 7, 6, 1),
(8, 8, 4, 1),
(9, 9, 3, 1),
(10, 10, 5, 1),
(11, 11, 5, 1),
(12, 12, 6, 1),
(13, 13, 4, 1),
(14, 14, 5, 1),
(15, 15, 6, 1),
(16, 16, 4, 1),
(17, 17, 6, 1),
(18, 18, 5, 1),
(19, 19, 5, 1),
(20, 20, 4, 1),
(21, 21, 3, 1),
(22, 22, 3, 1),
(23, 23, 4, 1),
(24, 24, 6, 1),
(25, 25, 5, 1),
(26, 26, 6, 1),
(27, 27, 9, 1),
(28, 28, 10, 1),
(29, 29, 8, 1),
(30, 30, 10, 1),
(31, 31, 7, 1),
(32, 32, 10, 1),
(33, 33, 9, 1),
(34, 34, 8, 1),
(35, 35, 7, 1),
(36, 36, 7, 1),
(37, 37, 8, 1),
(38, 38, 8, 1),
(39, 39, 10, 1),
(40, 40, 8, 1),
(41, 41, 10, 1),
(42, 42, 8, 1),
(43, 43, 9, 1),
(44, 44, 7, 1),
(45, 45, 9, 1),
(46, 46, 8, 1),
(47, 47, 7, 1),
(48, 48, 8, 1),
(49, 49, 7, 1),
(50, 50, 9, 1),
(51, 51, 7, 1),
(52, 52, 9, 1),
(53, 53, 7, 1),
(54, 54, 10, 1),
(55, 55, 7, 1),
(56, 56, 15, 1),
(57, 57, 11, 1),
(58, 58, 16, 1),
(59, 59, 16, 1),
(60, 60, 15, 1),
(61, 61, 15, 1),
(62, 62, 14, 1),
(63, 63, 13, 1),
(64, 64, 14, 1),
(65, 65, 15, 1),
(66, 66, 15, 1),
(67, 67, 11, 1),
(68, 68, 11, 1),
(69, 69, 11, 1),
(70, 70, 15, 1),
(71, 71, 15, 1),
(72, 72, 16, 1),
(73, 73, 16, 1),
(74, 74, 14, 1),
(75, 75, 14, 1),
(76, 76, 16, 1),
(77, 77, 15, 1),
(78, 78, 15, 1),
(79, 79, 16, 1),
(80, 80, 12, 1),
(81, 81, 11, 1),
(82, 82, 16, 1),
(83, 83, 15, 1),
(84, 84, 15, 1),
(85, 85, 12, 1),
(86, 86, 13, 1),
(87, 87, 13, 1),
(88, 88, 14, 1),
(89, 89, 13, 1),
(90, 90, 11, 1),
(91, 91, 12, 1),
(92, 92, 12, 1),
(93, 93, 11, 1),
(94, 94, 15, 1),
(95, 95, 16, 1),
(96, 96, 15, 1),
(97, 97, 16, 1),
(98, 98, 13, 1),
(99, 99, 12, 1),
(100, 100, 11, 1),
(101, 101, 16, 1),
(102, 102, 16, 1),
(103, 103, 15, 1),
(104, 104, 16, 1),
(105, 105, 13, 1),
(106, 106, 11, 1),
(107, 107, 14, 1),
(108, 108, 13, 1),
(109, 109, 15, 1),
(110, 110, 14, 1),
(111, 111, 15, 1),
(112, 112, 13, 1),
(113, 113, 14, 1),
(114, 114, 13, 1),
(115, 115, 13, 1),
(116, 116, 14, 1),
(117, 117, 19, 1),
(118, 118, 18, 1),
(119, 119, 8, 1),
(120, 120, 19, 1),
(121, 121, 20, 1),
(122, 122, 18, 1),
(123, 123, 17, 1),
(124, 124, 21, 1),
(125, 125, 8, 1),
(126, 126, 17, 1),
(127, 127, 19, 1),
(128, 128, 19, 1),
(129, 129, 21, 1),
(130, 130, 21, 1);


-- ------------------------------------------------------------
--  Table: `subtask_labels` (130 rows)
-- ------------------------------------------------------------
TRUNCATE TABLE `subtask_labels`;
INSERT INTO `subtask_labels` (`id`, `subtask_id`, `label_id`, `created_at`, `updated_at`) VALUES
(1, 1, 2, '2026-04-27 08:00:00', '2026-04-27 08:00:00'),
(2, 2, 2, '2026-04-28 08:00:00', '2026-04-28 08:00:00'),
(3, 3, 10, '2026-05-06 08:00:00', '2026-05-06 08:00:00'),
(4, 4, 2, '2026-05-14 08:00:00', '2026-05-14 08:00:00'),
(5, 5, 2, '2026-05-15 08:00:00', '2026-05-15 08:00:00'),
(6, 6, 10, '2026-05-18 08:00:00', '2026-05-18 08:00:00'),
(7, 7, 2, '2026-04-27 08:00:00', '2026-04-27 08:00:00'),
(8, 8, 2, '2026-04-28 08:00:00', '2026-04-28 08:00:00'),
(9, 9, 2, '2026-05-06 08:00:00', '2026-05-06 08:00:00'),
(10, 10, 2, '2026-05-14 08:00:00', '2026-05-14 08:00:00'),
(11, 11, 2, '2026-05-15 08:00:00', '2026-05-15 08:00:00'),
(12, 12, 7, '2026-04-27 08:00:00', '2026-04-27 08:00:00'),
(13, 13, 2, '2026-04-28 08:00:00', '2026-04-28 08:00:00'),
(14, 14, 2, '2026-05-06 08:00:00', '2026-05-06 08:00:00'),
(15, 15, 7, '2026-05-14 08:00:00', '2026-05-14 08:00:00'),
(16, 16, 7, '2026-05-15 08:00:00', '2026-05-15 08:00:00'),
(17, 17, 7, '2026-05-18 08:00:00', '2026-05-18 08:00:00'),
(18, 18, 2, '2026-04-27 08:00:00', '2026-04-27 08:00:00'),
(19, 19, 9, '2026-04-28 08:00:00', '2026-04-28 08:00:00'),
(20, 20, 9, '2026-05-06 08:00:00', '2026-05-06 08:00:00'),
(21, 21, 9, '2026-05-14 08:00:00', '2026-05-14 08:00:00'),
(22, 22, 2, '2026-05-15 08:00:00', '2026-05-15 08:00:00'),
(23, 23, 2, '2026-04-27 08:00:00', '2026-04-27 08:00:00'),
(24, 24, 2, '2026-04-28 08:00:00', '2026-04-28 08:00:00'),
(25, 25, 2, '2026-05-06 08:00:00', '2026-05-06 08:00:00'),
(26, 26, 2, '2026-05-14 08:00:00', '2026-05-14 08:00:00'),
(27, 27, 9, '2026-04-27 08:00:00', '2026-04-27 08:00:00'),
(28, 28, 2, '2026-04-28 08:00:00', '2026-04-28 08:00:00'),
(29, 29, 9, '2026-05-06 08:00:00', '2026-05-06 08:00:00'),
(30, 30, 9, '2026-05-14 08:00:00', '2026-05-14 08:00:00'),
(31, 31, 2, '2026-05-15 08:00:00', '2026-05-15 08:00:00'),
(32, 32, 5, '2026-04-27 08:00:00', '2026-04-27 08:00:00'),
(33, 33, 5, '2026-04-28 08:00:00', '2026-04-28 08:00:00'),
(34, 34, 5, '2026-05-06 08:00:00', '2026-05-06 08:00:00'),
(35, 35, 2, '2026-05-14 08:00:00', '2026-05-14 08:00:00'),
(36, 36, 2, '2026-04-27 08:00:00', '2026-04-27 08:00:00'),
(37, 37, 2, '2026-04-28 08:00:00', '2026-04-28 08:00:00'),
(38, 38, 2, '2026-05-06 08:00:00', '2026-05-06 08:00:00'),
(39, 39, 2, '2026-05-14 08:00:00', '2026-05-14 08:00:00'),
(40, 40, 2, '2026-05-15 08:00:00', '2026-05-15 08:00:00'),
(41, 41, 2, '2026-04-27 08:00:00', '2026-04-27 08:00:00'),
(42, 42, 10, '2026-04-28 08:00:00', '2026-04-28 08:00:00'),
(43, 43, 10, '2026-05-06 08:00:00', '2026-05-06 08:00:00'),
(44, 44, 10, '2026-05-14 08:00:00', '2026-05-14 08:00:00'),
(45, 45, 10, '2026-05-15 08:00:00', '2026-05-15 08:00:00'),
(46, 46, 10, '2026-05-18 08:00:00', '2026-05-18 08:00:00'),
(47, 47, 2, '2026-04-27 08:00:00', '2026-04-27 08:00:00'),
(48, 48, 2, '2026-04-28 08:00:00', '2026-04-28 08:00:00'),
(49, 49, 5, '2026-05-06 08:00:00', '2026-05-06 08:00:00'),
(50, 50, 5, '2026-05-14 08:00:00', '2026-05-14 08:00:00'),
(51, 51, 2, '2026-04-27 08:00:00', '2026-04-27 08:00:00'),
(52, 52, 2, '2026-04-28 08:00:00', '2026-04-28 08:00:00'),
(53, 53, 10, '2026-05-06 08:00:00', '2026-05-06 08:00:00'),
(54, 54, 10, '2026-05-14 08:00:00', '2026-05-14 08:00:00'),
(55, 55, 2, '2026-05-15 08:00:00', '2026-05-15 08:00:00'),
(56, 56, 5, '2026-04-27 08:00:00', '2026-04-27 08:00:00'),
(57, 57, 2, '2026-04-28 08:00:00', '2026-04-28 08:00:00'),
(58, 58, 2, '2026-05-06 08:00:00', '2026-05-06 08:00:00'),
(59, 59, 5, '2026-05-14 08:00:00', '2026-05-14 08:00:00'),
(60, 60, 2, '2026-05-15 08:00:00', '2026-05-15 08:00:00'),
(61, 61, 2, '2026-05-18 08:00:00', '2026-05-18 08:00:00'),
(62, 62, 2, '2026-04-27 08:00:00', '2026-04-27 08:00:00'),
(63, 63, 2, '2026-04-28 08:00:00', '2026-04-28 08:00:00'),
(64, 64, 2, '2026-05-06 08:00:00', '2026-05-06 08:00:00'),
(65, 65, 2, '2026-05-14 08:00:00', '2026-05-14 08:00:00'),
(66, 66, 2, '2026-05-15 08:00:00', '2026-05-15 08:00:00'),
(67, 67, 2, '2026-04-27 08:00:00', '2026-04-27 08:00:00'),
(68, 68, 2, '2026-04-28 08:00:00', '2026-04-28 08:00:00'),
(69, 69, 2, '2026-05-06 08:00:00', '2026-05-06 08:00:00'),
(70, 70, 2, '2026-05-14 08:00:00', '2026-05-14 08:00:00'),
(71, 71, 10, '2026-05-15 08:00:00', '2026-05-15 08:00:00'),
(72, 72, 10, '2026-05-18 08:00:00', '2026-05-18 08:00:00'),
(73, 73, 10, '2026-04-27 08:00:00', '2026-04-27 08:00:00'),
(74, 74, 10, '2026-04-28 08:00:00', '2026-04-28 08:00:00'),
(75, 75, 10, '2026-05-06 08:00:00', '2026-05-06 08:00:00'),
(76, 76, 10, '2026-05-14 08:00:00', '2026-05-14 08:00:00'),
(77, 77, 9, '2026-04-27 08:00:00', '2026-04-27 08:00:00'),
(78, 78, 2, '2026-04-28 08:00:00', '2026-04-28 08:00:00'),
(79, 79, 9, '2026-05-06 08:00:00', '2026-05-06 08:00:00'),
(80, 80, 9, '2026-05-14 08:00:00', '2026-05-14 08:00:00'),
(81, 81, 2, '2026-04-27 08:00:00', '2026-04-27 08:00:00'),
(82, 82, 5, '2026-04-28 08:00:00', '2026-04-28 08:00:00'),
(83, 83, 2, '2026-05-06 08:00:00', '2026-05-06 08:00:00'),
(84, 84, 5, '2026-05-14 08:00:00', '2026-05-14 08:00:00'),
(85, 85, 2, '2026-04-27 08:00:00', '2026-04-27 08:00:00'),
(86, 86, 2, '2026-04-28 08:00:00', '2026-04-28 08:00:00'),
(87, 87, 2, '2026-05-06 08:00:00', '2026-05-06 08:00:00'),
(88, 88, 2, '2026-05-14 08:00:00', '2026-05-14 08:00:00'),
(89, 89, 2, '2026-05-15 08:00:00', '2026-05-15 08:00:00'),
(90, 90, 2, '2026-05-18 08:00:00', '2026-05-18 08:00:00'),
(91, 91, 5, '2026-04-27 08:00:00', '2026-04-27 08:00:00'),
(92, 92, 5, '2026-04-28 08:00:00', '2026-04-28 08:00:00'),
(93, 93, 2, '2026-05-06 08:00:00', '2026-05-06 08:00:00'),
(94, 94, 2, '2026-05-14 08:00:00', '2026-05-14 08:00:00'),
(95, 95, 2, '2026-04-27 08:00:00', '2026-04-27 08:00:00'),
(96, 96, 10, '2026-04-28 08:00:00', '2026-04-28 08:00:00'),
(97, 97, 2, '2026-05-06 08:00:00', '2026-05-06 08:00:00'),
(98, 98, 2, '2026-05-14 08:00:00', '2026-05-14 08:00:00'),
(99, 99, 2, '2026-05-15 08:00:00', '2026-05-15 08:00:00'),
(100, 100, 10, '2026-05-18 08:00:00', '2026-05-18 08:00:00'),
(101, 101, 3, '2026-04-27 08:00:00', '2026-04-27 08:00:00'),
(102, 102, 2, '2026-04-28 08:00:00', '2026-04-28 08:00:00'),
(103, 103, 2, '2026-05-06 08:00:00', '2026-05-06 08:00:00'),
(104, 104, 3, '2026-05-14 08:00:00', '2026-05-14 08:00:00'),
(105, 105, 3, '2026-05-15 08:00:00', '2026-05-15 08:00:00'),
(106, 106, 2, '2026-05-18 08:00:00', '2026-05-18 08:00:00'),
(107, 107, 2, '2026-04-27 08:00:00', '2026-04-27 08:00:00'),
(108, 108, 2, '2026-04-28 08:00:00', '2026-04-28 08:00:00'),
(109, 109, 5, '2026-05-06 08:00:00', '2026-05-06 08:00:00'),
(110, 110, 2, '2026-05-14 08:00:00', '2026-05-14 08:00:00'),
(111, 111, 2, '2026-04-27 08:00:00', '2026-04-27 08:00:00'),
(112, 112, 2, '2026-04-28 08:00:00', '2026-04-28 08:00:00'),
(113, 113, 2, '2026-05-06 08:00:00', '2026-05-06 08:00:00'),
(114, 114, 2, '2026-05-14 08:00:00', '2026-05-14 08:00:00'),
(115, 115, 2, '2026-05-15 08:00:00', '2026-05-15 08:00:00'),
(116, 116, 2, '2026-05-18 08:00:00', '2026-05-18 08:00:00'),
(117, 117, 10, '2026-04-27 08:00:00', '2026-04-27 08:00:00'),
(118, 118, 10, '2026-04-28 08:00:00', '2026-04-28 08:00:00'),
(119, 119, 10, '2026-05-06 08:00:00', '2026-05-06 08:00:00'),
(120, 120, 2, '2026-05-14 08:00:00', '2026-05-14 08:00:00'),
(121, 121, 2, '2026-05-15 08:00:00', '2026-05-15 08:00:00'),
(122, 122, 2, '2026-05-18 08:00:00', '2026-05-18 08:00:00'),
(123, 123, 8, '2026-04-27 08:00:00', '2026-04-27 08:00:00'),
(124, 124, 8, '2026-04-28 08:00:00', '2026-04-28 08:00:00'),
(125, 125, 8, '2026-05-06 08:00:00', '2026-05-06 08:00:00'),
(126, 126, 8, '2026-05-14 08:00:00', '2026-05-14 08:00:00'),
(127, 127, 2, '2026-04-27 08:00:00', '2026-04-27 08:00:00'),
(128, 128, 2, '2026-04-28 08:00:00', '2026-04-28 08:00:00'),
(129, 129, 2, '2026-05-06 08:00:00', '2026-05-06 08:00:00'),
(130, 130, 2, '2026-05-14 08:00:00', '2026-05-14 08:00:00');


-- ------------------------------------------------------------
--  Table: `subtask_dependencies` (104 rows)
-- ------------------------------------------------------------
TRUNCATE TABLE `subtask_dependencies`;
INSERT INTO `subtask_dependencies` (`id`, `subtask_id`, `depends_on_subtask_id`, `dependency_type`, `created_at`, `updated_at`) VALUES
(1, 2, 1, 'blocks', '2026-04-27 08:00:00', '2026-04-27 08:00:00'),
(2, 3, 2, 'blocks', '2026-04-27 08:00:00', '2026-04-27 08:00:00'),
(3, 4, 3, 'blocks', '2026-04-27 08:00:00', '2026-04-27 08:00:00'),
(4, 5, 4, 'blocks', '2026-04-27 08:00:00', '2026-04-27 08:00:00'),
(5, 6, 5, 'blocks', '2026-04-27 08:00:00', '2026-04-27 08:00:00'),
(6, 8, 7, 'blocks', '2026-04-27 08:00:00', '2026-04-27 08:00:00'),
(7, 9, 8, 'blocks', '2026-04-27 08:00:00', '2026-04-27 08:00:00'),
(8, 10, 9, 'blocks', '2026-04-27 08:00:00', '2026-04-27 08:00:00'),
(9, 11, 10, 'blocks', '2026-04-27 08:00:00', '2026-04-27 08:00:00'),
(10, 13, 12, 'blocks', '2026-04-27 08:00:00', '2026-04-27 08:00:00'),
(11, 14, 13, 'blocks', '2026-04-27 08:00:00', '2026-04-27 08:00:00'),
(12, 15, 14, 'blocks', '2026-04-27 08:00:00', '2026-04-27 08:00:00'),
(13, 16, 15, 'blocks', '2026-04-27 08:00:00', '2026-04-27 08:00:00'),
(14, 17, 16, 'blocks', '2026-04-27 08:00:00', '2026-04-27 08:00:00'),
(15, 19, 18, 'blocks', '2026-04-27 08:00:00', '2026-04-27 08:00:00'),
(16, 20, 19, 'blocks', '2026-04-27 08:00:00', '2026-04-27 08:00:00'),
(17, 21, 20, 'blocks', '2026-04-27 08:00:00', '2026-04-27 08:00:00'),
(18, 22, 21, 'blocks', '2026-04-27 08:00:00', '2026-04-27 08:00:00'),
(19, 24, 23, 'blocks', '2026-04-27 08:00:00', '2026-04-27 08:00:00'),
(20, 25, 24, 'blocks', '2026-04-27 08:00:00', '2026-04-27 08:00:00'),
(21, 26, 25, 'blocks', '2026-04-27 08:00:00', '2026-04-27 08:00:00'),
(22, 28, 27, 'blocks', '2026-04-27 08:00:00', '2026-04-27 08:00:00'),
(23, 29, 28, 'blocks', '2026-04-27 08:00:00', '2026-04-27 08:00:00'),
(24, 30, 29, 'blocks', '2026-04-27 08:00:00', '2026-04-27 08:00:00'),
(25, 31, 30, 'blocks', '2026-04-27 08:00:00', '2026-04-27 08:00:00'),
(26, 33, 32, 'blocks', '2026-04-27 08:00:00', '2026-04-27 08:00:00'),
(27, 34, 33, 'blocks', '2026-04-27 08:00:00', '2026-04-27 08:00:00'),
(28, 35, 34, 'blocks', '2026-04-27 08:00:00', '2026-04-27 08:00:00'),
(29, 37, 36, 'blocks', '2026-04-27 08:00:00', '2026-04-27 08:00:00'),
(30, 38, 37, 'blocks', '2026-04-27 08:00:00', '2026-04-27 08:00:00'),
(31, 39, 38, 'blocks', '2026-04-27 08:00:00', '2026-04-27 08:00:00'),
(32, 40, 39, 'blocks', '2026-04-27 08:00:00', '2026-04-27 08:00:00'),
(33, 42, 41, 'blocks', '2026-04-27 08:00:00', '2026-04-27 08:00:00'),
(34, 43, 42, 'blocks', '2026-04-27 08:00:00', '2026-04-27 08:00:00'),
(35, 44, 43, 'blocks', '2026-04-27 08:00:00', '2026-04-27 08:00:00'),
(36, 45, 44, 'blocks', '2026-04-27 08:00:00', '2026-04-27 08:00:00'),
(37, 46, 45, 'blocks', '2026-04-27 08:00:00', '2026-04-27 08:00:00'),
(38, 48, 47, 'blocks', '2026-04-27 08:00:00', '2026-04-27 08:00:00'),
(39, 49, 48, 'blocks', '2026-04-27 08:00:00', '2026-04-27 08:00:00'),
(40, 50, 49, 'blocks', '2026-04-27 08:00:00', '2026-04-27 08:00:00'),
(41, 52, 51, 'blocks', '2026-04-27 08:00:00', '2026-04-27 08:00:00'),
(42, 53, 52, 'blocks', '2026-04-27 08:00:00', '2026-04-27 08:00:00'),
(43, 54, 53, 'blocks', '2026-04-27 08:00:00', '2026-04-27 08:00:00'),
(44, 55, 54, 'blocks', '2026-04-27 08:00:00', '2026-04-27 08:00:00'),
(45, 57, 56, 'blocks', '2026-04-27 08:00:00', '2026-04-27 08:00:00'),
(46, 58, 57, 'blocks', '2026-04-27 08:00:00', '2026-04-27 08:00:00'),
(47, 59, 58, 'blocks', '2026-04-27 08:00:00', '2026-04-27 08:00:00'),
(48, 60, 59, 'blocks', '2026-04-27 08:00:00', '2026-04-27 08:00:00'),
(49, 61, 60, 'blocks', '2026-04-27 08:00:00', '2026-04-27 08:00:00'),
(50, 63, 62, 'blocks', '2026-04-27 08:00:00', '2026-04-27 08:00:00'),
(51, 64, 63, 'blocks', '2026-04-27 08:00:00', '2026-04-27 08:00:00'),
(52, 65, 64, 'blocks', '2026-04-27 08:00:00', '2026-04-27 08:00:00'),
(53, 66, 65, 'blocks', '2026-04-27 08:00:00', '2026-04-27 08:00:00'),
(54, 68, 67, 'blocks', '2026-04-27 08:00:00', '2026-04-27 08:00:00'),
(55, 69, 68, 'blocks', '2026-04-27 08:00:00', '2026-04-27 08:00:00'),
(56, 70, 69, 'blocks', '2026-04-27 08:00:00', '2026-04-27 08:00:00'),
(57, 71, 70, 'blocks', '2026-04-27 08:00:00', '2026-04-27 08:00:00'),
(58, 72, 71, 'blocks', '2026-04-27 08:00:00', '2026-04-27 08:00:00'),
(59, 74, 73, 'blocks', '2026-04-27 08:00:00', '2026-04-27 08:00:00'),
(60, 75, 74, 'blocks', '2026-04-27 08:00:00', '2026-04-27 08:00:00'),
(61, 76, 75, 'blocks', '2026-04-27 08:00:00', '2026-04-27 08:00:00'),
(62, 78, 77, 'blocks', '2026-04-27 08:00:00', '2026-04-27 08:00:00'),
(63, 79, 78, 'blocks', '2026-04-27 08:00:00', '2026-04-27 08:00:00'),
(64, 80, 79, 'blocks', '2026-04-27 08:00:00', '2026-04-27 08:00:00'),
(65, 82, 81, 'blocks', '2026-04-27 08:00:00', '2026-04-27 08:00:00'),
(66, 83, 82, 'blocks', '2026-04-27 08:00:00', '2026-04-27 08:00:00'),
(67, 84, 83, 'blocks', '2026-04-27 08:00:00', '2026-04-27 08:00:00'),
(68, 86, 85, 'blocks', '2026-04-27 08:00:00', '2026-04-27 08:00:00'),
(69, 87, 86, 'blocks', '2026-04-27 08:00:00', '2026-04-27 08:00:00'),
(70, 88, 87, 'blocks', '2026-04-27 08:00:00', '2026-04-27 08:00:00'),
(71, 89, 88, 'blocks', '2026-04-27 08:00:00', '2026-04-27 08:00:00'),
(72, 90, 89, 'blocks', '2026-04-27 08:00:00', '2026-04-27 08:00:00'),
(73, 92, 91, 'blocks', '2026-04-27 08:00:00', '2026-04-27 08:00:00'),
(74, 93, 92, 'blocks', '2026-04-27 08:00:00', '2026-04-27 08:00:00'),
(75, 94, 93, 'blocks', '2026-04-27 08:00:00', '2026-04-27 08:00:00'),
(76, 96, 95, 'blocks', '2026-04-27 08:00:00', '2026-04-27 08:00:00'),
(77, 97, 96, 'blocks', '2026-04-27 08:00:00', '2026-04-27 08:00:00'),
(78, 98, 97, 'blocks', '2026-04-27 08:00:00', '2026-04-27 08:00:00'),
(79, 99, 98, 'blocks', '2026-04-27 08:00:00', '2026-04-27 08:00:00'),
(80, 100, 99, 'blocks', '2026-04-27 08:00:00', '2026-04-27 08:00:00'),
(81, 102, 101, 'blocks', '2026-04-27 08:00:00', '2026-04-27 08:00:00'),
(82, 103, 102, 'blocks', '2026-04-27 08:00:00', '2026-04-27 08:00:00'),
(83, 104, 103, 'blocks', '2026-04-27 08:00:00', '2026-04-27 08:00:00'),
(84, 105, 104, 'blocks', '2026-04-27 08:00:00', '2026-04-27 08:00:00'),
(85, 106, 105, 'blocks', '2026-04-27 08:00:00', '2026-04-27 08:00:00'),
(86, 108, 107, 'blocks', '2026-04-27 08:00:00', '2026-04-27 08:00:00'),
(87, 109, 108, 'blocks', '2026-04-27 08:00:00', '2026-04-27 08:00:00'),
(88, 110, 109, 'blocks', '2026-04-27 08:00:00', '2026-04-27 08:00:00'),
(89, 112, 111, 'blocks', '2026-04-27 08:00:00', '2026-04-27 08:00:00'),
(90, 113, 112, 'blocks', '2026-04-27 08:00:00', '2026-04-27 08:00:00'),
(91, 114, 113, 'blocks', '2026-04-27 08:00:00', '2026-04-27 08:00:00'),
(92, 115, 114, 'blocks', '2026-04-27 08:00:00', '2026-04-27 08:00:00'),
(93, 116, 115, 'blocks', '2026-04-27 08:00:00', '2026-04-27 08:00:00'),
(94, 118, 117, 'blocks', '2026-04-27 08:00:00', '2026-04-27 08:00:00'),
(95, 119, 118, 'blocks', '2026-04-27 08:00:00', '2026-04-27 08:00:00'),
(96, 120, 119, 'blocks', '2026-04-27 08:00:00', '2026-04-27 08:00:00'),
(97, 121, 120, 'blocks', '2026-04-27 08:00:00', '2026-04-27 08:00:00'),
(98, 122, 121, 'blocks', '2026-04-27 08:00:00', '2026-04-27 08:00:00'),
(99, 124, 123, 'blocks', '2026-04-27 08:00:00', '2026-04-27 08:00:00'),
(100, 125, 124, 'blocks', '2026-04-27 08:00:00', '2026-04-27 08:00:00'),
(101, 126, 125, 'blocks', '2026-04-27 08:00:00', '2026-04-27 08:00:00'),
(102, 128, 127, 'blocks', '2026-04-27 08:00:00', '2026-04-27 08:00:00'),
(103, 129, 128, 'blocks', '2026-04-27 08:00:00', '2026-04-27 08:00:00'),
(104, 130, 129, 'blocks', '2026-04-27 08:00:00', '2026-04-27 08:00:00');


-- ------------------------------------------------------------
--  Table: `checklist_items` (151 rows)
-- ------------------------------------------------------------
TRUNCATE TABLE `checklist_items`;
INSERT INTO `checklist_items` (`id`, `subtask_id`, `parent_id`, `name`, `is_checked`, `position`, `depth`, `created_by`, `created_at`, `updated_at`) VALUES
(1, 1, NULL, 'Write unit tests', 1, 0, 0, 6, '2026-04-27 08:00:00', '2026-04-28 16:11:00'),
(2, 1, NULL, 'Performance benchmark', 1, 1, 0, 6, '2026-04-27 08:00:00', '2026-04-28 16:11:00'),
(3, 1, NULL, 'UI responsiveness checked', 1, 2, 0, 6, '2026-04-27 08:00:00', '2026-04-28 16:11:00'),
(4, 1, NULL, 'Security checklist', 1, 3, 0, 6, '2026-04-27 08:00:00', '2026-04-28 16:11:00'),
(5, 1, NULL, 'API contract validated', 1, 4, 0, 6, '2026-04-27 08:00:00', '2026-04-28 16:11:00'),
(6, 4, NULL, 'Security checklist', 0, 0, 0, 5, '2026-05-14 08:00:00', '2026-05-14 08:00:00'),
(7, 4, NULL, 'Integration testing', 0, 1, 0, 5, '2026-05-14 08:00:00', '2026-05-14 08:00:00'),
(8, 4, NULL, 'Performance benchmark', 0, 2, 0, 5, '2026-05-14 08:00:00', '2026-05-14 08:00:00'),
(9, 4, NULL, 'Update documentation', 0, 3, 0, 5, '2026-05-14 08:00:00', '2026-05-14 08:00:00'),
(10, 4, NULL, 'Write unit tests', 0, 4, 0, 5, '2026-05-14 08:00:00', '2026-05-14 08:00:00'),
(11, 5, NULL, 'QA sign-off', 1, 0, 0, 6, '2026-05-15 08:00:00', '2026-05-15 08:00:00'),
(12, 5, NULL, 'Deploy to staging', 1, 1, 0, 6, '2026-05-15 08:00:00', '2026-05-15 08:00:00'),
(13, 5, NULL, 'Update documentation', 1, 2, 0, 6, '2026-05-15 08:00:00', '2026-05-15 08:00:00'),
(14, 7, NULL, 'Code review done', 1, 0, 0, 6, '2026-04-27 08:00:00', '2026-04-29 14:48:00'),
(15, 7, NULL, 'Database migration verified', 1, 1, 0, 6, '2026-04-27 08:00:00', '2026-04-29 14:48:00'),
(16, 7, NULL, 'Write unit tests', 0, 2, 0, 6, '2026-04-27 08:00:00', '2026-04-29 14:48:00'),
(17, 7, NULL, 'Deploy to staging', 1, 3, 0, 6, '2026-04-27 08:00:00', '2026-04-29 14:48:00'),
(18, 11, NULL, 'API contract validated', 1, 0, 0, 5, '2026-05-15 08:00:00', '2026-05-15 08:00:00'),
(19, 11, NULL, 'Integration testing', 1, 1, 0, 5, '2026-05-15 08:00:00', '2026-05-15 08:00:00'),
(20, 11, NULL, 'Code review done', 1, 2, 0, 5, '2026-05-15 08:00:00', '2026-05-15 08:00:00'),
(21, 23, NULL, 'API contract validated', 1, 0, 0, 4, '2026-04-27 08:00:00', '2026-04-29 14:30:00'),
(22, 23, NULL, 'Write unit tests', 1, 1, 0, 4, '2026-04-27 08:00:00', '2026-04-29 14:30:00'),
(23, 23, NULL, 'Database migration verified', 0, 2, 0, 4, '2026-04-27 08:00:00', '2026-04-29 14:30:00'),
(24, 29, NULL, 'Database migration verified', 1, 0, 0, 8, '2026-05-06 08:00:00', '2026-05-07 14:42:00'),
(25, 29, NULL, 'Code review done', 1, 1, 0, 8, '2026-05-06 08:00:00', '2026-05-07 14:42:00'),
(26, 29, NULL, 'API contract validated', 0, 2, 0, 8, '2026-05-06 08:00:00', '2026-05-07 14:42:00'),
(27, 30, NULL, 'Security checklist', 0, 0, 0, 10, '2026-05-14 08:00:00', '2026-05-14 08:00:00'),
(28, 30, NULL, 'UI responsiveness checked', 0, 1, 0, 10, '2026-05-14 08:00:00', '2026-05-14 08:00:00'),
(29, 30, NULL, 'Write unit tests', 0, 2, 0, 10, '2026-05-14 08:00:00', '2026-05-14 08:00:00'),
(30, 33, NULL, 'API contract validated', 1, 0, 0, 9, '2026-04-28 08:00:00', '2026-04-30 16:52:00'),
(31, 33, NULL, 'Security checklist', 1, 1, 0, 9, '2026-04-28 08:00:00', '2026-04-30 16:52:00'),
(32, 33, NULL, 'QA sign-off', 1, 2, 0, 9, '2026-04-28 08:00:00', '2026-04-30 16:52:00'),
(33, 35, NULL, 'Update documentation', 0, 0, 0, 7, '2026-05-14 08:00:00', '2026-05-14 08:00:00'),
(34, 35, NULL, 'Security checklist', 0, 1, 0, 7, '2026-05-14 08:00:00', '2026-05-14 08:00:00'),
(35, 35, NULL, 'API contract validated', 0, 2, 0, 7, '2026-05-14 08:00:00', '2026-05-14 08:00:00'),
(36, 35, NULL, 'Write unit tests', 0, 3, 0, 7, '2026-05-14 08:00:00', '2026-05-14 08:00:00'),
(37, 35, NULL, 'UI responsiveness checked', 0, 4, 0, 7, '2026-05-14 08:00:00', '2026-05-14 08:00:00'),
(38, 37, NULL, 'UI responsiveness checked', 1, 0, 0, 8, '2026-04-28 08:00:00', '2026-04-29 14:15:00'),
(39, 37, NULL, 'Database migration verified', 1, 1, 0, 8, '2026-04-28 08:00:00', '2026-04-29 14:15:00'),
(40, 37, NULL, 'Code review done', 1, 2, 0, 8, '2026-04-28 08:00:00', '2026-04-29 14:15:00'),
(41, 38, NULL, 'Setup environment & config', 0, 0, 0, 8, '2026-05-06 08:00:00', '2026-05-07 14:55:00'),
(42, 38, NULL, 'Security checklist', 0, 1, 0, 8, '2026-05-06 08:00:00', '2026-05-07 14:55:00'),
(43, 38, NULL, 'Update documentation', 0, 2, 0, 8, '2026-05-06 08:00:00', '2026-05-07 14:55:00'),
(44, 43, NULL, 'Performance benchmark', 1, 0, 0, 9, '2026-05-06 08:00:00', '2026-05-07 15:40:00'),
(45, 43, NULL, 'Deploy to staging', 0, 1, 0, 9, '2026-05-06 08:00:00', '2026-05-07 15:40:00'),
(46, 43, NULL, 'Write unit tests', 0, 2, 0, 9, '2026-05-06 08:00:00', '2026-05-07 15:40:00'),
(47, 43, NULL, 'Update documentation', 1, 3, 0, 9, '2026-05-06 08:00:00', '2026-05-07 15:40:00'),
(48, 43, NULL, 'Setup environment & config', 0, 4, 0, 9, '2026-05-06 08:00:00', '2026-05-07 15:40:00'),
(49, 46, NULL, 'QA sign-off', 0, 0, 0, 8, '2026-05-18 08:00:00', '2026-05-18 08:00:00'),
(50, 46, NULL, 'Update documentation', 0, 1, 0, 8, '2026-05-18 08:00:00', '2026-05-18 08:00:00'),
(51, 46, NULL, 'Database migration verified', 0, 2, 0, 8, '2026-05-18 08:00:00', '2026-05-18 08:00:00'),
(52, 51, NULL, 'Integration testing', 1, 0, 0, 7, '2026-04-27 08:00:00', '2026-04-28 14:19:00'),
(53, 51, NULL, 'Code review done', 1, 1, 0, 7, '2026-04-27 08:00:00', '2026-04-28 14:19:00'),
(54, 51, NULL, 'Security checklist', 0, 2, 0, 7, '2026-04-27 08:00:00', '2026-04-28 14:19:00'),
(55, 51, NULL, 'UI responsiveness checked', 1, 3, 0, 7, '2026-04-27 08:00:00', '2026-04-28 14:19:00'),
(56, 51, NULL, 'Performance benchmark', 1, 4, 0, 7, '2026-04-27 08:00:00', '2026-04-28 14:19:00'),
(57, 52, NULL, 'Database migration verified', 1, 0, 0, 9, '2026-04-28 08:00:00', '2026-04-30 16:45:00'),
(58, 52, NULL, 'Integration testing', 1, 1, 0, 9, '2026-04-28 08:00:00', '2026-04-30 16:45:00'),
(59, 52, NULL, 'Update documentation', 1, 2, 0, 9, '2026-04-28 08:00:00', '2026-04-30 16:45:00'),
(60, 53, NULL, 'Deploy to staging', 1, 0, 0, 7, '2026-05-06 08:00:00', '2026-05-08 16:27:00'),
(61, 53, NULL, 'Performance benchmark', 1, 1, 0, 7, '2026-05-06 08:00:00', '2026-05-08 16:27:00'),
(62, 53, NULL, 'Integration testing', 1, 2, 0, 7, '2026-05-06 08:00:00', '2026-05-08 16:27:00'),
(63, 53, NULL, 'Security checklist', 1, 3, 0, 7, '2026-05-06 08:00:00', '2026-05-08 16:27:00'),
(64, 54, NULL, 'Deploy to staging', 0, 0, 0, 10, '2026-05-14 08:00:00', '2026-05-14 08:00:00'),
(65, 54, NULL, 'Integration testing', 0, 1, 0, 10, '2026-05-14 08:00:00', '2026-05-14 08:00:00'),
(66, 54, NULL, 'Setup environment & config', 0, 2, 0, 10, '2026-05-14 08:00:00', '2026-05-14 08:00:00'),
(67, 56, NULL, 'QA sign-off', 1, 0, 0, 15, '2026-04-27 08:00:00', '2026-04-29 16:11:00'),
(68, 56, NULL, 'Code review done', 0, 1, 0, 15, '2026-04-27 08:00:00', '2026-04-29 16:11:00'),
(69, 56, NULL, 'Database migration verified', 0, 2, 0, 15, '2026-04-27 08:00:00', '2026-04-29 16:11:00'),
(70, 58, NULL, 'Deploy to staging', 1, 0, 0, 16, '2026-05-06 08:00:00', '2026-05-07 14:53:00'),
(71, 58, NULL, 'Code review done', 0, 1, 0, 16, '2026-05-06 08:00:00', '2026-05-07 14:53:00'),
(72, 58, NULL, 'Write unit tests', 0, 2, 0, 16, '2026-05-06 08:00:00', '2026-05-07 14:53:00'),
(73, 60, NULL, 'API contract validated', 0, 0, 0, 15, '2026-05-15 08:00:00', '2026-05-15 08:00:00'),
(74, 60, NULL, 'Deploy to staging', 0, 1, 0, 15, '2026-05-15 08:00:00', '2026-05-15 08:00:00'),
(75, 60, NULL, 'UI responsiveness checked', 0, 2, 0, 15, '2026-05-15 08:00:00', '2026-05-15 08:00:00'),
(76, 60, NULL, 'Database migration verified', 0, 3, 0, 15, '2026-05-15 08:00:00', '2026-05-15 08:00:00'),
(77, 67, NULL, 'Write unit tests', 0, 0, 0, 11, '2026-04-27 08:00:00', '2026-04-28 15:09:00'),
(78, 67, NULL, 'Performance benchmark', 1, 1, 0, 11, '2026-04-27 08:00:00', '2026-04-28 15:09:00'),
(79, 67, NULL, 'Integration testing', 1, 2, 0, 11, '2026-04-27 08:00:00', '2026-04-28 15:09:00'),
(80, 67, NULL, 'Code review done', 1, 3, 0, 11, '2026-04-27 08:00:00', '2026-04-28 15:09:00'),
(81, 67, NULL, 'API contract validated', 0, 4, 0, 11, '2026-04-27 08:00:00', '2026-04-28 15:09:00'),
(82, 69, NULL, 'Database migration verified', 0, 0, 0, 11, '2026-05-06 08:00:00', '2026-05-07 15:48:00'),
(83, 69, NULL, 'API contract validated', 0, 1, 0, 11, '2026-05-06 08:00:00', '2026-05-07 15:48:00'),
(84, 69, NULL, 'Performance benchmark', 0, 2, 0, 11, '2026-05-06 08:00:00', '2026-05-07 15:48:00'),
(85, 69, NULL, 'Code review done', 1, 3, 0, 11, '2026-05-06 08:00:00', '2026-05-07 15:48:00'),
(86, 75, NULL, 'API contract validated', 1, 0, 0, 14, '2026-05-06 08:00:00', '2026-05-07 16:14:00'),
(87, 75, NULL, 'Code review done', 0, 1, 0, 14, '2026-05-06 08:00:00', '2026-05-07 16:14:00'),
(88, 75, NULL, 'Setup environment & config', 1, 2, 0, 14, '2026-05-06 08:00:00', '2026-05-07 16:14:00'),
(89, 75, NULL, 'Integration testing', 1, 3, 0, 14, '2026-05-06 08:00:00', '2026-05-07 16:14:00'),
(90, 78, NULL, 'Database migration verified', 1, 0, 0, 15, '2026-04-28 08:00:00', '2026-04-29 16:43:00'),
(91, 78, NULL, 'API contract validated', 0, 1, 0, 15, '2026-04-28 08:00:00', '2026-04-29 16:43:00'),
(92, 78, NULL, 'Performance benchmark', 0, 2, 0, 15, '2026-04-28 08:00:00', '2026-04-29 16:43:00'),
(93, 82, NULL, 'Database migration verified', 1, 0, 0, 16, '2026-04-28 08:00:00', '2026-04-29 15:54:00'),
(94, 82, NULL, 'Integration testing', 1, 1, 0, 16, '2026-04-28 08:00:00', '2026-04-29 15:54:00'),
(95, 82, NULL, 'Security checklist', 0, 2, 0, 16, '2026-04-28 08:00:00', '2026-04-29 15:54:00'),
(96, 82, NULL, 'API contract validated', 1, 3, 0, 16, '2026-04-28 08:00:00', '2026-04-29 15:54:00'),
(97, 84, NULL, 'UI responsiveness checked', 1, 0, 0, 15, '2026-05-14 08:00:00', '2026-05-14 08:00:00'),
(98, 84, NULL, 'Performance benchmark', 1, 1, 0, 15, '2026-05-14 08:00:00', '2026-05-14 08:00:00'),
(99, 84, NULL, 'Database migration verified', 0, 2, 0, 15, '2026-05-14 08:00:00', '2026-05-14 08:00:00'),
(100, 85, NULL, 'Database migration verified', 0, 0, 0, 12, '2026-04-27 08:00:00', '2026-04-29 16:57:00'),
(101, 85, NULL, 'Write unit tests', 1, 1, 0, 12, '2026-04-27 08:00:00', '2026-04-29 16:57:00'),
(102, 85, NULL, 'UI responsiveness checked', 1, 2, 0, 12, '2026-04-27 08:00:00', '2026-04-29 16:57:00'),
(103, 85, NULL, 'Performance benchmark', 1, 3, 0, 12, '2026-04-27 08:00:00', '2026-04-29 16:57:00'),
(104, 86, NULL, 'API contract validated', 1, 0, 0, 13, '2026-04-28 08:00:00', '2026-04-29 15:07:00'),
(105, 86, NULL, 'Performance benchmark', 1, 1, 0, 13, '2026-04-28 08:00:00', '2026-04-29 15:07:00'),
(106, 86, NULL, 'Database migration verified', 1, 2, 0, 13, '2026-04-28 08:00:00', '2026-04-29 15:07:00'),
(107, 94, NULL, 'Performance benchmark', 1, 0, 0, 15, '2026-05-14 08:00:00', '2026-05-14 08:00:00'),
(108, 94, NULL, 'Setup environment & config', 1, 1, 0, 15, '2026-05-14 08:00:00', '2026-05-14 08:00:00'),
(109, 94, NULL, 'Security checklist', 1, 2, 0, 15, '2026-05-14 08:00:00', '2026-05-14 08:00:00'),
(110, 94, NULL, 'UI responsiveness checked', 1, 3, 0, 15, '2026-05-14 08:00:00', '2026-05-14 08:00:00'),
(111, 94, NULL, 'Integration testing', 1, 4, 0, 15, '2026-05-14 08:00:00', '2026-05-14 08:00:00'),
(112, 97, NULL, 'Performance benchmark', 1, 0, 0, 16, '2026-05-06 08:00:00', '2026-05-06 08:00:00'),
(113, 97, NULL, 'QA sign-off', 1, 1, 0, 16, '2026-05-06 08:00:00', '2026-05-06 08:00:00'),
(114, 97, NULL, 'Setup environment & config', 1, 2, 0, 16, '2026-05-06 08:00:00', '2026-05-06 08:00:00'),
(115, 97, NULL, 'Integration testing', 1, 3, 0, 16, '2026-05-06 08:00:00', '2026-05-06 08:00:00'),
(116, 97, NULL, 'Deploy to staging', 1, 4, 0, 16, '2026-05-06 08:00:00', '2026-05-06 08:00:00'),
(117, 104, NULL, 'Code review done', 0, 0, 0, 16, '2026-05-14 08:00:00', '2026-05-14 08:00:00'),
(118, 104, NULL, 'Security checklist', 0, 1, 0, 16, '2026-05-14 08:00:00', '2026-05-14 08:00:00'),
(119, 104, NULL, 'Update documentation', 0, 2, 0, 16, '2026-05-14 08:00:00', '2026-05-14 08:00:00'),
(120, 104, NULL, 'Write unit tests', 0, 3, 0, 16, '2026-05-14 08:00:00', '2026-05-14 08:00:00'),
(121, 106, NULL, 'Integration testing', 0, 0, 0, 11, '2026-05-18 08:00:00', '2026-05-18 08:00:00'),
(122, 106, NULL, 'Setup environment & config', 0, 1, 0, 11, '2026-05-18 08:00:00', '2026-05-18 08:00:00'),
(123, 106, NULL, 'Update documentation', 0, 2, 0, 11, '2026-05-18 08:00:00', '2026-05-18 08:00:00'),
(124, 106, NULL, 'API contract validated', 0, 3, 0, 11, '2026-05-18 08:00:00', '2026-05-18 08:00:00'),
(125, 106, NULL, 'UI responsiveness checked', 0, 4, 0, 11, '2026-05-18 08:00:00', '2026-05-18 08:00:00'),
(126, 112, NULL, 'API contract validated', 1, 0, 0, 13, '2026-04-28 08:00:00', '2026-04-29 15:39:00'),
(127, 112, NULL, 'Database migration verified', 1, 1, 0, 13, '2026-04-28 08:00:00', '2026-04-29 15:39:00'),
(128, 112, NULL, 'UI responsiveness checked', 1, 2, 0, 13, '2026-04-28 08:00:00', '2026-04-29 15:39:00'),
(129, 112, NULL, 'Write unit tests', 0, 3, 0, 13, '2026-04-28 08:00:00', '2026-04-29 15:39:00'),
(130, 113, NULL, 'UI responsiveness checked', 1, 0, 0, 14, '2026-05-06 08:00:00', '2026-05-07 15:28:00'),
(131, 113, NULL, 'Code review done', 0, 1, 0, 14, '2026-05-06 08:00:00', '2026-05-07 15:28:00'),
(132, 113, NULL, 'Database migration verified', 0, 2, 0, 14, '2026-05-06 08:00:00', '2026-05-07 15:28:00'),
(133, 113, NULL, 'Security checklist', 0, 3, 0, 14, '2026-05-06 08:00:00', '2026-05-07 15:28:00'),
(134, 119, NULL, 'Security checklist', 0, 0, 0, 8, '2026-05-06 08:00:00', '2026-05-07 15:39:00'),
(135, 119, NULL, 'Integration testing', 1, 1, 0, 8, '2026-05-06 08:00:00', '2026-05-07 15:39:00'),
(136, 119, NULL, 'Deploy to staging', 1, 2, 0, 8, '2026-05-06 08:00:00', '2026-05-07 15:39:00'),
(137, 119, NULL, 'Update documentation', 1, 3, 0, 8, '2026-05-06 08:00:00', '2026-05-07 15:39:00'),
(138, 119, NULL, 'Setup environment & config', 0, 4, 0, 8, '2026-05-06 08:00:00', '2026-05-07 15:39:00'),
(139, 123, NULL, 'Setup environment & config', 1, 0, 0, 17, '2026-04-27 08:00:00', '2026-04-28 16:33:00'),
(140, 123, NULL, 'UI responsiveness checked', 0, 1, 0, 17, '2026-04-27 08:00:00', '2026-04-28 16:33:00'),
(141, 123, NULL, 'Integration testing', 1, 2, 0, 17, '2026-04-27 08:00:00', '2026-04-28 16:33:00'),
(142, 123, NULL, 'Deploy to staging', 1, 3, 0, 17, '2026-04-27 08:00:00', '2026-04-28 16:33:00'),
(143, 123, NULL, 'Code review done', 1, 4, 0, 17, '2026-04-27 08:00:00', '2026-04-28 16:33:00'),
(144, 125, NULL, 'UI responsiveness checked', 1, 0, 0, 8, '2026-05-06 08:00:00', '2026-05-08 16:34:00'),
(145, 125, NULL, 'Security checklist', 0, 1, 0, 8, '2026-05-06 08:00:00', '2026-05-08 16:34:00'),
(146, 125, NULL, 'Deploy to staging', 1, 2, 0, 8, '2026-05-06 08:00:00', '2026-05-08 16:34:00'),
(147, 127, NULL, 'Database migration verified', 1, 0, 0, 19, '2026-04-27 08:00:00', '2026-04-29 16:38:00'),
(148, 127, NULL, 'Write unit tests', 1, 1, 0, 19, '2026-04-27 08:00:00', '2026-04-29 16:38:00'),
(149, 127, NULL, 'API contract validated', 1, 2, 0, 19, '2026-04-27 08:00:00', '2026-04-29 16:38:00'),
(150, 127, NULL, 'Setup environment & config', 1, 3, 0, 19, '2026-04-27 08:00:00', '2026-04-29 16:38:00'),
(151, 127, NULL, 'Code review done', 0, 4, 0, 19, '2026-04-27 08:00:00', '2026-04-29 16:38:00');


-- ------------------------------------------------------------
--  Table: `time_entries` (99 rows)
-- ------------------------------------------------------------
TRUNCATE TABLE `time_entries`;
INSERT INTO `time_entries` (`id`, `subtask_id`, `user_id`, `duration`, `started_at`, `ended_at`, `is_billable`, `is_running`, `created_at`, `updated_at`, `deleted_at`) VALUES
(1, 1, 6, 306, '2026-04-27 09:05:00', '2026-04-27 15:41:00', 0, 0, '2026-04-27 09:05:00', '2026-04-27 09:05:00', NULL),
(2, 2, 3, 354, '2026-04-28 09:23:00', '2026-04-28 14:00:00', 1, 0, '2026-04-28 09:23:00', '2026-04-28 09:23:00', NULL),
(3, 3, 4, 616, '2026-05-06 08:27:00', '2026-05-06 16:43:00', 1, 0, '2026-05-06 08:27:00', '2026-05-06 08:27:00', NULL),
(4, 4, 5, 231, '2026-05-14 08:11:00', '2026-05-14 16:01:00', 1, 0, '2026-05-14 08:11:00', '2026-05-14 08:11:00', NULL),
(5, 5, 6, 71, '2026-05-15 08:04:00', '2026-05-15 16:31:00', 1, 0, '2026-05-15 08:04:00', '2026-05-15 08:04:00', NULL),
(6, 7, 6, 271, '2026-04-27 10:10:00', '2026-04-27 16:09:00', 1, 0, '2026-04-27 10:10:00', '2026-04-27 10:10:00', NULL),
(7, 8, 4, 248, '2026-04-28 10:19:00', '2026-04-28 15:49:00', 0, 0, '2026-04-28 10:19:00', '2026-04-28 10:19:00', NULL),
(8, 9, 3, 229, '2026-05-06 08:22:00', '2026-05-06 14:05:00', 0, 0, '2026-05-06 08:22:00', '2026-05-06 08:22:00', NULL),
(9, 10, 5, 75, '2026-05-14 10:19:00', '2026-05-14 15:51:00', 1, 0, '2026-05-14 10:19:00', '2026-05-14 10:19:00', NULL),
(10, 11, 5, 291, '2026-05-15 09:02:00', '2026-05-15 14:58:00', 0, 0, '2026-05-15 09:02:00', '2026-05-15 09:02:00', NULL),
(11, 12, 6, 163, '2026-04-27 08:24:00', '2026-04-27 16:12:00', 0, 0, '2026-04-27 08:24:00', '2026-04-27 08:24:00', NULL),
(12, 13, 4, 145, '2026-04-28 09:18:00', '2026-04-28 14:21:00', 0, 0, '2026-04-28 09:18:00', '2026-04-28 09:18:00', NULL),
(13, 15, 6, 81, '2026-05-14 10:11:00', '2026-05-14 16:20:00', 1, 0, '2026-05-14 10:11:00', '2026-05-14 10:11:00', NULL),
(14, 16, 4, 126, '2026-05-15 10:13:00', '2026-05-15 14:32:00', 0, 0, '2026-05-15 10:13:00', '2026-05-15 10:13:00', NULL),
(15, 18, 5, 328, '2026-04-27 09:01:00', '2026-04-27 14:22:00', 1, 0, '2026-04-27 09:01:00', '2026-04-27 09:01:00', NULL),
(16, 19, 5, 102, '2026-04-28 10:21:00', '2026-04-28 15:14:00', 1, 0, '2026-04-28 10:21:00', '2026-04-28 10:21:00', NULL),
(17, 20, 4, 198, '2026-05-06 08:03:00', '2026-05-06 16:40:00', 0, 0, '2026-05-06 08:03:00', '2026-05-06 08:03:00', NULL),
(18, 21, 3, 156, '2026-05-14 10:19:00', '2026-05-14 15:26:00', 0, 0, '2026-05-14 10:19:00', '2026-05-14 10:19:00', NULL),
(19, 22, 3, 154, '2026-05-15 10:30:00', '2026-05-15 16:05:00', 0, 0, '2026-05-15 10:30:00', '2026-05-15 10:30:00', NULL),
(20, 23, 4, 268, '2026-04-27 10:13:00', '2026-04-27 16:34:00', 0, 0, '2026-04-27 10:13:00', '2026-04-27 10:13:00', NULL),
(21, 24, 6, 136, '2026-04-28 10:17:00', '2026-04-28 16:29:00', 1, 0, '2026-04-28 10:17:00', '2026-04-28 10:17:00', NULL),
(22, 25, 5, 192, '2026-05-06 09:00:00', '2026-05-06 16:56:00', 0, 0, '2026-05-06 09:00:00', '2026-05-06 09:00:00', NULL),
(23, 27, 9, 143, '2026-04-27 08:26:00', '2026-04-27 15:29:00', 0, 0, '2026-04-27 08:26:00', '2026-04-27 08:26:00', NULL),
(24, 28, 10, 166, '2026-04-28 08:06:00', '2026-04-28 16:46:00', 1, 0, '2026-04-28 08:06:00', '2026-04-28 08:06:00', NULL),
(25, 29, 8, 402, '2026-05-06 08:05:00', '2026-05-06 14:10:00', 1, 0, '2026-05-06 08:05:00', '2026-05-06 08:05:00', NULL),
(26, 30, 10, 293, '2026-05-14 09:16:00', '2026-05-14 16:00:00', 1, 0, '2026-05-14 09:16:00', '2026-05-14 09:16:00', NULL),
(27, 31, 7, 174, '2026-05-15 09:30:00', '2026-05-15 16:57:00', 0, 0, '2026-05-15 09:30:00', '2026-05-15 09:30:00', NULL),
(28, 32, 10, 266, '2026-04-27 09:15:00', '2026-04-27 14:21:00', 1, 0, '2026-04-27 09:15:00', '2026-04-27 09:15:00', NULL),
(29, 33, 9, 88, '2026-04-28 08:16:00', '2026-04-28 16:35:00', 0, 0, '2026-04-28 08:16:00', '2026-04-28 08:16:00', NULL),
(30, 34, 8, 241, '2026-05-06 08:29:00', '2026-05-06 16:07:00', 1, 0, '2026-05-06 08:29:00', '2026-05-06 08:29:00', NULL),
(31, 35, 7, 223, '2026-05-14 10:17:00', '2026-05-14 16:08:00', 0, 0, '2026-05-14 10:17:00', '2026-05-14 10:17:00', NULL),
(32, 36, 7, 436, '2026-04-27 08:07:00', '2026-04-27 15:11:00', 0, 0, '2026-04-27 08:07:00', '2026-04-27 08:07:00', NULL),
(33, 37, 8, 486, '2026-04-28 08:17:00', '2026-04-28 16:00:00', 0, 0, '2026-04-28 08:17:00', '2026-04-28 08:17:00', NULL),
(34, 38, 8, 296, '2026-05-06 08:03:00', '2026-05-06 15:35:00', 0, 0, '2026-05-06 08:03:00', '2026-05-06 08:03:00', NULL),
(35, 39, 10, 103, '2026-05-14 10:01:00', '2026-05-14 15:57:00', 1, 0, '2026-05-14 10:01:00', '2026-05-14 10:01:00', NULL),
(36, 40, 8, 193, '2026-05-15 09:06:00', '2026-05-15 15:28:00', 0, 0, '2026-05-15 09:06:00', '2026-05-15 09:06:00', NULL),
(37, 41, 10, 565, '2026-04-27 09:11:00', '2026-04-27 14:57:00', 1, 0, '2026-04-27 09:11:00', '2026-04-27 09:11:00', NULL),
(38, 42, 8, 366, '2026-04-28 08:04:00', '2026-04-28 14:14:00', 1, 0, '2026-04-28 08:04:00', '2026-04-28 08:04:00', NULL),
(39, 43, 9, 180, '2026-05-06 08:29:00', '2026-05-06 16:25:00', 1, 0, '2026-05-06 08:29:00', '2026-05-06 08:29:00', NULL),
(40, 47, 7, 323, '2026-04-27 10:18:00', '2026-04-27 14:29:00', 0, 0, '2026-04-27 10:18:00', '2026-04-27 10:18:00', NULL),
(41, 48, 8, 530, '2026-04-28 09:22:00', '2026-04-28 15:06:00', 0, 0, '2026-04-28 09:22:00', '2026-04-28 09:22:00', NULL),
(42, 49, 7, 217, '2026-05-06 10:18:00', '2026-05-06 15:32:00', 1, 0, '2026-05-06 10:18:00', '2026-05-06 10:18:00', NULL),
(43, 50, 9, 32, '2026-05-14 10:27:00', '2026-05-14 16:04:00', 1, 0, '2026-05-14 10:27:00', '2026-05-14 10:27:00', NULL),
(44, 51, 7, 422, '2026-04-27 10:26:00', '2026-04-27 16:40:00', 1, 0, '2026-04-27 10:26:00', '2026-04-27 10:26:00', NULL),
(45, 52, 9, 664, '2026-04-28 10:28:00', '2026-04-28 15:06:00', 1, 0, '2026-04-28 10:28:00', '2026-04-28 10:28:00', NULL),
(46, 53, 7, 701, '2026-05-06 09:05:00', '2026-05-06 14:02:00', 0, 0, '2026-05-06 09:05:00', '2026-05-06 09:05:00', NULL),
(47, 54, 10, 90, '2026-05-14 08:13:00', '2026-05-14 15:33:00', 1, 0, '2026-05-14 08:13:00', '2026-05-14 08:13:00', NULL),
(48, 55, 7, 199, '2026-05-15 09:26:00', '2026-05-15 16:47:00', 1, 0, '2026-05-15 09:26:00', '2026-05-15 09:26:00', NULL),
(49, 56, 15, 310, '2026-04-27 08:19:00', '2026-04-27 14:21:00', 1, 0, '2026-04-27 08:19:00', '2026-04-27 08:19:00', NULL),
(50, 57, 11, 163, '2026-04-28 10:25:00', '2026-04-28 14:07:00', 1, 0, '2026-04-28 10:25:00', '2026-04-28 10:25:00', NULL),
(51, 58, 16, 171, '2026-05-06 08:20:00', '2026-05-06 16:31:00', 1, 0, '2026-05-06 08:20:00', '2026-05-06 08:20:00', NULL),
(52, 60, 15, 39, '2026-05-15 08:17:00', '2026-05-15 15:15:00', 0, 0, '2026-05-15 08:17:00', '2026-05-15 08:17:00', NULL),
(53, 62, 14, 213, '2026-04-27 08:17:00', '2026-04-27 16:17:00', 1, 0, '2026-04-27 08:17:00', '2026-04-27 08:17:00', NULL),
(54, 63, 13, 213, '2026-04-28 08:16:00', '2026-04-28 16:15:00', 1, 0, '2026-04-28 08:16:00', '2026-04-28 08:16:00', NULL),
(55, 67, 11, 524, '2026-04-27 10:29:00', '2026-04-27 14:34:00', 1, 0, '2026-04-27 10:29:00', '2026-04-27 10:29:00', NULL),
(56, 68, 11, 455, '2026-04-28 08:24:00', '2026-04-28 16:01:00', 0, 0, '2026-04-28 08:24:00', '2026-04-28 08:24:00', NULL),
(57, 69, 11, 129, '2026-05-06 08:24:00', '2026-05-06 14:19:00', 0, 0, '2026-05-06 08:24:00', '2026-05-06 08:24:00', NULL),
(58, 73, 16, 288, '2026-04-27 10:08:00', '2026-04-27 15:01:00', 1, 0, '2026-04-27 10:08:00', '2026-04-27 10:08:00', NULL),
(59, 74, 14, 236, '2026-04-28 10:27:00', '2026-04-28 15:30:00', 0, 0, '2026-04-28 10:27:00', '2026-04-28 10:27:00', NULL),
(60, 75, 14, 84, '2026-05-06 08:19:00', '2026-05-06 15:22:00', 0, 0, '2026-05-06 08:19:00', '2026-05-06 08:19:00', NULL),
(61, 76, 16, 275, '2026-05-14 10:17:00', '2026-05-14 14:05:00', 1, 0, '2026-05-14 10:17:00', '2026-05-14 10:17:00', NULL),
(62, 77, 15, 364, '2026-04-27 09:22:00', '2026-04-27 15:56:00', 0, 0, '2026-04-27 09:22:00', '2026-04-27 09:22:00', NULL),
(63, 78, 15, 233, '2026-04-28 10:16:00', '2026-04-28 16:17:00', 1, 0, '2026-04-28 10:16:00', '2026-04-28 10:16:00', NULL),
(64, 79, 16, 182, '2026-05-06 08:13:00', '2026-05-06 14:02:00', 0, 0, '2026-05-06 08:13:00', '2026-05-06 08:13:00', NULL),
(65, 80, 12, 161, '2026-05-14 09:04:00', '2026-05-14 14:46:00', 0, 0, '2026-05-14 09:04:00', '2026-05-14 09:04:00', NULL),
(66, 81, 11, 285, '2026-04-27 10:12:00', '2026-04-27 15:35:00', 0, 0, '2026-04-27 10:12:00', '2026-04-27 10:12:00', NULL),
(67, 82, 16, 90, '2026-04-28 10:03:00', '2026-04-28 14:38:00', 1, 0, '2026-04-28 10:03:00', '2026-04-28 10:03:00', NULL),
(68, 85, 12, 256, '2026-04-27 09:05:00', '2026-04-27 16:13:00', 1, 0, '2026-04-27 09:05:00', '2026-04-27 09:05:00', NULL),
(69, 86, 13, 503, '2026-04-28 08:00:00', '2026-04-28 15:26:00', 1, 0, '2026-04-28 08:00:00', '2026-04-28 08:00:00', NULL),
(70, 87, 13, 703, '2026-05-06 09:08:00', '2026-05-06 16:02:00', 0, 0, '2026-05-06 09:08:00', '2026-05-06 09:08:00', NULL),
(71, 88, 14, 76, '2026-05-14 09:03:00', '2026-05-14 14:23:00', 0, 0, '2026-05-14 09:03:00', '2026-05-14 09:03:00', NULL),
(72, 89, 13, 387, '2026-05-15 08:15:00', '2026-05-15 15:05:00', 1, 0, '2026-05-15 08:15:00', '2026-05-15 08:15:00', NULL),
(73, 91, 12, 491, '2026-04-27 10:18:00', '2026-04-27 14:06:00', 1, 0, '2026-04-27 10:18:00', '2026-04-27 10:18:00', NULL),
(74, 92, 12, 266, '2026-04-28 09:27:00', '2026-04-28 16:22:00', 1, 0, '2026-04-28 09:27:00', '2026-04-28 09:27:00', NULL),
(75, 94, 15, 117, '2026-05-14 10:11:00', '2026-05-14 16:49:00', 0, 0, '2026-05-14 10:11:00', '2026-05-14 10:11:00', NULL),
(76, 95, 16, 332, '2026-04-27 09:05:00', '2026-04-27 16:15:00', 0, 0, '2026-04-27 09:05:00', '2026-04-27 09:05:00', NULL),
(77, 96, 15, 155, '2026-04-28 09:29:00', '2026-04-28 15:29:00', 0, 0, '2026-04-28 09:29:00', '2026-04-28 09:29:00', NULL),
(78, 98, 13, 235, '2026-05-14 10:25:00', '2026-05-14 14:28:00', 0, 0, '2026-05-14 10:25:00', '2026-05-14 10:25:00', NULL),
(79, 99, 12, 143, '2026-05-15 08:15:00', '2026-05-15 16:05:00', 1, 0, '2026-05-15 08:15:00', '2026-05-15 08:15:00', NULL),
(80, 101, 16, 385, '2026-04-27 09:21:00', '2026-04-27 14:07:00', 0, 0, '2026-04-27 09:21:00', '2026-04-27 09:21:00', NULL),
(81, 102, 16, 484, '2026-04-28 09:22:00', '2026-04-28 15:28:00', 0, 0, '2026-04-28 09:22:00', '2026-04-28 09:22:00', NULL),
(82, 107, 14, 437, '2026-04-27 10:23:00', '2026-04-27 14:32:00', 1, 0, '2026-04-27 10:23:00', '2026-04-27 10:23:00', NULL),
(83, 108, 13, 268, '2026-04-28 08:17:00', '2026-04-28 15:49:00', 1, 0, '2026-04-28 08:17:00', '2026-04-28 08:17:00', NULL),
(84, 109, 15, 435, '2026-05-06 10:18:00', '2026-05-06 14:55:00', 1, 0, '2026-05-06 10:18:00', '2026-05-06 10:18:00', NULL),
(85, 110, 14, 262, '2026-05-14 08:26:00', '2026-05-14 14:53:00', 0, 0, '2026-05-14 08:26:00', '2026-05-14 08:26:00', NULL),
(86, 111, 15, 601, '2026-04-27 10:09:00', '2026-04-27 14:34:00', 0, 0, '2026-04-27 10:09:00', '2026-04-27 10:09:00', NULL),
(87, 112, 13, 180, '2026-04-28 10:09:00', '2026-04-28 15:42:00', 0, 0, '2026-04-28 10:09:00', '2026-04-28 10:09:00', NULL),
(88, 113, 14, 112, '2026-05-06 09:10:00', '2026-05-06 14:12:00', 0, 0, '2026-05-06 09:10:00', '2026-05-06 09:10:00', NULL),
(89, 115, 13, 291, '2026-05-15 10:15:00', '2026-05-15 15:07:00', 1, 0, '2026-05-15 10:15:00', '2026-05-15 10:15:00', NULL),
(90, 117, 19, 475, '2026-04-27 08:22:00', '2026-04-27 15:05:00', 1, 0, '2026-04-27 08:22:00', '2026-04-27 08:22:00', NULL),
(91, 118, 18, 136, '2026-04-28 09:01:00', '2026-04-28 15:35:00', 0, 0, '2026-04-28 09:01:00', '2026-04-28 09:01:00', NULL),
(92, 119, 8, 407, '2026-05-06 09:00:00', '2026-05-06 16:54:00', 0, 0, '2026-05-06 09:00:00', '2026-05-06 09:00:00', NULL),
(93, 121, 20, 172, '2026-05-15 10:26:00', '2026-05-15 15:30:00', 0, 0, '2026-05-15 10:26:00', '2026-05-15 10:26:00', NULL),
(94, 123, 17, 128, '2026-04-27 09:15:00', '2026-04-27 15:57:00', 0, 0, '2026-04-27 09:15:00', '2026-04-27 09:15:00', NULL),
(95, 124, 21, 688, '2026-04-28 10:12:00', '2026-04-28 14:30:00', 1, 0, '2026-04-28 10:12:00', '2026-04-28 10:12:00', NULL),
(96, 125, 8, 317, '2026-05-06 08:07:00', '2026-05-06 15:39:00', 0, 0, '2026-05-06 08:07:00', '2026-05-06 08:07:00', NULL),
(97, 127, 19, 258, '2026-04-27 10:24:00', '2026-04-27 16:22:00', 1, 0, '2026-04-27 10:24:00', '2026-04-27 10:24:00', NULL),
(98, 128, 19, 210, '2026-04-28 09:29:00', '2026-04-28 14:09:00', 0, 0, '2026-04-28 09:29:00', '2026-04-28 09:29:00', NULL),
(99, 129, 21, 136, '2026-05-06 08:27:00', '2026-05-06 14:28:00', 1, 0, '2026-05-06 08:27:00', '2026-05-06 08:27:00', NULL);


-- ------------------------------------------------------------
--  Table: `comments` (78 rows)
-- ------------------------------------------------------------
TRUNCATE TABLE `comments`;
INSERT INTO `comments` (`id`, `task_id`, `subtask_id`, `user_id`, `parent_id`, `content`, `mentions`, `attachments`, `is_resolved`, `edited_at`, `created_at`, `updated_at`) VALUES
(1, 1, NULL, 2, NULL, 'Documentation sudah di-update di Confluence.', NULL, NULL, 0, NULL, '2026-05-05 08:30:59', '2026-05-05 08:30:59'),
(2, 1, NULL, 6, NULL, 'Butuh klarifikasi dari tim business terkait requirement.', NULL, NULL, 0, NULL, '2026-05-08 11:21:32', '2026-05-08 11:21:32'),
(3, 1, NULL, 4, NULL, 'Bug minor ditemukan di edge case. Sedang diperbaiki.', NULL, NULL, 0, NULL, '2026-04-29 16:54:43', '2026-04-29 16:54:43'),
(4, 2, NULL, 5, NULL, 'UI sudah sesuai mockup. Tinggal integration testing.', NULL, NULL, 0, NULL, '2026-05-06 08:44:39', '2026-05-06 08:44:39'),
(5, 2, NULL, 6, NULL, 'Deploy ke staging berhasil. Silakan di-test.', NULL, NULL, 0, NULL, '2026-05-15 13:47:14', '2026-05-15 13:47:14'),
(6, 2, NULL, 5, 4, 'Integrasi dengan SAP sudah berhasil di sandbox.', NULL, NULL, 0, NULL, '2026-05-18 09:34:58', '2026-05-18 09:34:58'),
(7, 2, NULL, 4, NULL, 'Bug minor ditemukan di edge case. Sedang diperbaiki.', NULL, NULL, 0, NULL, '2026-04-30 16:29:18', '2026-04-30 16:29:18'),
(8, 3, NULL, 4, NULL, 'Sprint review kemarin feedback-nya positif dari stakeholder.', NULL, NULL, 0, NULL, '2026-05-06 15:12:30', '2026-05-06 15:12:30'),
(9, 3, NULL, 3, 8, 'Blocker: menunggu akses credentials dari pihak ketiga.', NULL, NULL, 0, NULL, '2026-05-06 08:52:00', '2026-05-06 08:52:00'),
(10, 4, NULL, 5, NULL, 'API endpoint sudah ready untuk di-consume frontend.', NULL, NULL, 0, NULL, '2026-05-04 15:55:54', '2026-05-04 15:55:54'),
(11, 4, NULL, 2, NULL, 'Sudah progress 61%. Estimasi selesai hari 2026-05-13.', NULL, NULL, 0, NULL, '2026-05-11 14:21:25', '2026-05-11 14:21:25'),
(12, 4, NULL, 2, NULL, 'Performance test done. Response time < 200ms.', NULL, NULL, 0, NULL, '2026-05-01 11:27:49', '2026-05-01 11:27:49'),
(13, 4, NULL, 2, 10, 'Blocker: menunggu akses credentials dari pihak ketiga.', NULL, NULL, 0, NULL, '2026-05-05 14:03:35', '2026-05-05 14:03:35'),
(14, 5, NULL, 2, NULL, 'API endpoint sudah ready untuk di-consume frontend.', NULL, NULL, 0, NULL, '2026-05-06 13:15:54', '2026-05-06 13:15:54'),
(15, 5, NULL, 2, 14, 'Butuh klarifikasi dari tim business terkait requirement.', NULL, NULL, 0, NULL, '2026-04-28 11:56:10', '2026-04-28 11:56:10'),
(16, 5, NULL, 2, NULL, 'Integrasi dengan SAP sudah berhasil di sandbox.', NULL, NULL, 0, NULL, '2026-05-01 10:47:27', '2026-05-01 10:47:27'),
(17, 6, NULL, 8, NULL, 'Security review passed. No critical findings.', NULL, NULL, 0, NULL, '2026-05-06 14:46:06', '2026-05-06 14:46:06'),
(18, 6, NULL, 1, 17, 'Perlu refactor module ini supaya lebih maintainable.', NULL, NULL, 0, NULL, '2026-05-11 09:49:31', '2026-05-11 09:49:31'),
(19, 6, NULL, 9, NULL, 'API endpoint sudah ready untuk di-consume frontend.', NULL, NULL, 0, NULL, '2026-05-05 14:36:50', '2026-05-05 14:36:50'),
(20, 7, NULL, 2, NULL, 'API endpoint sudah ready untuk di-consume frontend.', NULL, NULL, 0, NULL, '2026-05-05 10:42:45', '2026-05-05 10:42:45'),
(21, 7, NULL, 2, 20, 'Documentation sudah di-update di Confluence.', NULL, NULL, 0, NULL, '2026-05-13 14:34:46', '2026-05-13 14:34:46'),
(22, 8, NULL, 10, NULL, 'Butuh klarifikasi dari tim business terkait requirement.', NULL, NULL, 0, NULL, '2026-05-08 15:02:17', '2026-05-08 15:02:17'),
(23, 8, NULL, 1, 22, 'API endpoint sudah ready untuk di-consume frontend.', NULL, NULL, 0, NULL, '2026-05-21 15:51:29', '2026-05-21 15:51:29'),
(24, 8, NULL, 8, 22, 'Documentation sudah di-update di Confluence.', NULL, NULL, 0, NULL, '2026-04-27 16:54:25', '2026-04-27 16:54:25'),
(25, 9, NULL, 8, NULL, 'API endpoint sudah ready untuk di-consume frontend.', NULL, NULL, 0, NULL, '2026-05-04 13:43:09', '2026-05-04 13:43:09'),
(26, 9, NULL, 2, 25, 'Blocker: menunggu akses credentials dari pihak ketiga.', NULL, NULL, 0, NULL, '2026-05-15 13:26:27', '2026-05-15 13:26:27'),
(27, 9, NULL, 1, 25, 'API endpoint sudah ready untuk di-consume frontend.', NULL, NULL, 0, NULL, '2026-05-06 11:46:14', '2026-05-06 11:46:14'),
(28, 9, NULL, 10, NULL, 'Documentation sudah di-update di Confluence.', NULL, NULL, 0, NULL, '2026-05-11 16:29:02', '2026-05-11 16:29:02'),
(29, 10, NULL, 10, NULL, 'Butuh klarifikasi dari tim business terkait requirement.', NULL, NULL, 0, NULL, '2026-05-21 08:21:19', '2026-05-21 08:21:19'),
(30, 10, NULL, 2, NULL, 'Deploy ke staging berhasil. Silakan di-test.', NULL, NULL, 0, NULL, '2026-05-01 14:13:17', '2026-05-01 14:13:17'),
(31, 10, NULL, 9, NULL, 'Sprint review kemarin feedback-nya positif dari stakeholder.', NULL, NULL, 0, NULL, '2026-05-20 16:36:01', '2026-05-20 16:36:01'),
(32, 10, NULL, 7, NULL, 'Blocker: menunggu akses credentials dari pihak ketiga.', NULL, NULL, 0, NULL, '2026-05-20 13:37:34', '2026-05-20 13:37:34'),
(33, 11, NULL, 8, NULL, 'UI sudah sesuai mockup. Tinggal integration testing.', NULL, NULL, 0, NULL, '2026-05-01 13:51:49', '2026-05-01 13:51:49'),
(34, 11, NULL, 7, NULL, 'Bug minor ditemukan di edge case. Sedang diperbaiki.', NULL, NULL, 0, NULL, '2026-05-12 15:20:24', '2026-05-12 15:20:24'),
(35, 12, NULL, 16, NULL, 'Deploy ke staging berhasil. Silakan di-test.', NULL, NULL, 0, NULL, '2026-05-08 13:29:56', '2026-05-08 13:29:56'),
(36, 12, NULL, 12, 35, 'Documentation sudah di-update di Confluence.', NULL, NULL, 0, NULL, '2026-05-21 11:07:46', '2026-05-21 11:07:46'),
(37, 12, NULL, 14, NULL, 'Performance test done. Response time < 200ms.', NULL, NULL, 0, NULL, '2026-05-14 11:09:07', '2026-05-14 11:09:07'),
(38, 13, NULL, 15, NULL, 'Documentation sudah di-update di Confluence.', NULL, NULL, 0, NULL, '2026-04-27 10:28:39', '2026-04-27 10:28:39'),
(39, 13, NULL, 16, 38, 'UI sudah sesuai mockup. Tinggal integration testing.', NULL, NULL, 0, NULL, '2026-04-29 09:00:26', '2026-04-29 09:00:26'),
(40, 13, NULL, 13, 38, 'Deploy ke staging berhasil. Silakan di-test.', NULL, NULL, 0, NULL, '2026-04-29 10:23:27', '2026-04-29 10:23:27'),
(41, 14, NULL, 11, NULL, 'Meeting sync dengan vendor dijadwalkan besok jam 10.', NULL, NULL, 0, NULL, '2026-04-28 08:20:29', '2026-04-28 08:20:29'),
(42, 14, NULL, 13, 41, 'Perlu refactor module ini supaya lebih maintainable.', NULL, NULL, 0, NULL, '2026-05-18 11:17:05', '2026-05-18 11:17:05'),
(43, 15, NULL, 1, NULL, 'Sprint review kemarin feedback-nya positif dari stakeholder.', NULL, NULL, 0, NULL, '2026-04-28 13:59:02', '2026-04-28 13:59:02'),
(44, 15, NULL, 14, NULL, 'Bug minor ditemukan di edge case. Sedang diperbaiki.', NULL, NULL, 0, NULL, '2026-05-12 13:52:40', '2026-05-12 13:52:40'),
(45, 15, NULL, 15, 43, 'Sudah progress 59%. Estimasi selesai hari 2026-05-20.', NULL, NULL, 0, NULL, '2026-05-18 10:52:34', '2026-05-18 10:52:34'),
(46, 16, NULL, 11, NULL, 'Butuh klarifikasi dari tim business terkait requirement.', NULL, NULL, 0, NULL, '2026-05-05 13:47:10', '2026-05-05 13:47:10'),
(47, 16, NULL, 16, NULL, 'Bug minor ditemukan di edge case. Sedang diperbaiki.', NULL, NULL, 0, NULL, '2026-05-01 10:27:18', '2026-05-01 10:27:18'),
(48, 16, NULL, 2, 46, 'Blocker: menunggu akses credentials dari pihak ketiga.', NULL, NULL, 0, NULL, '2026-05-04 14:28:36', '2026-05-04 14:28:36'),
(49, 17, NULL, 16, NULL, 'Bug minor ditemukan di edge case. Sedang diperbaiki.', NULL, NULL, 0, NULL, '2026-05-04 13:11:18', '2026-05-04 13:11:18'),
(50, 17, NULL, 13, 49, 'Meeting sync dengan vendor dijadwalkan besok jam 10.', NULL, NULL, 0, NULL, '2026-04-30 14:41:52', '2026-04-30 14:41:52'),
(51, 17, NULL, 1, 49, 'Documentation sudah di-update di Confluence.', NULL, NULL, 0, NULL, '2026-05-15 14:59:25', '2026-05-15 14:59:25'),
(52, 17, NULL, 12, NULL, 'Deploy ke staging berhasil. Silakan di-test.', NULL, NULL, 0, NULL, '2026-05-21 11:48:22', '2026-05-21 11:48:22'),
(53, 18, NULL, 11, NULL, 'Blocker: menunggu akses credentials dari pihak ketiga.', NULL, NULL, 0, NULL, '2026-04-30 08:02:59', '2026-04-30 08:02:59'),
(54, 18, NULL, 16, 53, 'UI sudah sesuai mockup. Tinggal integration testing.', NULL, NULL, 0, NULL, '2026-05-18 13:34:28', '2026-05-18 13:34:28'),
(55, 18, NULL, 11, NULL, 'Sudah progress 41%. Estimasi selesai hari 2026-05-11.', NULL, NULL, 0, NULL, '2026-05-07 11:10:53', '2026-05-07 11:10:53'),
(56, 19, NULL, 1, NULL, 'Unit test coverage sudah di atas 80%.', NULL, NULL, 0, NULL, '2026-05-05 11:58:24', '2026-05-05 11:58:24'),
(57, 19, NULL, 14, NULL, 'Meeting sync dengan vendor dijadwalkan besok jam 10.', NULL, NULL, 0, NULL, '2026-05-05 16:47:33', '2026-05-05 16:47:33'),
(58, 20, NULL, 12, NULL, 'UI sudah sesuai mockup. Tinggal integration testing.', NULL, NULL, 0, NULL, '2026-05-11 11:19:44', '2026-05-11 11:19:44'),
(59, 20, NULL, 1, NULL, 'Deploy ke staging berhasil. Silakan di-test.', NULL, NULL, 0, NULL, '2026-04-30 14:28:13', '2026-04-30 14:28:13'),
(60, 20, NULL, 14, 58, 'Butuh klarifikasi dari tim business terkait requirement.', NULL, NULL, 0, NULL, '2026-04-30 11:04:44', '2026-04-30 11:04:44'),
(61, 20, NULL, 14, NULL, 'Perlu refactor module ini supaya lebih maintainable.', NULL, NULL, 0, NULL, '2026-05-08 08:37:54', '2026-05-08 08:37:54'),
(62, 21, NULL, 13, NULL, 'UI sudah sesuai mockup. Tinggal integration testing.', NULL, NULL, 0, NULL, '2026-05-14 14:40:42', '2026-05-14 14:40:42'),
(63, 21, NULL, 1, 62, 'Unit test coverage sudah di atas 80%.', NULL, NULL, 0, NULL, '2026-05-04 08:23:39', '2026-05-04 08:23:39'),
(64, 21, NULL, 15, NULL, 'UI sudah sesuai mockup. Tinggal integration testing.', NULL, NULL, 0, NULL, '2026-05-05 10:36:18', '2026-05-05 10:36:18'),
(65, 22, NULL, 2, NULL, 'Butuh klarifikasi dari tim business terkait requirement.', NULL, NULL, 0, NULL, '2026-05-07 10:50:50', '2026-05-07 10:50:50'),
(66, 22, NULL, 14, NULL, 'Sprint review kemarin feedback-nya positif dari stakeholder.', NULL, NULL, 0, NULL, '2026-05-18 13:40:02', '2026-05-18 13:40:02'),
(67, 22, NULL, 14, NULL, 'Performance test done. Response time < 200ms.', NULL, NULL, 0, NULL, '2026-04-29 13:36:15', '2026-04-29 13:36:15'),
(68, 22, NULL, 14, 65, 'Integrasi dengan SAP sudah berhasil di sandbox.', NULL, NULL, 0, NULL, '2026-04-29 13:25:48', '2026-04-29 13:25:48'),
(69, 23, NULL, 2, NULL, 'Sudah progress 73%. Estimasi selesai hari 2026-05-11.', NULL, NULL, 0, NULL, '2026-05-07 10:49:18', '2026-05-07 10:49:18'),
(70, 23, NULL, 11, 69, 'Security review passed. No critical findings.', NULL, NULL, 0, NULL, '2026-05-15 08:18:26', '2026-05-15 08:18:26'),
(71, 23, NULL, 12, NULL, 'Integrasi dengan SAP sudah berhasil di sandbox.', NULL, NULL, 0, NULL, '2026-05-01 11:53:00', '2026-05-01 11:53:00'),
(72, 24, NULL, 21, NULL, 'Deploy ke staging berhasil. Silakan di-test.', NULL, NULL, 0, NULL, '2026-05-12 14:05:16', '2026-05-12 14:05:16'),
(73, 24, NULL, 20, NULL, 'UI sudah sesuai mockup. Tinggal integration testing.', NULL, NULL, 0, NULL, '2026-05-22 13:25:18', '2026-05-22 13:25:18'),
(74, 25, NULL, 2, NULL, 'Perlu refactor module ini supaya lebih maintainable.', NULL, NULL, 0, NULL, '2026-05-14 15:10:42', '2026-05-14 15:10:42'),
(75, 25, NULL, 18, 74, 'Integrasi dengan SAP sudah berhasil di sandbox.', NULL, NULL, 0, NULL, '2026-05-14 08:10:38', '2026-05-14 08:10:38'),
(76, 26, NULL, 2, NULL, 'API endpoint sudah ready untuk di-consume frontend.', NULL, NULL, 0, NULL, '2026-04-30 13:24:31', '2026-04-30 13:24:31'),
(77, 26, NULL, 8, NULL, 'Bug minor ditemukan di edge case. Sedang diperbaiki.', NULL, NULL, 0, NULL, '2026-05-04 08:45:23', '2026-05-04 08:45:23'),
(78, 26, NULL, 20, 76, 'Documentation sudah di-update di Confluence.', NULL, NULL, 0, NULL, '2026-05-20 09:15:55', '2026-05-20 09:15:55');


-- ------------------------------------------------------------
--  Table: `activities` (26 rows)
-- ------------------------------------------------------------
TRUNCATE TABLE `activities`;
INSERT INTO `activities` (`id`, `workspace_id`, `user_id`, `subject_type`, `subject_id`, `action`, `properties`, `changes`, `created_at`, `updated_at`) VALUES
(1, 1, 1, 'App\\Models\\Task', 1, 'created', '{"name":"Demand Forecasting Engine"}', NULL, '2026-04-27 08:08:00', '2026-04-27 08:13:00'),
(2, 1, 1, 'App\\Models\\Task', 2, 'created', '{"name":"Production Planning Module"}', NULL, '2026-04-27 08:15:00', '2026-04-27 08:30:00'),
(3, 1, 1, 'App\\Models\\Task', 3, 'created', '{"name":"Frame Number Registration System"}', NULL, '2026-04-27 08:13:00', '2026-04-27 08:11:00'),
(4, 1, 1, 'App\\Models\\Task', 4, 'created', '{"name":"Serial Number Scanner Integration"}', NULL, '2026-04-27 08:24:00', '2026-04-27 08:13:00'),
(5, 1, 1, 'App\\Models\\Task', 5, 'created', '{"name":"Promotion Allocation Engine"}', NULL, '2026-04-27 08:16:00', '2026-04-27 08:30:00'),
(6, 1, 1, 'App\\Models\\Task', 6, 'created', '{"name":"Automated MIRO Processing"}', NULL, '2026-04-27 08:16:00', '2026-04-27 08:05:00'),
(7, 1, 1, 'App\\Models\\Task', 7, 'created', '{"name":"Vendor Invoice Portal"}', NULL, '2026-04-27 08:23:00', '2026-04-27 08:19:00'),
(8, 1, 1, 'App\\Models\\Task', 8, 'created', '{"name":"Shipment Bidding Platform"}', NULL, '2026-04-27 08:15:00', '2026-04-27 08:07:00'),
(9, 1, 1, 'App\\Models\\Task', 9, 'created', '{"name":"OCR Invoice Extraction"}', NULL, '2026-04-27 08:10:00', '2026-04-27 08:17:00'),
(10, 1, 1, 'App\\Models\\Task', 10, 'created', '{"name":"Sales Performance Dashboard"}', NULL, '2026-04-27 08:24:00', '2026-04-27 08:14:00'),
(11, 1, 1, 'App\\Models\\Task', 11, 'created', '{"name":"AI Resume Screening Agent"}', NULL, '2026-04-27 08:07:00', '2026-04-27 08:07:00'),
(12, 1, 1, 'App\\Models\\Task', 12, 'created', '{"name":"Catalog UX Redesign"}', NULL, '2026-04-27 08:12:00', '2026-04-27 08:22:00'),
(13, 1, 1, 'App\\Models\\Task', 13, 'created', '{"name":"PAA Integration"}', NULL, '2026-04-27 08:10:00', '2026-04-27 08:13:00'),
(14, 1, 1, 'App\\Models\\Task', 14, 'created', '{"name":"Recommendation Engine"}', NULL, '2026-04-27 08:28:00', '2026-04-27 08:12:00'),
(15, 1, 1, 'App\\Models\\Task', 15, 'created', '{"name":"Upsell\\/Cross-sell Engine"}', NULL, '2026-04-27 08:07:00', '2026-04-27 08:11:00'),
(16, 1, 1, 'App\\Models\\Task', 16, 'created', '{"name":"Realtime Stock Sync"}', NULL, '2026-04-27 08:09:00', '2026-04-27 08:18:00'),
(17, 1, 1, 'App\\Models\\Task', 17, 'created', '{"name":"Bike Fitting Calculator"}', NULL, '2026-04-27 08:15:00', '2026-04-27 08:27:00'),
(18, 1, 1, 'App\\Models\\Task', 18, 'created', '{"name":"Service Booking System"}', NULL, '2026-04-27 08:30:00', '2026-04-27 08:13:00'),
(19, 1, 1, 'App\\Models\\Task', 19, 'created', '{"name":"Click & Collect Flow"}', NULL, '2026-04-27 08:20:00', '2026-04-27 08:21:00'),
(20, 1, 1, 'App\\Models\\Task', 20, 'created', '{"name":"AI Description Generator"}', NULL, '2026-04-27 08:20:00', '2026-04-27 08:15:00'),
(21, 1, 1, 'App\\Models\\Task', 21, 'created', '{"name":"Referral System Revamp"}', NULL, '2026-04-27 08:29:00', '2026-04-27 08:08:00'),
(22, 1, 1, 'App\\Models\\Task', 22, 'created', '{"name":"NPS Survey System"}', NULL, '2026-04-27 08:09:00', '2026-04-27 08:27:00'),
(23, 1, 1, 'App\\Models\\Task', 23, 'created', '{"name":"Test Ride Booking Platform"}', NULL, '2026-04-27 08:15:00', '2026-04-27 08:17:00'),
(24, 1, 1, 'App\\Models\\Task', 24, 'created', '{"name":"AI Chatbot Development"}', NULL, '2026-04-27 08:09:00', '2026-04-27 08:09:00'),
(25, 1, 1, 'App\\Models\\Task', 25, 'created', '{"name":"Search Autocorrect & Suggest"}', NULL, '2026-04-27 08:16:00', '2026-04-27 08:19:00'),
(26, 1, 1, 'App\\Models\\Task', 26, 'created', '{"name":"Dealer-Based Recommendation"}', NULL, '2026-04-27 08:05:00', '2026-04-27 08:20:00');


-- ------------------------------------------------------------
--  Table: `views` (8 rows)
-- ------------------------------------------------------------
TRUNCATE TABLE `views`;
INSERT INTO `views` (`id`, `project_id`, `space_id`, `user_id`, `name`, `type`, `filters`, `sorts`, `columns`, `settings`, `is_default`, `is_private`, `position`, `created_at`, `updated_at`) VALUES
(1, NULL, 1, 1, 'All Tasks', 'list', NULL, NULL, NULL, NULL, 1, 0, 0, '2026-04-25 09:00:00', '2026-04-25 09:00:00'),
(2, NULL, 1, 2, 'Board View', 'board', NULL, NULL, NULL, NULL, 0, 0, 1, '2026-04-25 09:00:00', '2026-04-25 09:00:00'),
(3, NULL, 2, 1, 'All Tasks', 'list', NULL, NULL, NULL, NULL, 1, 0, 0, '2026-04-25 09:00:00', '2026-04-25 09:00:00'),
(4, NULL, 2, 2, 'Board View', 'board', NULL, NULL, NULL, NULL, 0, 0, 1, '2026-04-25 09:00:00', '2026-04-25 09:00:00'),
(5, NULL, 3, 1, 'All Tasks', 'list', NULL, NULL, NULL, NULL, 1, 0, 0, '2026-04-25 09:00:00', '2026-04-25 09:00:00'),
(6, NULL, 3, 2, 'Board View', 'board', NULL, NULL, NULL, NULL, 0, 0, 1, '2026-04-25 09:00:00', '2026-04-25 09:00:00'),
(7, NULL, 4, 1, 'All Tasks', 'list', NULL, NULL, NULL, NULL, 1, 0, 0, '2026-04-25 09:00:00', '2026-04-25 09:00:00'),
(8, NULL, 4, 2, 'Board View', 'board', NULL, NULL, NULL, NULL, 0, 0, 1, '2026-04-25 09:00:00', '2026-04-25 09:00:00');


SET FOREIGN_KEY_CHECKS = 1;

-- End of file